Tickers,Date,Open,High,Low,Close,Volume,Dividends,Stock Splits,Daily Return %
AAPL,2021-07-14 00:00:00-04:00,144.36078433286042,145.79367103404422,143.95137538377713,145.38426208496094,127050800.0,0.0,0.0,
AAPL,2021-07-15 00:00:00-04:00,145.4720070192926,146.21281325196273,143.37628110522587,144.73118591308594,106820300.0,0.0,0.0,-0.45
AAPL,2021-07-16 00:00:00-04:00,144.7116829108476,145.97884856339024,142.1968210625346,142.69393920898438,93251400.0,0.0,0.0,
AAPL,2021-07-19 00:00:00-04:00,140.12058929133983,140.43251704679776,138.0931035014654,138.85340881347656,121434600.0,0.0,0.0,-2.69
AAPL,2021-07-20 00:00:00-04:00,139.83792120496685,143.38601770583355,139.35054523026795,142.45999145507812,96350000.0,0.0,0.0,2.6
AAPL,2021-07-21 00:00:00-04:00,141.8556653977963,142.4405225803077,140.97839449756518,141.72894287109375,74993500.0,0.0,0.0,
AAPL,2021-07-22 00:00:00-04:00,142.2553100922622,144.4582442706814,142.12858757198936,143.09359741210938,77338200.0,0.0,0.0,0.96
AAPL,2021-07-23 00:00:00-04:00,143.8246035150905,144.96506111781187,143.2105052391908,144.80909729003906,71447400.0,0.0,0.0,
AAPL,2021-07-26 00:00:00-04:00,144.52647939059113,146.04709009069717,143.97086362595675,145.22830200195312,72434100.0,0.0,0.0,0.29
AAPL,2021-07-27 00:00:00-04:00,145.35501995009983,145.44275893789174,141.87516288945258,143.06436157226562,104818600.0,0.0,0.0,-1.49
AAPL,2021-07-28 00:00:00-04:00,141.15381301329907,143.25928057886588,138.94112214929507,141.31951904296875,118931200.0,0.0,0.0,-1.22
AAPL,2021-07-29 00:00:00-04:00,141.0368184978404,142.8498571602335,140.92959522149076,141.96282958984375,56699500.0,0.0,0.0,0.46
AAPL,2021-07-30 00:00:00-04:00,140.73467853831747,142.63544169374407,140.47149137109437,142.17730712890625,70440600.0,0.0,0.0,0.15
AAPL,2021-08-02 00:00:00-04:00,142.66470486730785,143.2398049839172,141.58272954059322,141.84591674804688,62880000.0,0.0,0.0,
AAPL,2021-08-03 00:00:00-04:00,142.12855135709023,144.30224361135603,141.51445299043982,143.63941955566406,64786600.0,0.0,0.0,
AAPL,2021-08-04 00:00:00-04:00,143.5517196242508,144.058579914417,142.58670986762564,143.2397918701172,56368300.0,0.0,0.0,
AAPL,2021-08-05 00:00:00-04:00,143.26903344221475,144.107320690727,142.47948676454712,143.34701538085938,46397700.0,0.0,0.0,0.07
AAPL,2021-08-06 00:00:00-04:00,142.8687074712915,143.6106236198985,142.16583326910765,142.6636962890625,54126800.0,0.22,0.0,-0.48
AAPL,2021-08-09 00:00:00-04:00,142.72223685529076,143.21034301067533,142.05841963396023,142.61485290527344,48908700.0,0.0,0.0,-0.03
AAPL,2021-08-10 00:00:00-04:00,142.9565505100319,144.196344465899,141.84366893661831,142.13653564453125,69023100.0,0.0,0.0,
AAPL,2021-08-11 00:00:00-04:00,142.57578725696132,143.22984760890972,142.06815276895088,142.3903045654297,48493500.0,0.0,0.0,
AAPL,2021-08-12 00:00:00-04:00,142.71249604702388,145.50446416374155,142.37081574173467,145.3482666015625,72282600.0,0.0,0.0,2.08
AAPL,2021-08-13 00:00:00-04:00,145.30103817728678,145.75946379823836,144.6182813640554,145.42784118652344,59375000.0,0.0,0.0,
AAPL,2021-08-16 00:00:00-04:00,144.88162714158625,147.46636967362969,142.86261655746753,147.39808654785156,103296000.0,0.0,0.0,
AAPL,2021-08-17 00:00:00-04:00,146.52999034959836,147.9442754116722,145.41806793520456,146.49098205566406,92229700.0,0.0,0.0,-0.62
AAPL,2021-08-18 00:00:00-04:00,146.1105732952071,147.00791279558547,142.55046034897777,142.7552947998047,86326000.0,0.0,0.0,
AAPL,2021-08-19 00:00:00-04:00,141.45804637705135,144.35489926234624,140.94110096897992,143.0869140625,86960300.0,0.0,0.0,
AAPL,2021-08-20 00:00:00-04:00,143.80870914358007,144.84260006919433,143.1649606824682,144.5402374267578,60549600.0,0.0,0.0,1.02
AAPL,2021-08-23 00:00:00-04:00,144.65728343893502,146.49098584387335,144.24762936861552,146.02281188964844,60131800.0,0.0,0.0,1.03
AAPL,2021-08-24 00:00:00-04:00,145.76920152361467,147.1444782861979,145.47658722985506,145.9350128173828,48606400.0,0.0,0.0,-0.06
AAPL,2021-08-25 00:00:00-04:00,146.12032437546637,146.61777310120064,144.15983406027962,144.70603942871094,58991300.0,0.0,0.0,-0.84
AAPL,2021-08-26 00:00:00-04:00,144.69634380228402,145.44736901605114,143.87702056810593,143.90628051757812,48597200.0,0.0,0.0,-0.55
AAPL,2021-08-27 00:00:00-04:00,143.84774439339665,145.08647001894514,143.2137590490284,144.94017028808594,55802400.0,0.0,0.0,0.72
AAPL,2021-08-30 00:00:00-04:00,145.33030665463397,149.70972863585897,144.94991248756867,149.3488311767578,90956700.0,0.0,0.0,
AAPL,2021-08-31 00:00:00-04:00,148.90016654739884,149.03671791602926,147.5638979226051,148.09060668945312,86453100.0,0.0,0.0,-0.84
AAPL,2021-09-01 00:00:00-04:00,149.06598641010868,151.16302859498964,148.58804915099893,148.7538604736328,80313700.0,0.0,0.0,
AAPL,2021-09-02 00:00:00-04:00,150.08038183350413,150.90945341746877,148.64658478729757,149.8657989501953,71115500.0,0.0,0.0,0.75
AAPL,2021-09-03 00:00:00-04:00,149.97309277453053,150.82167596581917,149.3195957587932,150.4998016357422,57808700.0,0.0,0.0,0.42
AAPL,2021-09-07 00:00:00-04:00,151.15326259436534,153.38685589495006,150.58754556278473,152.83090209960938,82278300.0,0.0,0.0,
AAPL,2021-09-08 00:00:00-04:00,153.11379568242873,153.17231558418686,150.18768153063237,151.28985595703125,74420200.0,0.0,0.0,-1.01
AAPL,2021-09-09 00:00:00-04:00,151.66049241202037,152.2652178698881,150.1584122397238,150.2754669189453,57305700.0,0.0,0.0,-0.67
AAPL,2021-09-10 00:00:00-04:00,151.18249570977798,151.650669593774,145.03765581078468,145.30101013183594,140893200.0,0.0,0.0,-3.31
AAPL,2021-09-13 00:00:00-04:00,146.9201475258426,147.69068411470718,145.0864451705449,145.8667449951172,102404300.0,0.0,0.0,0.39
AAPL,2021-09-14 00:00:00-04:00,146.64704249063803,147.34931083330153,143.29176371635268,144.47195434570312,109296300.0,0.0,0.0,-0.96
AAPL,2021-09-15 00:00:00-04:00,144.9011324843855,145.75946384011283,142.76506733146184,145.35955810546875,83281300.0,0.0,0.0,0.61
AAPL,2021-09-16 00:00:00-04:00,144.7840715894616,145.30101702156867,143.5941177955223,145.1254425048828,68034100.0,0.0,0.0,-0.16
AAPL,2021-09-17 00:00:00-04:00,145.15472586644688,145.15472586644688,142.17007797103764,142.4626922607422,129868800.0,0.0,0.0,-1.83
AAPL,2021-09-20 00:00:00-04:00,140.2583754550107,141.27275491051466,137.79068761664803,139.4195556640625,123478900.0,0.0,0.0,-2.14
AAPL,2021-09-21 00:00:00-04:00,140.3851770808151,141.03868891632874,139.26350609481372,139.89749145507812,75834000.0,0.0,0.0,0.34
AAPL,2021-09-22 00:00:00-04:00,140.89237536058963,142.82360628582634,140.16084691647131,142.25790405273438,76404300.0,0.0,0.0,1.69
AAPL,2021-09-23 00:00:00-04:00,143.03817057425258,143.457587900221,142.0530510886709,143.2137451171875,64838200.0,0.0,0.0,0.67
AAPL,2021-09-24 00:00:00-04:00,142.07256662788618,143.83798604484667,141.97502355876833,143.30152893066406,53477900.0,0.0,0.0,0.06
AAPL,2021-09-27 00:00:00-04:00,141.88723117083788,142.3651683544505,140.2778748536838,141.78968811035156,74150700.0,0.0,0.0,-1.06
AAPL,2021-09-28 00:00:00-04:00,139.72197231160487,141.18502961329708,138.20039509912314,138.41497802734375,108972300.0,0.0,0.0,-2.38
AAPL,2021-09-29 00:00:00-04:00,138.96112166840754,140.89235227723765,138.53195600356045,139.312255859375,74602000.0,0.0,0.0,0.65
AAPL,2021-09-30 00:00:00-04:00,140.12185084081975,140.8241193990878,137.8004622797123,138.01504516601562,89056700.0,0.0,0.0,-0.93
AAPL,2021-10-01 00:00:00-04:00,138.4052054075168,139.4000884724836,135.6839255592985,139.13673400878906,94639600.0,0.0,0.0,0.81
AAPL,2021-10-04 00:00:00-04:00,138.26860229461653,138.7075311976416,134.86456666800945,135.713134765625,98322000.0,0.0,0.0,-2.46
AAPL,2021-10-05 00:00:00-04:00,136.0545166576062,138.73678711480215,135.9277136552574,137.63461303710938,80861100.0,0.0,0.0,1.42
AAPL,2021-10-06 00:00:00-04:00,136.035013031244,138.64900052233625,134.96209883237336,138.50270080566406,83221100.0,0.0,0.0,0.63
AAPL,2021-10-07 00:00:00-04:00,139.5365636274982,140.66799748439982,139.20494108139994,139.76089477539062,61732700.0,0.0,0.0,0.91
AAPL,2021-10-08 00:00:00-04:00,140.48272854170557,140.62902828496263,139.048931525846,139.38055419921875,58773200.0,0.0,0.0,-0.27
AAPL,2021-10-11 00:00:00-04:00,138.76606124094116,141.2434974770439,138.31738395190774,139.29275512695312,64452200.0,0.0,0.0,-0.06
AAPL,2021-10-12 00:00:00-04:00,139.70242001460875,139.72193160685052,137.56635459515326,138.0247802734375,73035900.0,0.0,0.0,-0.91
AAPL,2021-10-13 00:00:00-04:00,137.7614036307742,137.91745167770748,135.7716384818284,137.4395294189453,78762700.0,0.0,0.0,-0.42
AAPL,2021-10-14 00:00:00-04:00,138.61000380183043,140.33641501765865,138.02477512030043,140.2193603515625,69907100.0,0.0,0.0,2.02
AAPL,2021-10-15 00:00:00-04:00,140.2291266309253,141.33128600610704,139.97552058470157,141.27276611328125,67940300.0,0.0,0.0,0.75
AAPL,2021-10-18 00:00:00-04:00,139.91698682828363,143.22349439217342,139.63413574665708,142.94064331054688,85589200.0,0.0,0.0,1.18
AAPL,2021-10-19 00:00:00-04:00,143.38929207620686,145.4960971069184,142.94062972963636,145.09619140625,76378900.0,0.0,0.0,1.51
AAPL,2021-10-20 00:00:00-04:00,145.03764175367826,146.06178411808008,144.47192487731363,145.58384704589844,58418800.0,0.0,0.0,0.34
AAPL,2021-10-21 00:00:00-04:00,145.14494989927837,145.95450958049068,144.22809881735165,145.79844665527344,61421000.0,0.0,0.0,0.15
AAPL,2021-10-22 00:00:00-04:00,146.0033099939033,146.481232332848,144.97916730862042,145.02793884277344,58883400.0,0.0,0.0,-0.53
AAPL,2021-10-25 00:00:00-04:00,145.0181647887637,145.69117321411855,143.98427382696465,144.97915649414062,50720600.0,0.0,0.0,-0.03
AAPL,2021-10-26 00:00:00-04:00,145.6521586308098,147.12496353769075,145.34003275537546,145.6424102783203,60893400.0,0.0,0.0,0.46
AAPL,2021-10-27 00:00:00-04:00,145.68142436893194,146.04230690415662,144.83285629616836,145.18399047851562,56094900.0,0.0,0.0,-0.31
AAPL,2021-10-28 00:00:00-04:00,146.13012235133445,149.39760698679012,146.0325792767904,148.81239318847656,100077900.0,0.0,0.0,2.5
AAPL,2021-10-29 00:00:00-04:00,143.59410645366754,146.2471165175258,142.80405839843382,146.11056518554688,124953200.0,0.0,0.0,-1.82
AAPL,2021-11-01 00:00:00-04:00,145.3205502265068,146.01305539533712,144.15985619885288,145.29129028320312,74588300.0,0.0,0.0,-0.56
AAPL,2021-11-02 00:00:00-04:00,144.99868985144568,147.8370236875447,144.98892661408803,146.3251953125,69122000.0,0.0,0.0,0.71
AAPL,2021-11-03 00:00:00-04:00,146.6860731609645,148.2271614322934,146.13011931995035,147.7589874267578,54511500.0,0.0,0.0,0.98
AAPL,2021-11-04 00:00:00-04:00,147.84677558220335,148.6758322133497,146.92992422765454,147.24205017089844,60394600.0,0.0,0.0,-0.35
AAPL,2021-11-05 00:00:00-04:00,148.36534609443586,148.66815006608644,146.57781000839395,147.76950073242188,65463900.0,0.22,0.0,0.36
AAPL,2021-11-08 00:00:00-05:00,147.89649723038997,148.0527879681065,146.67550378830177,146.94900512695312,55020900.0,0.0,0.0,-0.56
AAPL,2021-11-09 00:00:00-05:00,146.71457936674102,147.9160328251653,146.57782868777164,147.3104248046875,56787900.0,0.0,0.0,0.25
AAPL,2021-11-10 00:00:00-05:00,146.53871644786318,146.64616444006643,144.41907415140022,144.48744201660156,65187100.0,0.0,0.0,-1.92
AAPL,2021-11-11 00:00:00-05:00,145.50331597045192,145.96239567531134,144.25300529217714,144.4385986328125,41000000.0,0.0,0.0,-0.03
AAPL,2021-11-12 00:00:00-05:00,144.9856329096499,146.9099196974308,144.0576809080353,146.5094451904297,63804000.0,0.0,0.0,1.43
AAPL,2021-11-15 00:00:00-05:00,146.88058950641502,148.35555879375588,145.96240025846288,146.51918029785156,59222800.0,0.0,0.0,0.01
AAPL,2021-11-16 00:00:00-05:00,146.4606021824879,147.97463697406297,145.87451939068316,147.49600219726562,59256200.0,0.0,0.0,0.67
AAPL,2021-11-17 00:00:00-05:00,147.49599850722544,151.40317727562876,147.48623592599793,149.92822265625,88807000.0,0.0,0.0,1.65
AAPL,2021-11-18 00:00:00-05:00,150.1431040324191,154.98799688592075,149.4984160214015,154.20655822753906,137827700.0,0.0,0.0,2.85
AAPL,2021-11-19 00:00:00-05:00,153.9916581394781,157.28346597858675,152.89765298958213,156.82437133789062,117305600.0,0.0,0.0,1.7
AAPL,2021-11-22 00:00:00-05:00,157.92813559947206,161.85485386154411,157.26392246010866,157.28346252441406,117467900.0,0.0,0.0,0.29
AAPL,2021-11-23 00:00:00-05:00,157.38121084007977,158.04543921251548,155.3690154582261,157.66448974609375,96041900.0,0.0,0.0,0.24
AAPL,2021-11-24 00:00:00-05:00,157.01975602804134,158.37750013405517,155.9355132595911,158.18214416503906,69463600.0,0.0,0.0,0.33
AAPL,2021-11-26 00:00:00-05:00,155.867151508964,156.72672078738918,152.73163368073872,153.1711883544922,76959800.0,0.0,0.0,-3.17
AAPL,2021-11-29 00:00:00-05:00,155.67176964553224,157.44954318891868,155.10522691977297,156.52159118652344,88748200.0,0.0,0.0,2.19
AAPL,2021-11-30 00:00:00-05:00,156.27737994661885,161.67905311784355,156.20899716750552,161.4641571044922,174048100.0,0.0,0.0,3.16
AAPL,2021-12-01 00:00:00-05:00,163.59354652559932,166.3481143018466,160.7120055934647,160.94644165039062,152052500.0,0.0,0.0,-0.32
AAPL,2021-12-02 00:00:00-05:00,155.05637149837315,160.38966136948252,154.13818224096923,159.95986938476562,136739200.0,0.0,0.0,-0.61
AAPL,2021-12-03 00:00:00-05:00,160.21386222018816,161.13205157338396,156.01364225594332,158.08444213867188,118023100.0,0.0,0.0,-1.17
AAPL,2021-12-06 00:00:00-05:00,160.47759138079394,163.98429560873123,160.4678287996897,161.48370361328125,107497000.0,0.0,0.0,2.15
AAPL,2021-12-07 00:00:00-05:00,165.15644279486372,167.598429443289,164.4336093812365,167.20770263671875,120405400.0,0.0,0.0,3.54
AAPL,2021-12-08 00:00:00-05:00,168.13568563195315,171.8768113251432,166.73886138447926,171.01722717285156,116998900.0,0.0,0.0,2.28
AAPL,2021-12-09 00:00:00-05:00,170.85119202317716,172.64849098301357,169.88415974900647,170.50930786132812,108923700.0,0.0,0.0,-0.3
AAPL,2021-12-10 00:00:00-05:00,171.14419733842757,175.46162790674452,170.63625994665398,175.28579711914062,115402700.0,0.0,0.0,2.8
AAPL,2021-12-13 00:00:00-05:00,176.91705651666257,177.90362873179458,171.45677755961725,171.6619110107422,153237000.0,0.0,0.0,-2.07
AAPL,2021-12-14 00:00:00-05:00,171.18327152968024,173.6154957034132,168.21382219359762,170.2846221923828,139380400.0,0.0,0.0,-0.8
AAPL,2021-12-15 00:00:00-05:00,171.0465102933484,175.33463817394934,168.31148231582245,175.1392822265625,131063300.0,0.0,0.0,2.85
AAPL,2021-12-16 00:00:00-05:00,175.11973661793166,176.9365751900634,166.78767978084602,168.26263427734375,150185800.0,0.0,0.0,-3.93
AAPL,2021-12-17 00:00:00-05:00,165.98668171971096,169.44454258569772,165.75226057944147,167.16860961914062,195432700.0,0.0,0.0,-0.65
AAPL,2021-12-20 00:00:00-05:00,164.37497819410103,166.6216085377041,163.57401445003114,165.8108673095703,107499100.0,0.0,0.0,-0.81
AAPL,2021-12-21 00:00:00-05:00,167.57889907243998,169.18084181030284,165.1955175809284,168.97572326660156,91185900.0,0.0,0.0,1.91
AAPL,2021-12-22 00:00:00-05:00,169.02453697313442,171.77910499631244,168.15519034473417,171.564208984375,92135300.0,0.0,0.0,1.53
AAPL,2021-12-23 00:00:00-05:00,171.76934702247985,172.74614168304623,171.2028043307869,172.18936157226562,68356600.0,0.0,0.0,0.36
AAPL,2021-12-27 00:00:00-05:00,172.98052067180626,176.23324788670124,172.96099551474387,176.1453399658203,74919600.0,0.0,0.0,2.3
AAPL,2021-12-28 00:00:00-05:00,175.9793381325386,177.12218615208815,174.38715798933583,175.1295166015625,79144300.0,0.0,0.0,-0.58
AAPL,2021-12-29 00:00:00-05:00,175.16857977375096,176.43841575185178,174.0061917992903,175.21742248535156,62348900.0,0.0,0.0,0.05
AAPL,2021-12-30 00:00:00-05:00,175.30532209148024,176.3798020768136,173.95734081982604,174.06478881835938,59773000.0,0.0,0.0,-0.66
AAPL,2021-12-31 00:00:00-05:00,173.95733955389892,175.07088475573076,173.14659828081136,173.4494171142578,64062300.0,0.0,0.0,-0.35
AAPL,2022-01-03 00:00:00-05:00,173.70338274431063,178.63619837680892,173.5861721636794,177.786376953125,104487900.0,0.0,0.0,2.5
AAPL,2022-01-04 00:00:00-05:00,178.39201490568885,178.69481886787932,174.96345608354855,175.52999877929688,99310400.0,0.0,0.0,-1.27
AAPL,2022-01-05 00:00:00-05:00,175.44210103848545,175.9891036993743,170.58743006603996,170.86093139648438,94537600.0,0.0,0.0,-2.66
AAPL,2022-01-06 00:00:00-05:00,168.69243553501073,171.23210762394186,167.65703557565845,168.00868225097656,96904000.0,0.0,0.0,-1.67
AAPL,2022-01-07 00:00:00-05:00,168.8780217142409,170.09901499255682,167.06118311991872,168.1747283935547,86709100.0,0.0,0.0,0.1
AAPL,2022-01-10 00:00:00-05:00,165.1564429133354,168.4970788622131,164.2675561955421,168.19427490234375,106765600.0,0.0,0.0,0.01
AAPL,2022-01-11 00:00:00-05:00,168.3212790198075,171.1148977053451,166.85608689005863,171.01722717285156,76138300.0,0.0,0.0,1.68
AAPL,2022-01-12 00:00:00-05:00,172.03310776443337,173.06850794205806,170.76328635698084,171.45680236816406,74805200.0,0.0,0.0,0.26
AAPL,2022-01-13 00:00:00-05:00,171.70096415486904,172.52146809219963,167.80354809549323,168.19427490234375,84505800.0,0.0,0.0,-1.9
AAPL,2022-01-14 00:00:00-05:00,167.36402819909668,169.74741004885496,167.11982948341992,169.05389404296875,80440800.0,0.0,0.0,0.51
AAPL,2022-01-18 00:00:00-05:00,167.53003637041928,168.53613361538314,165.47877665458643,165.85972595214844,90956700.0,0.0,0.0,-1.89
AAPL,2022-01-19 00:00:00-05:00,166.0551095373263,167.11004966883394,162.08932518842298,162.37258911132812,94815000.0,0.0,0.0,-2.1
AAPL,2022-01-20 00:00:00-05:00,163.10515822088573,165.74250066133902,160.3701303584997,160.69247436523438,91420500.0,0.0,0.0,-1.03
AAPL,2022-01-21 00:00:00-05:00,160.60460283678086,162.47028452383861,158.5338025837486,158.64125061035156,122848900.0,0.0,0.0,-1.28
AAPL,2022-01-24 00:00:00-05:00,156.30670516297684,158.53379607319022,151.11014976934194,157.86956787109375,162294600.0,0.0,0.0,-0.49
AAPL,2022-01-25 00:00:00-05:00,155.29081165334586,158.98309429431202,153.37630245676536,156.07225036621094,115798400.0,0.0,0.0,-1.14
AAPL,2022-01-26 00:00:00-05:00,159.70588295154988,160.57522936347738,154.15769796412494,155.9842987060547,108275300.0,0.0,0.0,-0.06
AAPL,2022-01-27 00:00:00-05:00,158.68028043462846,160.03802433796415,154.60704872462142,155.52523803710938,121954600.0,0.0,0.0,-0.29
AAPL,2022-01-28 00:00:00-05:00,161.86465470605705,166.39698147337538,159.0221785798324,166.37744140625,179935700.0,0.0,0.0,6.98
AAPL,2022-01-31 00:00:00-05:00,166.21138037947398,170.93906288440527,165.576454917367,170.7241668701172,115541600.0,0.0,0.0,2.61
AAPL,2022-02-01 00:00:00-05:00,169.97202274767105,170.78276405312576,168.31147491088436,170.55810546875,86213900.0,0.0,0.0,-0.1
AAPL,2022-02-02 00:00:00-05:00,170.69483434355706,171.7986168687593,169.30778797894317,171.75953674316406,84914300.0,0.0,0.0,0.7
AAPL,2022-02-03 00:00:00-05:00,170.43115497753465,172.1503233892282,168.1259186202505,168.8878173828125,89418100.0,0.0,0.0,-1.67
AAPL,2022-02-04 00:00:00-05:00,167.90974218054592,170.27660988825676,166.93170310002452,168.60415649414062,82465400.0,0.22,0.0,-0.17
AAPL,2022-02-07 00:00:00-05:00,169.06382633955357,170.129885294368,167.19576822143142,167.8901824951172,77251200.0,0.0,0.0,-0.42
AAPL,2022-02-08 00:00:00-05:00,167.9586729996618,171.499185164809,167.66525824555538,170.9906005859375,74829200.0,0.0,0.0,1.85
AAPL,2022-02-09 00:00:00-05:00,172.18379236064646,172.77060688626915,171.05903840340724,172.4087371826172,71285000.0,0.0,0.0,0.83
AAPL,2022-02-10 00:00:00-05:00,170.31573108381698,171.62629991772872,167.78261335475796,168.340087890625,90865900.0,0.0,0.0,-2.36
AAPL,2022-02-11 00:00:00-05:00,168.54547473503922,169.27900403758753,164.34967876719554,164.93650817871094,98670700.0,0.0,0.0,-2.02
AAPL,2022-02-14 00:00:00-05:00,163.69440078491326,165.85587378073802,162.90219149496014,165.17124938964844,86185500.0,0.0,0.0,0.14
AAPL,2022-02-15 00:00:00-05:00,167.21536820889426,169.15188170406051,166.51117876998032,168.99539184570312,62527400.0,0.0,0.0,2.32
AAPL,2022-02-16 00:00:00-05:00,168.07605663944543,169.53332561896576,166.3155829464961,168.76068115234375,61177400.0,0.0,0.0,-0.14
AAPL,2022-02-17 00:00:00-05:00,167.274027503072,168.13470669398032,164.77024977354867,165.17124938964844,69589300.0,0.0,0.0,-2.13
AAPL,2022-02-18 00:00:00-05:00,166.09060878011084,166.7947832093295,162.54032203615824,163.62594604492188,82772700.0,0.0,0.0,-0.94
AAPL,2022-02-22 00:00:00-05:00,161.35685910032004,163.02931224334074,158.58900712715553,160.71136474609375,91162800.0,0.0,0.0,-1.78
AAPL,2022-02-23 00:00:00-05:00,161.90460945584556,162.50121399005073,156.24176881453315,156.55474853515625,90009200.0,0.0,0.0,-2.59
AAPL,2022-02-24 00:00:00-05:00,149.2291965620497,159.27366155009665,148.66193213542687,159.16607666015625,141147500.0,0.0,0.0,1.67
AAPL,2022-02-25 00:00:00-05:00,160.24193771015948,161.4938266826065,157.3371601146723,161.22976684570312,91974200.0,0.0,0.0,1.3
AAPL,2022-02-28 00:00:00-05:00,159.4790920596061,161.78726549413435,158.86292250111,161.4938507080078,95056600.0,0.0,0.0,0.16
AAPL,2022-03-01 00:00:00-05:00,161.08302534266187,162.94130845487337,158.4129829679633,159.615966796875,83474400.0,0.0,0.0,-1.16
AAPL,2022-03-02 00:00:00-05:00,160.7798480922219,163.6846254319098,159.37146939131958,162.90219116210938,79724800.0,0.0,0.0,2.06
AAPL,2022-03-03 00:00:00-05:00,164.77026570160976,165.20060533866413,161.91439302006907,162.57945251464844,76678400.0,0.0,0.0,-0.2
AAPL,2022-03-04 00:00:00-05:00,160.87765818976635,161.91437725608384,158.54014531943216,159.58663940429688,83737200.0,0.0,0.0,-1.84
AAPL,2022-03-07 00:00:00-05:00,159.7724565579089,161.39600492959968,155.54732078440395,155.80162048339844,96418800.0,0.0,0.0,-2.37
AAPL,2022-03-08 00:00:00-05:00,155.33216629168248,159.30300237550088,152.37848423515257,153.9824676513672,131148300.0,0.0,0.0,-1.17
AAPL,2022-03-09 00:00:00-05:00,157.93374136581392,159.82136448965088,155.9092082958325,159.3714599609375,91454900.0,0.0,0.0,3.5
AAPL,2022-03-10 00:00:00-05:00,156.681840375499,156.8676701680238,152.55451471855633,155.0387420654297,105342000.0,0.0,0.0,-2.72
AAPL,2022-03-11 00:00:00-05:00,155.4397780469511,155.7820977698025,151.1070711319146,151.33201599121094,96970100.0,0.0,0.0,-2.39
AAPL,2022-03-14 00:00:00-04:00,148.12398413737876,150.73534613403064,146.80364061476897,147.3122100830078,108732100.0,0.0,0.0,-2.66
AAPL,2022-03-15 00:00:00-04:00,147.58609577139651,152.1535515492418,147.0775261791108,151.68408203125,92964300.0,0.0,0.0,2.97
AAPL,2022-03-16 00:00:00-04:00,153.60106822684398,156.48628104894496,151.06795013405093,156.0852813720703,102300200.0,0.0,0.0,2.9
AAPL,2022-03-17 00:00:00-04:00,155.12676781405298,157.46428044860957,154.16829376386883,157.09262084960938,75615400.0,0.0,0.0,0.65
AAPL,2022-03-18 00:00:00-04:00,156.98504839102176,160.86786475806085,156.25151907619613,160.37884521484375,123511700.0,0.0,0.0,2.09
AAPL,2022-03-21 00:00:00-04:00,159.9191797677464,162.69682236043158,159.4301601813594,161.7481231689453,95811400.0,0.0,0.0,0.85
AAPL,2022-03-22 00:00:00-04:00,161.87525716684658,165.6993938917205,161.28844262082922,165.11257934570312,81532000.0,0.0,0.0,2.08
AAPL,2022-03-23 00:00:00-04:00,164.30076772924696,168.84864285363813,163.9682231459706,166.47201538085938,98062700.0,0.0,0.0,0.82
AAPL,2022-03-24 00:00:00-04:00,167.30337650948087,170.31573891650316,166.4720521767643,170.24728393554688,90131400.0,0.0,0.0,2.27
AAPL,2022-03-25 00:00:00-04:00,170.06146151483682,171.43071043053845,168.95627243907444,170.8830108642578,80546200.0,0.0,0.0,0.37
AAPL,2022-03-28 00:00:00-04:00,168.38900077447545,171.87081780430975,168.22273590773543,171.74368286132812,90371900.0,0.0,0.0,0.5
AAPL,2022-03-29 00:00:00-04:00,172.80975399507543,175.07879724912362,172.46743429498167,175.0299072265625,100589400.0,0.0,0.0,1.91
AAPL,2022-03-30 00:00:00-04:00,174.62891251824163,175.66563174403498,172.81953392128133,173.8660430908203,92633200.0,0.0,0.0,-0.66
AAPL,2022-03-31 00:00:00-04:00,173.93445242077016,174.1202822188197,170.56999586828974,170.775390625,103049300.0,0.0,0.0,-1.78
AAPL,2022-04-01 00:00:00-04:00,170.2081296381206,171.03946877548313,168.16403166582776,170.4819793701172,78751300.0,0.0,0.0,-0.17
AAPL,2022-04-04 00:00:00-04:00,170.7362946873885,174.5702062097959,170.60914482743888,174.52130126953125,76468400.0,0.0,0.0,2.37
AAPL,2022-04-05 00:00:00-04:00,173.60196376939686,174.38439814013864,170.58960114244232,171.21554565429688,73401800.0,0.0,0.0,-1.89
AAPL,2022-04-06 00:00:00-04:00,168.57486295748595,169.8169771105806,166.39383938569154,168.05650329589844,89058800.0,0.0,0.0,-1.85
AAPL,2022-04-07 00:00:00-04:00,167.401190693142,169.55287391806212,166.11996174699982,168.3596649169922,77594700.0,0.0,0.0,0.18
AAPL,2022-04-08 00:00:00-04:00,168.0075484323814,168.0075484323814,165.48420586824818,166.3546600341797,76575500.0,0.0,0.0,-1.19
AAPL,2022-04-11 00:00:00-04:00,165.00500326610816,165.31796805598518,161.8654908055094,162.11000061035156,72246700.0,0.0,0.0,-2.55
AAPL,2022-04-12 00:00:00-04:00,164.33012199148104,166.13948524268093,162.98042335456353,163.97802734375,79265200.0,0.0,0.0,1.15
AAPL,2022-04-13 00:00:00-04:00,163.71398991233582,167.28382721520924,163.10761035124472,166.6578826904297,70618900.0,0.0,0.0,1.63
AAPL,2022-04-14 00:00:00-04:00,166.87304601950618,167.50878046321276,161.4155854111937,161.66009521484375,75329400.0,0.0,0.0,-3.0
AAPL,2022-04-18 00:00:00-04:00,160.32017704396847,162.94132974863555,159.977872292766,161.44493103027344,69023900.0,0.0,0.0,-0.13
AAPL,2022-04-19 00:00:00-04:00,161.39604679422817,164.1345597736567,160.31042259224273,163.72377014160156,67723800.0,0.0,0.0,1.41
AAPL,2022-04-20 00:00:00-04:00,165.05387853639598,165.17125338034182,162.45230578739907,163.55747985839844,67929800.0,0.0,0.0,-0.1
AAPL,2022-04-21 00:00:00-04:00,165.2005659371102,167.7630232618858,162.2664490283051,162.76524353027344,87227800.0,0.0,0.0,-0.48
AAPL,2022-04-22 00:00:00-04:00,162.80440987833427,164.18343379206294,157.95332893712188,158.23695373535156,84882400.0,0.0,0.0,-2.78
AAPL,2022-04-25 00:00:00-04:00,157.58163561913904,159.58661851207708,154.9800632753819,159.30299377441406,96046400.0,0.0,0.0,0.67
AAPL,2022-04-26 00:00:00-04:00,158.6868312906376,158.7748512209157,153.2782766938566,153.3565216064453,95623200.0,0.0,0.0,-3.73
AAPL,2022-04-27 00:00:00-04:00,152.48605200867664,156.2808328803658,151.96769257357874,153.13156127929688,88063200.0,0.0,0.0,-0.15
AAPL,2022-04-28 00:00:00-04:00,155.7527344180899,160.9070049099631,155.43975472715812,160.04632568359375,130216800.0,0.0,0.0,4.52
AAPL,2022-04-29 00:00:00-04:00,158.28585264208988,162.55010393809633,153.79665651995063,154.1878662109375,131747600.0,0.0,0.0,-3.66
AAPL,2022-05-02 00:00:00-04:00,153.26853978592672,154.75514872367953,149.9040823265059,154.4910888671875,123055300.0,0.0,0.0,0.2
AAPL,2022-05-03 00:00:00-04:00,154.67689768841237,157.18069064394373,152.88709903691972,155.97769165039062,88966500.0,0.0,0.0,0.96
AAPL,2022-05-04 00:00:00-04:00,156.16349976201118,162.8239435793619,155.76250015329012,162.37405395507812,108256500.0,0.0,0.0,4.1
AAPL,2022-05-05 00:00:00-04:00,160.25171284753384,160.47665766238154,151.5471558846843,153.3271942138672,130525300.0,0.0,0.0,-5.57
AAPL,2022-05-06 00:00:00-04:00,152.80807823964273,156.16768941381943,151.01563498071906,154.05201721191406,116124600.0,0.23,0.0,0.47
AAPL,2022-05-09 00:00:00-04:00,151.7502553954864,152.6317930294346,148.3808694909006,148.9391632080078,131577900.0,0.0,0.0,-3.32
AAPL,2022-05-10 00:00:00-04:00,152.328132388233,153.52309446613708,149.79127784510368,151.33885192871094,115366700.0,0.0,0.0,1.61
AAPL,2022-05-11 00:00:00-04:00,150.34957266016625,152.25954795565056,142.81739949520818,143.4932403564453,142689800.0,0.0,0.0,-5.18
AAPL,2022-05-12 00:00:00-04:00,139.83980605277625,143.19940187956024,135.95128476595931,139.6341094970703,182602000.0,0.0,0.0,-2.69
AAPL,2022-05-13 00:00:00-04:00,141.62247481337442,145.06044619602298,140.1728540722722,144.09075927734375,113990900.0,0.0,0.0,3.19
AAPL,2022-05-16 00:00:00-04:00,142.56276758428663,144.4923369438145,141.22087499257742,142.55296325683594,86643800.0,0.0,0.0,-1.07
AAPL,2022-05-17 00:00:00-04:00,145.80481151470883,146.69613834453236,143.66954586445135,146.17701721191406,78336300.0,0.0,0.0,2.54
AAPL,2022-05-18 00:00:00-04:00,143.83608013972986,144.33560760113403,137.0287088681347,137.92984008789062,109742900.0,0.0,0.0,-5.64
AAPL,2022-05-19 00:00:00-04:00,137.00910949443605,138.7525756020971,133.79642936713128,134.53103637695312,136095600.0,0.0,0.0,-2.46
AAPL,2022-05-20 00:00:00-04:00,136.23535828446418,137.81231576353846,129.88835589129073,134.76614379882812,137426100.0,0.0,0.0,0.17
AAPL,2022-05-23 00:00:00-04:00,134.96203055915507,140.31976702681078,134.82490447725766,140.1728515625,117726300.0,0.0,0.0,4.01
AAPL,2022-05-24 00:00:00-04:00,137.92005516834,139.05625126128453,134.51148183512868,137.4792938232422,104132700.0,0.0,0.0,-1.92
AAPL,2022-05-25 00:00:00-04:00,135.5888849437953,138.87992561613757,135.50073567160547,137.63600158691406,92482700.0,0.0,0.0,0.11
AAPL,2022-05-26 00:00:00-04:00,134.57019026545265,141.3775446276635,134.32532129598022,140.82904052734375,90601500.0,0.0,0.0,2.32
AAPL,2022-05-27 00:00:00-04:00,142.40601366145458,146.60795908464218,142.27867700009156,146.56878662109375,90978500.0,0.0,0.0,4.08
AAPL,2022-05-31 00:00:00-04:00,146.01049226377089,147.5678554930359,143.8262500562877,145.7852020263672,103718400.0,0.0,0.0,-0.53
AAPL,2022-06-01 00:00:00-04:00,146.8234773391278,148.62572491730577,144.6490389655957,145.6579132080078,74286600.0,0.0,0.0,-0.09
AAPL,2022-06-02 00:00:00-04:00,144.79599350624025,148.16539460884292,143.8459002321125,148.10662841796875,72348100.0,0.0,0.0,1.68
AAPL,2022-06-03 00:00:00-04:00,143.88503314588232,144.93307974702813,141.49512401563555,142.396240234375,88570300.0,0.0,0.0,-3.86
AAPL,2022-06-06 00:00:00-04:00,144.01237341190438,145.52077501341512,141.92608448379778,143.14064025878906,71598400.0,0.0,0.0,0.52
AAPL,2022-06-07 00:00:00-04:00,141.3873963509184,145.94195473174813,141.14252729935507,145.6579132080078,67808200.0,0.0,0.0,1.76
AAPL,2022-06-08 00:00:00-04:00,145.5305644824367,146.79408210793065,144.4335560047601,144.9232940673828,53950200.0,0.0,0.0,-0.5
AAPL,2022-06-09 00:00:00-04:00,144.06135517233236,144.91349464755012,139.60473566244548,139.7124786376953,69473000.0,0.0,0.0,-3.6
AAPL,2022-06-10 00:00:00-04:00,137.40087964136862,137.87102389401954,134.24696601133667,134.31553649902344,91437900.0,0.0,0.0,-3.86
AAPL,2022-06-13 00:00:00-04:00,130.1429810735186,132.4251621177248,128.74233746263164,129.17330932617188,122207100.0,0.0,0.0,-3.83
AAPL,2022-06-14 00:00:00-04:00,130.3976794412042,131.14207601932122,128.7815346427886,130.03526306152344,84784300.0,0.0,0.0,0.67
AAPL,2022-06-15 00:00:00-04:00,131.5338494146611,134.52125474775525,129.4475753177957,132.65045166015625,91533000.0,0.0,0.0,2.01
AAPL,2022-06-16 00:00:00-04:00,129.36921686332983,129.67285209068328,126.39160087860697,127.39067077636719,108123900.0,0.0,0.0,-3.97
AAPL,2022-06-17 00:00:00-04:00,127.40045357119396,130.3486710219844,127.14578023984714,128.85986328125,134520300.0,0.0,0.0,1.15
AAPL,2022-06-21 00:00:00-04:00,130.68166234784277,134.2469537412818,130.5837237330342,133.0813751220703,81000500.0,0.0,0.0,3.28
AAPL,2022-06-22 00:00:00-04:00,132.02356340545535,134.93260831981635,131.1616346888571,132.57208251953125,73409200.0,0.0,0.0,-0.38
AAPL,2022-06-23 00:00:00-04:00,134.0119221215175,135.74558399228505,132.84634321517927,135.43215942382812,72433800.0,0.0,0.0,2.16
AAPL,2022-06-24 00:00:00-04:00,137.02873655581266,138.99749360130787,136.90141479225005,138.75262451171875,89116800.0,0.0,0.0,2.45
AAPL,2022-06-27 00:00:00-04:00,139.77127334833523,140.54506804098577,138.07678343315314,138.75262451171875,70207900.0,0.0,0.0,0.0
AAPL,2022-06-28 00:00:00-04:00,139.21296287932694,140.47648065381134,134.50168455265504,134.6192169189453,67083400.0,0.0,0.0,-2.98
AAPL,2022-06-29 00:00:00-04:00,134.63880492913648,137.7829151592785,133.8650103621575,136.37246704101562,66242400.0,0.0,0.0,1.3
AAPL,2022-06-30 00:00:00-04:00,134.4330767564404,135.53008505921423,131.02450456880948,133.91395568847656,98964500.0,0.0,0.0,-1.8
AAPL,2022-07-01 00:00:00-04:00,133.2479128863371,136.18634098386156,132.87572215700436,136.07859802246094,71051600.0,0.0,0.0,1.62
AAPL,2022-07-05 00:00:00-04:00,134.94243962271915,138.70362462604172,134.11966825992553,138.65464782714844,73353800.0,0.0,0.0,1.89
AAPL,2022-07-06 00:00:00-04:00,138.44895512148898,141.16209320483665,138.18449238511542,139.98672485351562,74064300.0,0.0,0.0,0.96
AAPL,2022-07-07 00:00:00-04:00,140.34911940865916,143.54222096010838,140.33933002838788,143.34632873535156,66253700.0,0.0,0.0,2.4
AAPL,2022-07-08 00:00:00-04:00,142.27870461467543,144.5217134378149,142.02404618814074,144.0221710205078,64547800.0,0.0,0.0,0.47
AAPL,2022-07-11 00:00:00-04:00,142.68029721118097,143.63039032716094,140.8290877786715,141.89671325683594,63141600.0,0.0,0.0,-1.48
AAPL,2022-07-12 00:00:00-04:00,142.7684556965353,145.40324925342907,142.0730359145698,142.8664093017578,77588800.0,0.0,0.0,0.68
AAPL,2022-07-13 00:00:00-04:00,140.0552923046931,143.44427122627144,139.2031379384123,142.5039825439453,71185600.0,0.0,0.0,-0.25
AAPL,2022-07-14 00:00:00-04:00,141.12292146669557,145.8929653987599,140.30995449187216,145.42282104492188,78140700.0,0.0,0.0,2.05
AAPL,2022-07-15 00:00:00-04:00,146.7059412883577,147.76377735798872,145.1583671279135,147.0879364013672,76259900.0,0.0,0.0,1.15
AAPL,2022-07-18 00:00:00-04:00,147.64621935829007,148.4591862413332,143.6891279021673,144.05154418945312,81420900.0,0.0,0.0,-2.06
AAPL,2022-07-19 00:00:00-04:00,144.88410592104603,148.1261694879342,143.8948404199678,147.90089416503906,82982400.0,0.0,0.0,2.67
AAPL,2022-07-20 00:00:00-04:00,148.01842499581136,150.56506886066487,147.2838179131366,149.89901733398438,64823400.0,0.0,0.0,1.35
AAPL,2022-07-21 00:00:00-04:00,151.32909076479385,152.37713759641647,148.82163378808133,152.16165161132812,65086600.0,0.0,0.0,1.51
AAPL,2022-07-22 00:00:00-04:00,152.20079694797485,153.07253011561605,150.2614383736218,150.92747497558594,66675400.0,0.0,0.0,-0.81
AAPL,2022-07-25 00:00:00-04:00,150.84910958984113,151.85796878260385,149.15462011252404,149.8108673095703,53623900.0,0.0,0.0,-0.74
AAPL,2022-07-26 00:00:00-04:00,149.13504463438227,149.94801169458665,147.70501771546552,148.4886016845703,55138700.0,0.0,0.0,-0.88
AAPL,2022-07-27 00:00:00-04:00,149.44845111836102,154.10096215711584,149.0370729884084,153.57203674316406,78620700.0,0.0,0.0,3.42
AAPL,2022-07-28 00:00:00-04:00,153.75817384315252,154.40463173955777,151.2409277129022,154.12059020996094,81378700.0,0.0,0.0,0.36
AAPL,2022-07-29 00:00:00-04:00,157.93072824104914,160.2716754702952,156.22643448443253,159.17465209960938,101786900.0,0.0,0.0,3.28
AAPL,2022-08-01 00:00:00-04:00,157.7054523459462,160.2325026515257,157.58791998844677,158.1951904296875,67829400.0,0.0,0.0,-0.62
AAPL,2022-08-02 00:00:00-04:00,156.81413161603723,159.07671904499605,156.35377664743476,156.72596740722656,59907000.0,0.0,0.0,-0.93
AAPL,2022-08-03 00:00:00-04:00,157.53893055181024,163.1709180629882,157.45078129075776,162.72036743164062,82507500.0,0.0,0.0,3.82
AAPL,2022-08-04 00:00:00-04:00,162.60282888470158,163.75861850349844,161.05525478751719,162.4069366455078,55474100.0,0.0,0.0,-0.19
AAPL,2022-08-05 00:00:00-04:00,160.0823608155598,162.67176904705062,159.87637852795464,162.1813507080078,56697000.0,0.23,0.0,-0.14
AAPL,2022-08-08 00:00:00-04:00,163.18178041324063,164.59418751238474,161.0533667864172,161.7105255126953,60276900.0,0.0,0.0,-0.29
AAPL,2022-08-09 00:00:00-04:00,160.8768658503071,162.6423751902944,160.12161727807143,161.75961303710938,63135500.0,0.0,0.0,0.03
AAPL,2022-08-10 00:00:00-04:00,164.46669306704544,166.09488560468589,163.70164162721542,165.99681091308594,70170500.0,0.0,0.0,2.62
AAPL,2022-08-11 00:00:00-04:00,166.80110596451257,167.71329198279503,164.9669459141007,165.26119995117188,57149200.0,0.0,0.0,-0.44
AAPL,2022-08-12 00:00:00-04:00,166.5656804191666,168.87063747457046,166.1537158722437,168.80198669433594,68039400.0,0.0,0.0,2.14
AAPL,2022-08-15 00:00:00-04:00,168.2331588647866,170.06731918305735,168.06641837825143,169.87115478515625,54091700.0,0.0,0.0,0.63
AAPL,2022-08-16 00:00:00-04:00,169.46897842594916,170.3811644180383,168.37044601656845,169.7141876220703,56377100.0,0.0,0.0,-0.09
AAPL,2022-08-17 00:00:00-04:00,169.45920480226786,172.77442353099846,169.26304040466474,171.20509338378906,79542000.0,0.0,0.0,0.88
AAPL,2022-08-18 00:00:00-04:00,170.42036968678258,171.54832585930868,169.80243780169835,170.8126983642578,62290100.0,0.0,0.0,-0.23
AAPL,2022-08-19 00:00:00-04:00,169.7141357065489,170.41053619571213,168.02709575598993,168.2330780029297,70346300.0,0.0,0.0,-1.51
AAPL,2022-08-22 00:00:00-04:00,166.43816395511286,166.6049043800519,163.9370276482697,164.35879516601562,69026800.0,0.0,0.0,-2.3
AAPL,2022-08-23 00:00:00-04:00,163.87821006023856,165.47697879172844,163.45644246473458,164.02532958984375,54147100.0,0.0,0.0,-0.2
AAPL,2022-08-24 00:00:00-04:00,164.1135822617859,164.88843656775538,163.0640799468379,164.31954956054688,53841500.0,0.0,0.0,0.18
AAPL,2022-08-25 00:00:00-04:00,165.54560642521002,166.8795448504242,165.12385385508654,166.7716522216797,51218200.0,0.0,0.0,1.49
AAPL,2022-08-26 00:00:00-04:00,167.3013400580589,167.77213753118554,160.42566451575846,160.48451232910156,78961000.0,0.0,0.0,-3.77
AAPL,2022-08-29 00:00:00-04:00,158.06182659509352,159.7782908024648,156.7573269679059,158.2874298095703,73314000.0,0.0,0.0,-1.37
AAPL,2022-08-30 00:00:00-04:00,159.02307224651202,159.4448248788866,154.69757844618866,155.86477661132812,77906200.0,0.0,0.0,-1.53
AAPL,2022-08-31 00:00:00-04:00,157.23793525223348,157.50276536238007,154.1286845852179,154.2071533203125,87991100.0,0.0,0.0,-1.06
AAPL,2022-09-01 00:00:00-04:00,153.63825654168207,155.38414463005734,151.70600708998924,154.93296813964844,74229900.0,0.0,0.0,0.47
AAPL,2022-09-02 00:00:00-04:00,156.6886721974106,157.2869832188541,152.00027368828214,152.8241729736328,76957800.0,0.0,0.0,-1.36
AAPL,2022-09-06 00:00:00-04:00,153.47150522336744,154.07961913097643,150.74478065092995,151.5686798095703,73714800.0,0.0,0.0,-0.82
AAPL,2022-09-07 00:00:00-04:00,151.85312983190147,153.6676685648947,150.66631095885003,152.97128295898438,87449600.0,0.0,0.0,0.93
AAPL,2022-09-08 00:00:00-04:00,151.67658920142858,153.36362955067995,149.75414265238146,151.5000457763672,84923800.0,0.0,0.0,-0.96
AAPL,2022-09-09 00:00:00-04:00,152.49067960307377,154.79565178409123,151.78447599724632,154.35426330566406,68028800.0,0.0,0.0,1.88
AAPL,2022-09-12 00:00:00-04:00,156.53171708379904,161.11222243462,156.24728104104713,160.29812622070312,104956000.0,0.0,0.0,3.85
AAPL,2022-09-13 00:00:00-04:00,156.8357744463717,157.46350930410847,150.43091231518306,150.89190673828125,122656600.0,0.0,0.0,-5.87
AAPL,2022-09-14 00:00:00-04:00,151.82367056195963,154.0894153787575,150.66629071155694,152.33370971679688,87965400.0,0.0,0.0,0.96
AAPL,2022-09-15 00:00:00-04:00,151.68639505914092,152.2651001071562,148.4790697119515,149.45008850097656,90481100.0,0.0,0.0,-1.89
AAPL,2022-09-16 00:00:00-04:00,148.31232430924803,148.44964084888636,145.52673670084437,147.8120880126953,162278800.0,0.0,0.0,-1.1
AAPL,2022-09-19 00:00:00-04:00,146.44869974399057,151.5980915210163,146.24273245408108,151.51962280273438,81474200.0,0.0,0.0,2.51
AAPL,2022-09-20 00:00:00-04:00,150.46030665039189,155.0506290557297,150.14644676638997,153.8932342529297,107689800.0,0.0,0.0,1.57
AAPL,2022-09-21 00:00:00-04:00,154.3248240736869,155.69800426701255,150.65650483896582,150.77420043945312,101696800.0,0.0,0.0,-2.03
AAPL,2022-09-22 00:00:00-04:00,149.45991695080835,151.5098622787984,148.01808565192604,149.81301879882812,86652500.0,0.0,0.0,-0.64
AAPL,2022-09-23 00:00:00-04:00,148.29273260627454,148.5673657396687,145.71312678219724,147.5472869873047,96029900.0,0.0,0.0,-1.51
AAPL,2022-09-26 00:00:00-04:00,146.79202323434507,150.82326264584486,146.77240230987616,147.88075256347656,93339400.0,0.0,0.0,0.23
AAPL,2022-09-27 00:00:00-04:00,149.81300689014782,151.75505941669135,147.07646404392761,148.85177612304688,84442700.0,0.0,0.0,0.66
AAPL,2022-09-28 00:00:00-04:00,144.81072915722658,147.75323924438212,142.06438341593866,146.96856689453125,146691400.0,0.0,0.0,-1.27
AAPL,2022-09-29 00:00:00-04:00,143.3002265150421,143.90834038923484,137.9840792223541,139.7495880126953,128138200.0,0.0,0.0,-4.91
AAPL,2022-09-30 00:00:00-04:00,138.5725991267457,140.35772899315157,135.35545614892226,135.55162048339844,124925300.0,0.0,0.0,-3.0
AAPL,2022-10-03 00:00:00-04:00,135.5614611189966,140.32832857992096,135.05142179088293,139.72019958496094,114311700.0,0.0,0.0,3.08
AAPL,2022-10-04 00:00:00-04:00,142.25077503845796,143.41797334923848,141.4955264315323,143.30027770996094,87830100.0,0.0,0.0,2.56
AAPL,2022-10-05 00:00:00-04:00,141.30911612057122,144.55568241187106,140.26941690015158,143.59445190429688,79471000.0,0.0,0.0,0.21
AAPL,2022-10-06 00:00:00-04:00,143.0157585240758,144.7126013699718,142.4370686180154,142.64303588867188,68402200.0,0.0,0.0,-0.66
AAPL,2022-10-07 00:00:00-04:00,139.80844218113944,140.35772324812106,136.7776606833551,137.4053955078125,85925600.0,0.0,0.0,-3.67
AAPL,2022-10-10 00:00:00-04:00,137.7290802001953,139.17091126885134,135.91454138275128,137.7290802001953,74899000.0,0.0,0.0,0.24
AAPL,2022-10-11 00:00:00-04:00,137.21903351996755,138.64125855443186,135.57123522583825,136.31666564941406,77033700.0,0.0,0.0,-1.03
AAPL,2022-10-12 00:00:00-04:00,136.46378829068846,137.6702130062106,135.51237567961843,135.6889190673828,70433700.0,0.0,0.0,-0.46
AAPL,2022-10-13 00:00:00-04:00,132.40316808901153,140.83835578471064,131.79503908177543,140.24986267089844,113224000.0,0.0,0.0,3.36
AAPL,2022-10-14 00:00:00-04:00,141.54456588685852,141.75054821414383,135.5418490498613,135.72821044921875,88598000.0,0.0,0.0,-3.22
AAPL,2022-10-17 00:00:00-04:00,138.3666666620457,140.16158499262147,137.5819941601383,139.6809844970703,85250900.0,0.0,0.0,2.91
AAPL,2022-10-18 00:00:00-04:00,142.7019309504816,143.88873492707052,137.91544326382163,140.99526977539062,99136600.0,0.0,0.0,0.94
AAPL,2022-10-19 00:00:00-04:00,138.974780941184,142.1723038055395,138.78841953799576,141.1031951904297,61758300.0,0.0,0.0,0.08
AAPL,2022-10-20 00:00:00-04:00,140.27927658716155,143.0942732786787,139.91635681145763,140.64218139648438,64522000.0,0.0,0.0,-0.33
AAPL,2022-10-21 00:00:00-04:00,140.13212478208789,145.0167019837592,139.916339525803,144.44781494140625,86548600.0,0.0,0.0,2.71
AAPL,2022-10-24 00:00:00-04:00,144.3693587197694,147.3510957532076,143.2021606323234,146.58604431152344,75981900.0,0.0,0.0,1.48
AAPL,2022-10-25 00:00:00-04:00,147.21377179556336,149.56778877679034,146.4977652190575,149.420654296875,74732300.0,0.0,0.0,1.93
AAPL,2022-10-26 00:00:00-04:00,148.06712385627637,149.07738452163943,145.20306734701933,146.48797607421875,88194300.0,0.0,0.0,-1.96
AAPL,2022-10-27 00:00:00-04:00,145.23253325315713,146.1937492661754,141.3680333052635,142.0251922607422,109180200.0,0.0,0.0,-3.05
AAPL,2022-10-28 00:00:00-04:00,145.36002058759684,154.48180643716302,144.98731275555542,152.7555389404297,164762400.0,0.0,0.0,7.56
AAPL,2022-10-31 00:00:00-04:00,150.22494584357278,151.28425122815005,149.00870300208484,150.4014892578125,97943200.0,0.0,0.0,-1.54
AAPL,2022-11-01 00:00:00-04:00,152.10816072803473,152.47106552613408,146.27218522217615,147.76304626464844,80379300.0,0.0,0.0,-1.75
AAPL,2022-11-02 00:00:00-04:00,146.09559446780847,149.25388921211223,142.22129326523782,142.25071716308594,93604600.0,0.0,0.0,-3.73
AAPL,2022-11-03 00:00:00-04:00,139.33763513663766,140.06345955714755,136.09106861510674,136.2185821533203,97918500.0,0.0,0.0,-4.24
AAPL,2022-11-04 00:00:00-04:00,139.59827074317496,140.16810151754257,132.0234836201314,135.95333862304688,140814800.0,0.23,0.0,-0.19
AAPL,2022-11-07 00:00:00-05:00,134.70559929239224,136.70981865595215,133.29084915754692,136.48385620117188,83374600.0,0.0,0.0,0.39
AAPL,2022-11-08 00:00:00-05:00,137.94774130575934,138.9498435557623,135.0789489012502,137.05369567871094,89908500.0,0.0,0.0,0.42
AAPL,2022-11-09 00:00:00-05:00,136.07121539704306,136.12034157773797,132.22977893126608,132.50486755371094,74917800.0,0.0,0.0,-3.32
AAPL,2022-11-10 00:00:00-05:00,138.7631880310501,144.29444885253906,137.0536956773793,144.29444885253906,118854000.0,0.0,0.0,8.9
AAPL,2022-11-11 00:00:00-05:00,143.26286485614494,147.37937519314977,141.83828048896822,147.07481384277344,93979700.0,0.0,0.0,1.93
AAPL,2022-11-14 00:00:00-05:00,146.35763570725214,147.64466090619808,144.8446330372058,145.6797332763672,73374100.0,0.0,0.0,-0.95
AAPL,2022-11-15 00:00:00-05:00,149.5506380930854,150.89660867721872,145.95481705312972,147.4088592529297,89868300.0,0.0,0.0,1.19
AAPL,2022-11-16 00:00:00-05:00,146.51481993344615,147.24183349471545,144.70707528826344,146.18077087402344,64218300.0,0.0,0.0,-0.83
AAPL,2022-11-17 00:00:00-05:00,143.8621718356149,148.8236171893066,143.5870831617381,148.0769500732422,80389400.0,0.0,0.0,1.3
AAPL,2022-11-18 00:00:00-05:00,149.6390649453273,150.0222252429551,147.3401031595605,148.63694763183594,74829600.0,0.0,0.0,0.38
AAPL,2022-11-21 00:00:00-05:00,147.52676535819396,147.73307435769456,145.12955132737417,145.41445922851562,58724100.0,0.0,0.0,-2.17
AAPL,2022-11-22 00:00:00-05:00,145.53236323934706,147.7821986794849,144.3533947208252,147.54640197753906,51804100.0,0.0,0.0,1.47
AAPL,2022-11-23 00:00:00-05:00,146.82919031011303,149.1674586072914,146.72111870836432,148.42079162597656,58301400.0,0.0,0.0,0.59
AAPL,2022-11-25 00:00:00-05:00,145.7092003283938,146.2692118769101,144.54006603549058,145.51271057128906,35195900.0,0.0,0.0,-1.96
AAPL,2022-11-28 00:00:00-05:00,142.5947981424062,144.06849387144769,140.8656672171658,141.69093322753906,69246000.0,0.0,0.0,-2.63
AAPL,2022-11-29 00:00:00-05:00,141.75966328460675,142.27054854346483,137.88876937413374,138.6943817138672,83763800.0,0.0,0.0,-2.11
AAPL,2022-11-30 00:00:00-05:00,138.92037287256267,146.11201495746124,138.0852876520207,145.43411254882812,111380900.0,0.0,0.0,4.86
AAPL,2022-12-01 00:00:00-05:00,145.61094536816785,146.51481013470644,144.03899751867118,145.7091827392578,71250400.0,0.0,0.0,0.19
AAPL,2022-12-02 00:00:00-05:00,143.40039263183445,145.4046117654443,143.09581632538948,145.2179412841797,65447400.0,0.0,0.0,-0.34
AAPL,2022-12-05 00:00:00-05:00,145.17866278529172,148.2734173934748,143.21373541725012,144.05865478515625,68826400.0,0.0,0.0,-0.8
AAPL,2022-12-06 00:00:00-05:00,144.49098440956536,144.7169469269184,139.43128592921317,140.4039306640625,64727200.0,0.0,0.0,-2.54
AAPL,2022-12-07 00:00:00-05:00,139.69655531326703,140.8558556105538,137.54495680465763,138.46847534179688,69721100.0,0.0,0.0,-1.38
AAPL,2022-12-08 00:00:00-05:00,139.86352962985669,141.00319109284194,138.62563079391435,140.1484375,62128300.0,0.0,0.0,1.21
AAPL,2022-12-09 00:00:00-05:00,139.8439047836886,143.01727390300547,138.42915440090607,139.6670684814453,76097000.0,0.0,0.0,-0.34
AAPL,2022-12-12 00:00:00-05:00,140.1975885864345,141.9660265170688,138.58634846990296,141.95620727539062,70462700.0,0.0,0.0,1.64
AAPL,2022-12-13 00:00:00-05:00,146.87833415604433,147.34009332894186,141.71058010364294,142.91900634765625,93886200.0,0.0,0.0,0.68
AAPL,2022-12-14 00:00:00-05:00,142.80109523487565,144.0881201971517,138.6845702087708,140.69862365722656,82291200.0,0.0,0.0,-1.55
AAPL,2022-12-15 00:00:00-05:00,138.63546667684503,139.3133690938159,133.64454880056923,134.10630798339844,98931900.0,0.0,0.0,-4.69
AAPL,2022-12-16 00:00:00-05:00,134.29299371012456,135.23615066480997,131.3848939522239,132.15121459960938,160156900.0,0.0,0.0,-1.46
AAPL,2022-12-19 00:00:00-05:00,132.74067737544078,132.82909551472687,129.01714637272462,130.04872131347656,79592600.0,0.0,0.0,-1.59
AAPL,2022-12-20 00:00:00-05:00,129.08590439011405,130.91328746393052,127.61220884643005,129.97994995117188,77432800.0,0.0,0.0,-0.05
AAPL,2022-12-21 00:00:00-05:00,130.64803543949063,134.41087369361549,130.42207295695286,133.07472229003906,85928000.0,0.0,0.0,2.38
AAPL,2022-12-22 00:00:00-05:00,131.9939964474779,132.20030541745464,128.01501569466643,129.91116333007812,77852100.0,0.0,0.0,-2.38
AAPL,2022-12-23 00:00:00-05:00,128.62413499923468,130.09783042542833,127.36658276817921,129.5476531982422,63814900.0,0.0,0.0,-0.28
AAPL,2022-12-27 00:00:00-05:00,129.07609558176017,129.1055682957193,126.46273834186272,127.74976348876953,69007800.0,0.0,0.0,-1.39
AAPL,2022-12-28 00:00:00-05:00,127.39607559848972,128.73222692892008,123.66271775984323,123.8297348022461,85438400.0,0.0,0.0,-3.07
AAPL,2022-12-29 00:00:00-05:00,125.74553370652504,128.19186635387044,125.49009852746012,127.33712768554688,75703700.0,0.0,0.0,2.83
AAPL,2022-12-30 00:00:00-05:00,126.1581629090278,127.67115035805845,125.19534521858718,127.65149688720703,77034200.0,0.0,0.0,0.25
AAPL,2023-01-03 00:00:00-05:00,127.99538262842435,128.6045053870652,121.99252821247748,122.87674713134766,112117500.0,0.0,0.0,-3.74
AAPL,2023-01-04 00:00:00-05:00,124.66483917038782,126.40380440814197,122.88658197418445,124.14413452148438,89113600.0,0.0,0.0,1.03
AAPL,2023-01-05 00:00:00-05:00,124.90061292758642,125.52938912334946,122.57217865426507,122.8276138305664,80962700.0,0.0,0.0,-1.06
AAPL,2023-01-06 00:00:00-05:00,123.80025205121024,128.0051879622661,122.69989001665523,127.34693908691406,87754700.0,0.0,0.0,3.68
AAPL,2023-01-09 00:00:00-05:00,128.1820484933381,131.07049435820306,127.61221771125115,127.8676528930664,70790800.0,0.0,0.0,0.41
AAPL,2023-01-10 00:00:00-05:00,127.9757103650532,128.958174020526,125.87323874198964,128.43746948242188,63896200.0,0.0,0.0,0.45
AAPL,2023-01-11 00:00:00-05:00,128.94835439070522,131.1687168485226,128.17221470136022,131.14907836914062,69458900.0,0.0,0.0,2.11
AAPL,2023-01-12 00:00:00-05:00,131.53223946571177,131.90556546211644,129.1350257391296,131.0704803466797,71379600.0,0.0,0.0,-0.06
AAPL,2023-01-13 00:00:00-05:00,129.71468306570503,132.55400260182785,129.35117628841525,132.3968048095703,57809700.0,0.0,0.0,1.01
AAPL,2023-01-17 00:00:00-05:00,132.46561675484807,134.88246968730516,131.77789498509242,133.55615234375,63646600.0,0.0,0.0,0.88
AAPL,2023-01-18 00:00:00-05:00,134.42069543585905,136.1792989256054,132.6620769549058,132.83892822265625,69672800.0,0.0,0.0,-0.54
AAPL,2023-01-19 00:00:00-05:00,131.7287538123279,133.86069855178562,131.42419241972087,132.89788818359375,58280400.0,0.0,0.0,0.04
AAPL,2023-01-20 00:00:00-05:00,132.90770800117681,135.59966433835268,131.86629872212012,135.45228576660156,80223600.0,0.0,0.0,1.92
AAPL,2023-01-23 00:00:00-05:00,135.69786549716068,140.80668812964507,135.4817223092692,138.63543701171875,81760300.0,0.0,0.0,2.35
AAPL,2023-01-24 00:00:00-05:00,137.84949253259393,140.64952034187644,137.83967329148908,140.0305633544922,66435100.0,0.0,0.0,1.01
AAPL,2023-01-25 00:00:00-05:00,138.41930821894437,139.93229570032543,136.37578195167205,139.37229919433594,65799300.0,0.0,0.0,-0.47
AAPL,2023-01-26 00:00:00-05:00,140.65933109437518,141.72039372676826,139.41159795380088,141.43548583984375,54105100.0,0.0,0.0,1.48
AAPL,2023-01-27 00:00:00-05:00,140.64952711543583,144.64814715401417,140.57092820918845,143.37094116210938,70555800.0,0.0,0.0,1.37
AAPL,2023-01-30 00:00:00-05:00,142.41796049282078,142.99761054282715,140.34496125408572,140.49232482910156,64015300.0,0.0,0.0,-2.01
AAPL,2023-01-31 00:00:00-05:00,140.19760573187105,141.8088460454489,139.78497266279496,141.7597198486328,65874500.0,0.0,0.0,0.9
AAPL,2023-02-01 00:00:00-05:00,141.44529588395375,144.0389993752098,138.8417731528238,142.8796844482422,77663600.0,0.0,0.0,0.79
AAPL,2023-02-02 00:00:00-05:00,146.2888426135127,148.52885870656533,145.57164829200897,148.17518615722656,118339000.0,0.0,0.0,3.71
AAPL,2023-02-03 00:00:00-05:00,145.43409313083382,154.6201342687517,145.23760339877686,151.79063415527344,154357300.0,0.0,0.0,2.44
AAPL,2023-02-06 00:00:00-05:00,149.8945101165513,150.41521473457135,148.13589150827315,149.06922912597656,69858300.0,0.0,0.0,-1.79
AAPL,2023-02-07 00:00:00-05:00,147.99837413254576,152.50788022677395,147.99837413254576,151.93804931640625,83322600.0,0.0,0.0,1.92
AAPL,2023-02-08 00:00:00-05:00,151.18155633442086,151.86927809622603,148.51907245296283,149.25592041015625,64120100.0,0.0,0.0,-1.77
AAPL,2023-02-09 00:00:00-05:00,151.08329292122983,151.62365104865805,147.78221371418798,148.2243194580078,56007100.0,0.0,0.0,-0.69
AAPL,2023-02-10 00:00:00-05:00,147.0632318137508,148.9130734935689,146.8270751036462,148.58836364746094,57450700.0,0.23,0.0,0.25
AAPL,2023-02-13 00:00:00-05:00,148.52932389765635,151.7862414824205,148.49980618651492,151.38282775878906,62199000.0,0.0,0.0,1.88
AAPL,2023-02-14 00:00:00-05:00,149.68054257567448,151.30409157346335,148.44075380707582,150.74322509765625,61707600.0,0.0,0.0,-0.42
AAPL,2023-02-15 00:00:00-05:00,150.6546952720313,153.00636811059493,150.42838780610393,152.83909606933594,65573800.0,0.0,0.0,1.39
AAPL,2023-02-16 00:00:00-05:00,151.04823617616265,153.8230205391973,150.89081342197775,151.2450408935547,68167900.0,0.0,0.0,-1.04
AAPL,2023-02-17 00:00:00-05:00,149.90690894964015,150.5464794908576,148.4309630722788,150.10369873046875,59144100.0,0.0,0.0,-0.75
AAPL,2023-02-21 00:00:00-05:00,147.79134145705774,148.87370750867322,146.03005307934987,146.0989227294922,58867200.0,0.0,0.0,-2.67
AAPL,2023-02-22 00:00:00-05:00,146.48269724609548,147.54538003263738,144.80012742797703,146.52206420898438,51011300.0,0.0,0.0,0.29
AAPL,2023-02-23 00:00:00-05:00,147.68313363952294,147.92912460701393,144.87884561858363,147.0041961669922,48394200.0,0.0,0.0,0.33
AAPL,2023-02-24 00:00:00-05:00,144.75092512234477,144.8296440334222,143.38321594733068,144.3573455810547,55469600.0,0.0,0.0,-1.8
AAPL,2023-02-27 00:00:00-05:00,145.34128862301924,146.77786725557394,145.0854484451516,145.54791259765625,44998500.0,0.0,0.0,0.82
AAPL,2023-02-28 00:00:00-05:00,144.6918692589824,146.689314426437,144.47539603761436,145.0460968017578,50547000.0,0.0,0.0,-0.34
AAPL,2023-03-01 00:00:00-05:00,144.4754113339038,144.86899086128216,142.68458995191014,142.9797821044922,55479000.0,0.0,0.0,-1.42
AAPL,2023-03-02 00:00:00-05:00,142.0647116163666,144.35734928778834,141.59239813777418,143.57017517089844,52238100.0,0.0,0.0,0.41
AAPL,2023-03-03 00:00:00-05:00,145.66597544130724,148.68675112203792,144.96736964186593,148.6080322265625,70732300.0,0.0,0.0,3.51
AAPL,2023-03-06 00:00:00-05:00,151.32374645376544,153.79350455215635,150.9990516974443,151.3631134033203,87558000.0,0.0,0.0,1.85
AAPL,2023-03-07 00:00:00-05:00,151.2352451910372,151.55995507278075,148.70646582947896,149.16893005371094,56182000.0,0.0,0.0,-1.45
AAPL,2023-03-08 00:00:00-05:00,150.3594826497808,151.0089022608483,149.39520247867964,150.41851806640625,47204800.0,0.0,0.0,0.84
AAPL,2023-03-09 00:00:00-05:00,151.09746808583355,152.0617483379844,147.8208670608722,148.1750946044922,53833600.0,0.0,0.0,-1.49
AAPL,2023-03-10 00:00:00-05:00,147.80123737088158,148.51952687879202,145.2429249942403,146.11865234375,68572400.0,0.0,0.0,-1.39
AAPL,2023-03-13 00:00:00-04:00,145.43967499711258,150.68420342446277,145.33143838738883,148.05702209472656,84457100.0,0.0,0.0,1.33
AAPL,2023-03-14 00:00:00-04:00,148.85404568502526,150.94004418166887,147.6929755826584,150.14303588867188,73695900.0,0.0,0.0,1.41
AAPL,2023-03-15 00:00:00-04:00,148.76548332238644,150.7924462663543,147.51584514285557,150.53662109375,77167900.0,0.0,0.0,0.26
AAPL,2023-03-16 00:00:00-04:00,149.71995500240442,153.9510028988609,149.20828955550553,153.3507843017578,76161100.0,0.0,0.0,1.87
AAPL,2023-03-17 00:00:00-04:00,153.57707174404283,154.22649145558808,151.80593390078133,152.51438903808594,98944600.0,0.0,0.0,-0.55
AAPL,2023-03-20 00:00:00-04:00,152.58327776546486,155.28917828804447,151.67801783277878,154.8759002685547,73641400.0,0.0,0.0,1.55
AAPL,2023-03-21 00:00:00-04:00,154.79722327478603,156.84385517693187,154.02971754385752,156.7257843017578,73938300.0,0.0,0.0,1.19
AAPL,2023-03-22 00:00:00-04:00,156.7454546452784,159.5399085601911,155.27934300701256,155.2990264892578,75701800.0,0.0,0.0,-0.91
AAPL,2023-03-23 00:00:00-04:00,156.28294504298728,158.9593273158035,155.15137786083926,156.38133239746094,67622100.0,0.0,0.0,0.7
AAPL,2023-03-24 00:00:00-04:00,156.31249715364865,157.76875944157217,155.31869907440637,157.68020629882812,59196500.0,0.0,0.0,0.83
AAPL,2023-03-27 00:00:00-04:00,157.37515888196728,158.19185056660328,155.33834678641222,155.7417755126953,52390300.0,0.0,0.0,-1.23
AAPL,2023-03-28 00:00:00-04:00,155.43676283008696,155.94842821050446,153.47866946121147,155.12188720703125,45992200.0,0.0,0.0,-0.4
AAPL,2023-03-29 00:00:00-04:00,156.81432081388166,158.4673879613573,156.79465234617297,158.19187927246094,51305700.0,0.0,0.0,1.98
AAPL,2023-03-30 00:00:00-04:00,158.93970152221254,159.86463007168524,158.68387629082392,159.7563934326172,49501700.0,0.0,0.0,0.99
AAPL,2023-03-31 00:00:00-04:00,159.8350878653574,162.35403288236776,159.31358823359025,162.25563049316406,68749800.0,0.0,0.0,1.56
AAPL,2023-04-03 00:00:00-04:00,161.63573905142377,163.62333513475417,161.58653785817188,163.50526428222656,56976200.0,0.0,0.0,0.77
AAPL,2023-04-04 00:00:00-04:00,163.92839947620809,164.16454121432164,162.46228779099377,162.9739532470703,46278300.0,0.0,0.0,-0.32
AAPL,2023-04-05 00:00:00-04:00,162.09819114468434,162.4032175003463,159.2053353608918,161.13389587402344,51511700.0,0.0,0.0,-1.13
AAPL,2023-04-06 00:00:00-04:00,159.8252353547828,162.31467762112032,159.40213812085784,162.0194854736328,45390100.0,0.0,0.0,0.55
AAPL,2023-04-10 00:00:00-04:00,158.8314373555464,159.43165588378906,157.51292944566782,159.43165588378906,47716900.0,0.0,0.0,-1.6
AAPL,2023-04-11 00:00:00-04:00,159.7465367378167,159.75637097122245,157.93603184667685,158.2213897705078,47644200.0,0.0,0.0,-0.76
AAPL,2023-04-12 00:00:00-04:00,158.6346426672523,159.4611686435216,157.21773241416443,157.53260803222656,50133100.0,0.0,0.0,-0.44
AAPL,2023-04-13 00:00:00-04:00,159.0380889195549,163.14121655398105,158.83144989570576,162.90505981445312,68445600.0,0.0,0.0,3.41
AAPL,2023-04-14 00:00:00-04:00,161.9506011686896,163.65286938363687,161.19295983913122,162.5606689453125,49386500.0,0.0,0.0,-0.21
AAPL,2023-04-17 00:00:00-04:00,162.44261368211053,162.73780588588528,161.39961424099232,162.5803680419922,41516200.0,0.0,0.0,0.01
AAPL,2023-04-18 00:00:00-04:00,163.43641422586148,164.72540456754612,162.99361844758067,163.80047607421875,49923000.0,0.0,0.0,0.75
AAPL,2023-04-19 00:00:00-04:00,163.14119328481948,165.46334834295578,162.8853530999642,164.9418487548828,47720200.0,0.0,0.0,0.7
AAPL,2023-04-20 00:00:00-04:00,163.42655222639002,165.17800667808302,162.90505258707114,163.97756958007812,52456400.0,0.0,0.0,-0.58
AAPL,2023-04-21 00:00:00-04:00,162.4032359760057,163.78077935638615,161.85221862385353,162.37371826171875,58337300.0,0.0,0.0,-0.98
AAPL,2023-04-24 00:00:00-04:00,162.35404681853836,162.94443117624493,161.26184626664974,162.6787567138672,41949600.0,0.0,0.0,0.19
AAPL,2023-04-25 00:00:00-04:00,162.54099521393778,163.6430299514636,161.10440134757968,161.14376831054688,48714100.0,0.0,0.0,-0.94
AAPL,2023-04-26 00:00:00-04:00,160.44512426219072,162.62952495549953,160.18929909610858,161.13389587402344,45498800.0,0.0,0.0,-0.01
AAPL,2023-04-27 00:00:00-04:00,162.54100085037314,165.85695442572842,162.54100085037314,165.70936584472656,64902300.0,0.0,0.0,2.84
AAPL,2023-04-28 00:00:00-04:00,165.78806481489534,167.12625617335198,165.1878463008649,166.95896911621094,55275900.0,0.0,0.0,0.75
AAPL,2023-05-01 00:00:00-04:00,166.56539597816914,167.71663185783257,165.9356597273935,166.87042236328125,52472900.0,0.0,0.0,-0.05
AAPL,2023-05-02 00:00:00-04:00,167.36241202489828,167.6182522416185,164.8533011388869,165.83726501464844,48425700.0,0.0,0.0,-0.62
AAPL,2023-05-03 00:00:00-04:00,166.78188428598025,168.17911124939818,164.47941231869004,164.76475524902344,65136000.0,0.0,0.0,-0.65
AAPL,2023-05-04 00:00:00-04:00,162.24581661627295,164.36133312270948,161.6751157183002,163.13137817382812,81235400.0,0.0,0.0,-0.99
AAPL,2023-05-05 00:00:00-04:00,168.23814318555767,171.50491053581004,168.02166992672903,170.78662109375,113453200.0,0.0,0.0,4.69
AAPL,2023-05-08 00:00:00-04:00,169.71409550111375,171.0621363032094,169.35003364925416,170.71774291992188,55962800.0,0.0,0.0,-0.04
AAPL,2023-05-09 00:00:00-04:00,170.27492954930042,170.75706217667226,168.84818511789587,169.0154571533203,45326900.0,0.0,0.0,-1.0
AAPL,2023-05-10 00:00:00-04:00,170.24543004162442,171.23922812803062,169.14338031673282,170.77676391601562,53724500.0,0.0,0.0,1.04
AAPL,2023-05-11 00:00:00-04:00,171.06211698775132,171.79024060925457,169.40904995436452,170.96371459960938,49514700.0,0.0,0.0,0.11
AAPL,2023-05-12 00:00:00-04:00,171.07210045600348,171.50564580777203,168.49055408757272,170.0375213623047,45533100.0,0.24,0.0,-0.54
AAPL,2023-05-15 00:00:00-04:00,170.61887671576198,170.66814597161118,168.95367509817433,169.5448760986328,37266700.0,0.0,0.0,-0.29
AAPL,2023-05-16 00:00:00-04:00,169.4660482962473,170.59916600644908,169.2788341449399,169.5448760986328,42110300.0,0.0,0.0,0.0
AAPL,2023-05-17 00:00:00-04:00,169.19013234108013,170.39221479568312,167.91905489711874,170.15574645996094,57951600.0,0.0,0.0,0.36
AAPL,2023-05-18 00:00:00-04:00,170.46120584790356,172.66833901247392,170.04737119858373,172.4811248779297,65496700.0,0.0,0.0,1.37
AAPL,2023-05-19 00:00:00-04:00,173.80143807257875,173.80143807257875,172.3727201425523,172.58949279785156,55809500.0,0.0,0.0,0.06
AAPL,2023-05-22 00:00:00-04:00,171.42681253611994,172.14611049896482,170.90459157041087,171.64358520507812,43570900.0,0.0,0.0,-0.55
AAPL,2023-05-23 00:00:00-04:00,170.58926430627432,170.83559547287618,168.76640765947607,169.04229736328125,50747300.0,0.0,0.0,-1.52
AAPL,2023-05-24 00:00:00-04:00,168.57919800904358,169.88968165407772,168.0175707525213,169.3181915283203,45143500.0,0.0,0.0,0.16
AAPL,2023-05-25 00:00:00-04:00,169.87986475065702,171.34798918728478,169.17042964019168,170.45135498046875,56058300.0,0.0,0.0,0.67
AAPL,2023-05-26 00:00:00-04:00,170.7764937271046,173.1905363695113,170.56956891324683,172.8555145263672,54835000.0,0.0,0.0,1.41
AAPL,2023-05-30 00:00:00-04:00,174.36308277683443,176.36329091292328,173.978806707213,174.69808959960938,55964400.0,0.0,0.0,1.07
AAPL,2023-05-31 00:00:00-04:00,174.72764675708407,176.71800704198733,174.16600441023556,174.64881896972656,99625300.0,0.0,0.0,-0.03
AAPL,2023-06-01 00:00:00-04:00,175.0922328882,177.47671735788407,174.33352850038895,177.44715881347656,68901800.0,0.0,0.0,1.6
AAPL,2023-06-02 00:00:00-04:00,178.37335293714096,179.11234656032465,176.62932377666553,178.29452514648438,61996900.0,0.0,0.0,0.48
AAPL,2023-06-05 00:00:00-04:00,179.94990047733975,182.23584654381537,175.42724752914353,176.9446563720703,121946500.0,0.0,0.0,-0.76
AAPL,2023-06-06 00:00:00-04:00,177.328904296753,177.4766970018392,174.82617090162998,176.58006286621094,64848400.0,0.0,0.0,-0.21
AAPL,2023-06-07 00:00:00-04:00,175.82136104700194,178.5507149734009,174.71780207381394,175.21046447753906,61944600.0,0.0,0.0,-0.78
AAPL,2023-06-08 00:00:00-04:00,175.2892595209165,178.1861165677113,174.85572927872582,177.9200897216797,50214900.0,0.0,0.0,1.55
AAPL,2023-06-09 00:00:00-04:00,178.83643579626113,179.55571862854532,177.97920810525306,178.3043670654297,48900000.0,0.0,0.0,0.22
AAPL,2023-06-12 00:00:00-04:00,178.6098569544308,181.191403498661,178.3142564640164,181.09286499023438,54274900.0,0.0,0.0,1.56
AAPL,2023-06-13 00:00:00-04:00,180.1173932820357,181.44757286544584,179.7626757194867,180.61990356445312,54929100.0,0.0,0.0,-0.26
AAPL,2023-06-14 00:00:00-04:00,180.67899811094975,181.68403358526143,179.34881869349235,181.25048828125,57462900.0,0.0,0.0,0.35
AAPL,2023-06-15 00:00:00-04:00,181.26036948430115,183.78279874291368,181.08300318978328,183.2802734375,65433200.0,0.0,0.0,1.12
AAPL,2023-06-16 00:00:00-04:00,183.98970387223915,184.245897953939,181.56581317602513,182.20626831054688,101256200.0,0.0,0.0,-0.59
AAPL,2023-06-20 00:00:00-04:00,181.70373606119196,183.3689372512462,181.70373606119196,182.294921875,49799100.0,0.0,0.0,0.05
AAPL,2023-06-21 00:00:00-04:00,182.18656875714527,182.68909408055805,179.91047063421516,181.2603759765625,49515700.0,0.0,0.0,-0.57
AAPL,2023-06-22 00:00:00-04:00,181.04359886716716,184.30502181445038,180.9746189088309,184.25575256347656,51245300.0,0.0,0.0,1.65
AAPL,2023-06-23 00:00:00-04:00,182.8270228675936,184.8075203379306,182.29493904669715,183.9404296875,53117000.0,0.0,0.0,-0.17
AAPL,2023-06-26 00:00:00-04:00,184.0882672784463,185.290364953315,182.51174130111704,182.55116271972656,48088700.0,0.0,0.0,-0.76
AAPL,2023-06-27 00:00:00-04:00,183.1620179856705,185.6253298715582,182.94524533692336,185.3001708984375,50730800.0,0.0,0.0,1.51
AAPL,2023-06-28 00:00:00-04:00,185.17208134019785,187.11317238738192,184.84693738882143,186.47271728515625,51216800.0,0.0,0.0,0.63
AAPL,2023-06-29 00:00:00-04:00,186.30524420235466,187.28072131986815,186.1672993101183,186.80775451660156,46347300.0,0.0,0.0,0.18
AAPL,2023-06-30 00:00:00-04:00,188.81780236383452,191.62596911406445,188.45322195229386,191.1234588623047,85213200.0,0.0,0.0,2.31
AAPL,2023-07-03 00:00:00-04:00,190.9362564156046,191.03479491877454,188.94589592351636,189.63563537597656,31458200.0,0.0,0.0,-0.78
AAPL,2023-07-05 00:00:00-04:00,188.75866963191964,190.14796610334872,187.82259909124357,188.52218627929688,46920300.0,0.0,0.0,-0.59
AAPL,2023-07-06 00:00:00-04:00,187.05407174607458,189.20208780415717,186.42346442381324,188.9951629638672,45094300.0,0.0,0.0,0.25
AAPL,2023-07-07 00:00:00-04:00,188.60102706839623,189.84253092683244,187.4481988352347,187.88172912597656,46815000.0,0.0,0.0,-0.59
AAPL,2023-07-10 00:00:00-04:00,186.48257243692333,187.20187038994513,184.29515010539157,185.8421173095703,59922200.0,0.0,0.0,-1.09
AAPL,2023-07-11 00:00:00-04:00,186.384037813756,186.5219826806886,183.86160879849567,185.31988525390625,46638100.0,0.0,0.0,-0.28
AAPL,2023-07-12 00:00:00-04:00,186.89640150427806,188.88676181703667,185.70416691161034,186.98509216308594,60750200.0,0.0,0.0,0.9
AAPL,2023-07-13 00:00:00-04:00,187.70435278315148,188.38422922243208,186.99491780606402,187.74375915527344,41342300.0,0.0,0.0,0.41
AAPL,2023-07-14 00:00:00-04:00,187.4383302857117,188.37438582770977,186.8471444335954,187.89158630371094,41616200.0,0.0,0.0,0.08
AAPL,2023-07-17 00:00:00-04:00,189.08381775872684,191.46831693797242,188.9951421376018,191.14315795898438,50520200.0,0.0,0.0,1.73
AAPL,2023-07-18 00:00:00-04:00,190.5125649317522,191.47817907078496,189.5962050071137,190.88697814941406,48288200.0,0.0,0.0,-0.13
AAPL,2023-07-19 00:00:00-04:00,190.26621270882248,195.3209183853995,189.82280454932882,192.2368621826172,80507300.0,0.0,0.0,0.71
AAPL,2023-07-20 00:00:00-04:00,192.22701989757815,193.58677299126168,189.67503216410122,190.29579162597656,59581200.0,0.0,0.0,-1.01
AAPL,2023-07-21 00:00:00-04:00,191.25153499324207,192.10876269219432,188.42364281090323,189.12322998046875,71951700.0,0.0,0.0,-0.62
AAPL,2023-07-24 00:00:00-04:00,190.57168949200457,192.04967681854123,189.42870901778204,189.92137145996094,45377800.0,0.0,0.0,0.42
AAPL,2023-07-25 00:00:00-04:00,190.49284214012596,191.58655325087184,190.08885537064708,190.77857971191406,37283200.0,0.0,0.0,0.45
AAPL,2023-07-26 00:00:00-04:00,190.82785426220883,192.7689453418544,190.48299959942145,191.6456756591797,47471900.0,0.0,0.0,0.45
AAPL,2023-07-27 00:00:00-04:00,193.1433729163405,194.30604897209747,189.72429463258098,190.38446044921875,47460200.0,0.0,0.0,-0.66
AAPL,2023-07-28 00:00:00-04:00,191.81319626670884,193.74443968391378,191.2909752730755,192.9561767578125,48291400.0,0.0,0.0,1.35
AAPL,2023-07-31 00:00:00-04:00,193.1827862905988,193.60648379116893,192.39452340931743,193.5670623779297,38824100.0,0.0,0.0,0.32
AAPL,2023-08-01 00:00:00-04:00,193.36013930235927,193.8429388199064,192.41422090280528,192.7393798828125,35175100.0,0.0,0.0,-0.43
AAPL,2023-08-02 00:00:00-04:00,192.17773571935334,192.3156805851802,189.03456234552243,189.75384521484375,50389300.0,0.0,0.0,-1.55
AAPL,2023-08-03 00:00:00-04:00,188.75865610470643,189.54690382056828,187.89156557542466,188.36451721191406,61235200.0,0.0,0.0,-0.73
AAPL,2023-08-04 00:00:00-04:00,182.79747042079737,184.6301752435833,179.25029494609427,179.31927490234375,115956800.0,0.0,0.0,-4.8
AAPL,2023-08-07 00:00:00-04:00,179.4572213905704,180.44254624962392,174.74736976708382,176.22535705566406,97576100.0,0.0,0.0,-1.73
AAPL,2023-08-08 00:00:00-04:00,177.05299063908274,177.6244807463182,174.97395500417116,177.161376953125,67823000.0,0.0,0.0,0.53
AAPL,2023-08-09 00:00:00-04:00,178.21570618554995,178.2748232727554,174.41235154839882,175.57504272460938,60378500.0,0.0,0.0,-0.9
AAPL,2023-08-10 00:00:00-04:00,176.8460961883882,178.09746293161143,174.99369573264087,175.35826110839844,54686900.0,0.0,0.0,-0.12
AAPL,2023-08-11 00:00:00-04:00,174.95373578240464,176.2363757071569,174.1940069392339,175.41744995117188,52036700.0,0.24,0.0,0.03
AAPL,2023-08-14 00:00:00-04:00,175.59504844195268,177.2920967961584,174.9438523177461,177.06517028808594,43675600.0,0.0,0.0,0.94
AAPL,2023-08-15 00:00:00-04:00,176.49291042563854,177.08489459113486,174.68732936330193,175.0819854736328,43622600.0,0.0,0.0,-1.12
AAPL,2023-08-16 00:00:00-04:00,174.7662850202376,176.15745776554937,174.14468726786023,174.21376037597656,46964900.0,0.0,0.0,-0.5
AAPL,2023-08-17 00:00:00-04:00,174.77612136953763,175.14117901733323,171.16495931429398,171.6780242919922,66062900.0,0.0,0.0,-1.46
AAPL,2023-08-18 00:00:00-04:00,170.00075151281027,172.76339001893962,169.66529224450343,172.16152954101562,61172200.0,0.0,0.0,0.28
AAPL,2023-08-21 00:00:00-04:00,172.7337706675176,173.77962299820936,171.42151715942626,173.4934844970703,46311900.0,0.0,0.0,0.77
AAPL,2023-08-22 00:00:00-04:00,174.69723007914428,175.3089517053089,173.89804148878878,174.86495971679688,42038900.0,0.0,0.0,0.79
AAPL,2023-08-23 00:00:00-04:00,176.1377232252428,179.12728783194132,175.9502562936072,178.70301818847656,52722800.0,0.0,0.0,2.19
AAPL,2023-08-24 00:00:00-04:00,178.25900483655056,178.6832744289853,173.66118769058747,174.02626037597656,54945800.0,0.0,0.0,-2.62
AAPL,2023-08-25 00:00:00-04:00,175.0129348306344,176.7593040006282,173.4737548580186,176.2265167236328,51449600.0,0.0,0.0,1.26
AAPL,2023-08-28 00:00:00-04:00,177.68678985123202,178.18011761364104,176.16734696728648,177.78546142578125,43820700.0,0.0,0.0,0.88
AAPL,2023-08-29 00:00:00-04:00,177.3019791564373,182.43258442181371,177.10465107991652,181.66299438476562,53003900.0,0.0,0.0,2.18
AAPL,2023-08-30 00:00:00-04:00,182.47204640358012,185.34321714142652,182.27471834075723,185.1458740234375,60813900.0,0.0,0.0,1.92
AAPL,2023-08-31 00:00:00-04:00,185.33336235534645,186.5962801694583,184.97816577917948,185.3629608154297,60794500.0,0.0,0.0,0.12
AAPL,2023-09-01 00:00:00-04:00,186.961330634287,187.38558521498553,185.76747101772168,186.93173217773438,45766500.0,0.0,0.0,0.85
AAPL,2023-09-05 00:00:00-04:00,185.76745412260553,187.44476508042712,185.10639689444145,187.1685028076172,45280000.0,0.0,0.0,0.13
AAPL,2023-09-06 00:00:00-04:00,185.88585963952747,186.32986658571798,179.04834537431464,180.46913146972656,81755800.0,0.0,0.0,-3.58
AAPL,2023-09-07 00:00:00-04:00,172.84227669356144,175.83185624974686,171.22416252451072,175.19052124023438,112488800.0,0.0,0.0,-2.92
AAPL,2023-09-08 00:00:00-04:00,175.96999075471308,177.8347687964352,175.417451102765,175.80224609375,65551300.0,0.0,0.0,0.35
AAPL,2023-09-11 00:00:00-04:00,177.66702357259294,177.89395007164453,174.9734438173143,176.96649169921875,58953100.0,0.0,0.0,0.66
AAPL,2023-09-12 00:00:00-04:00,177.09477490699047,177.72623373133553,172.487096210491,173.9473419189453,90370200.0,0.0,0.0,-1.71
AAPL,2023-09-13 00:00:00-04:00,174.15456487501547,174.93403118667004,171.65832754990635,171.88526916503906,84267900.0,0.0,0.0,-1.19
AAPL,2023-09-14 00:00:00-04:00,171.6780505009118,173.75003299454158,171.2636570132194,173.39483642578125,60895800.0,0.0,0.0,0.88
AAPL,2023-09-15 00:00:00-04:00,174.12492983939754,174.14466716160445,171.50043808217407,172.67454528808594,109259500.0,0.0,0.0,-0.42
AAPL,2023-09-18 00:00:00-04:00,174.12492516303394,176.9862345995646,173.81906442528665,175.5950469970703,67257600.0,0.0,0.0,1.69
AAPL,2023-09-19 00:00:00-04:00,175.15110077928443,177.23294463154582,174.76630570968015,176.680419921875,51826900.0,0.0,0.0,0.62
AAPL,2023-09-20 00:00:00-04:00,176.8678428874874,177.3019736755132,173.0593524132158,173.14816284179688,58436200.0,0.0,0.0,-2.0
AAPL,2023-09-21 00:00:00-04:00,172.22069958579337,173.94734650075085,171.53990496478352,171.6089630126953,63149100.0,0.0,0.0,-0.89
AAPL,2023-09-22 00:00:00-04:00,172.33909518451154,174.7169382879251,171.7273736602944,172.45748901367188,56725400.0,0.0,0.0,0.49
AAPL,2023-09-25 00:00:00-04:00,171.87535356826675,174.6083930174941,171.82601779128095,173.7302703857422,46172700.0,0.0,0.0,0.74
AAPL,2023-09-26 00:00:00-04:00,172.4871029695211,172.8620217812148,169.3692683155077,169.66526794433594,64588900.0,0.0,0.0,-2.34
AAPL,2023-09-27 00:00:00-04:00,170.3164478696235,170.73084132501634,166.7940959712009,168.15567016601562,66921800.0,0.0,0.0,-0.89
AAPL,2023-09-28 00:00:00-04:00,167.08022534636603,169.7343308371659,165.38317681816312,168.41221618652344,56294400.0,0.0,0.0,0.15
AAPL,2023-09-29 00:00:00-04:00,169.7244661753788,170.76045735672912,168.06687727418498,168.92527770996094,51861100.0,0.0,0.0,0.3
AAPL,2023-10-02 00:00:00-04:00,168.93512915166482,171.9740294168616,168.6489906711008,171.43136596679688,52164500.0,0.0,0.0,1.48
AAPL,2023-10-03 00:00:00-04:00,169.96121885018417,171.31294670786232,168.54044801255043,170.09934997558594,49594600.0,0.0,0.0,-0.78
AAPL,2023-10-04 00:00:00-04:00,168.80687858022958,171.88525384459265,168.68848474300435,171.34259033203125,53020300.0,0.0,0.0,0.73
AAPL,2023-10-05 00:00:00-04:00,171.47083294671847,173.10868450108188,170.3756448658088,172.57589721679688,48527900.0,0.0,0.0,0.72
AAPL,2023-10-06 00:00:00-04:00,171.48069938400815,175.61478762599208,170.86896284182788,175.1214599609375,57266700.0,0.0,0.0,1.48
AAPL,2023-10-09 00:00:00-04:00,174.45055415802327,176.66066786762835,173.45403753652568,176.60147094726562,42390800.0,0.0,0.0,0.85
AAPL,2023-10-10 00:00:00-04:00,175.7233217666065,177.3216985969386,175.5753144327677,176.0094451904297,43698000.0,0.0,0.0,-0.34
AAPL,2023-10-11 00:00:00-04:00,175.82199530812358,177.44998580714199,175.23001108089,177.40065002441406,47551100.0,0.0,0.0,0.79
AAPL,2023-10-12 00:00:00-04:00,177.6670336186698,179.906730392158,176.6507647716162,178.29849243164062,56743100.0,0.0,0.0,0.51
AAPL,2023-10-13 00:00:00-04:00,178.99902980590412,179.5022186651883,175.76280113660414,176.4633331298828,51427100.0,0.0,0.0,-1.03
AAPL,2023-10-16 00:00:00-04:00,174.39137034887403,176.69027961186137,174.15456759445175,176.3350830078125,52517000.0,0.0,0.0,-0.07
AAPL,2023-10-17 00:00:00-04:00,174.29266779074965,176.03905203817294,172.467364361049,174.78599548339844,57549400.0,0.0,0.0,-0.88
AAPL,2023-10-18 00:00:00-04:00,173.23695950912395,175.21027033840411,172.77323025982977,173.4934844970703,54764400.0,0.0,0.0,-0.74
AAPL,2023-10-19 00:00:00-04:00,173.69082297603654,175.466805839834,172.85217485644313,173.1185760498047,59302900.0,0.0,0.0,-0.22
AAPL,2023-10-20 00:00:00-04:00,172.97056355030566,173.0790962513972,170.3361953203569,170.572998046875,64244000.0,0.0,0.0,-1.47
AAPL,2023-10-23 00:00:00-04:00,168.62926966195786,171.68789221712717,167.66233657820504,170.69137573242188,55980100.0,0.0,0.0,0.07
AAPL,2023-10-24 00:00:00-04:00,170.74070856198063,171.35243005141567,169.1620540054936,171.12550354003906,43816600.0,0.0,0.0,0.25
AAPL,2023-10-25 00:00:00-04:00,169.58633193718455,170.75057806188605,168.3727349771656,168.81674194335938,57157000.0,0.0,0.0,-1.35
AAPL,2023-10-26 00:00:00-04:00,168.0964746462511,169.0930062294273,163.459197305812,164.6629180908203,70625300.0,0.0,0.0,-2.46
AAPL,2023-10-27 00:00:00-04:00,164.6826577744484,166.70530437202822,164.60372353518264,165.9751739501953,58499100.0,0.0,0.0,0.8
AAPL,2023-10-30 00:00:00-04:00,166.76446060818319,168.88576319601256,166.61645329997643,168.0175018310547,51131000.0,0.0,0.0,1.23
AAPL,2023-10-31 00:00:00-04:00,167.09008588386948,168.61938959873203,165.6594236135805,168.4911346435547,44846000.0,0.0,0.0,0.28
AAPL,2023-11-01 00:00:00-04:00,168.71805482147735,171.9049471971035,167.84979334743332,171.64842224121094,56934900.0,0.0,0.0,1.87
AAPL,2023-11-02 00:00:00-04:00,173.17774724497193,175.40758286457637,173.11855033416663,175.2003936767578,77334800.0,0.0,0.0,2.07
AAPL,2023-11-03 00:00:00-04:00,171.91483559510309,174.46040823420765,171.03671292563865,174.29266357421875,79829200.0,0.0,0.0,-0.52
AAPL,2023-11-06 00:00:00-05:00,174.02628274488598,177.0355696443862,173.85855313497558,176.83824157714844,63841300.0,0.0,0.0,1.46
AAPL,2023-11-07 00:00:00-05:00,176.7889073081916,180.00541354681909,176.58171810512866,179.39369201660156,70530000.0,0.0,0.0,1.45
AAPL,2023-11-08 00:00:00-05:00,179.91664500198718,181.00195707049215,179.1667771510238,180.44943237304688,49340300.0,0.0,0.0,0.59
AAPL,2023-11-09 00:00:00-05:00,180.51847829944086,181.6629871195562,179.3838155582821,179.97581481933594,53763500.0,0.0,0.0,-0.26
AAPL,2023-11-10 00:00:00-05:00,181.75412225306079,184.32281184408907,181.3194195461175,184.15484619140625,66133400.0,0.24,0.0,2.32
AAPL,2023-11-13 00:00:00-05:00,183.58186108306094,183.7893232540613,181.9912524470517,182.5741424560547,43627500.0,0.0,0.0,-0.86
AAPL,2023-11-14 00:00:00-05:00,185.43920547847273,185.8442707665973,184.05607409829287,185.18234252929688,60108400.0,0.0,0.0,1.43
AAPL,2023-11-15 00:00:00-05:00,185.5873762590713,187.21749618530262,185.51821216432265,185.7454376220703,53790500.0,0.0,0.0,0.3
AAPL,2023-11-16 00:00:00-05:00,187.286705162902,188.65996251273407,186.37777296409004,187.42501831054688,54412900.0,0.0,0.0,0.9
AAPL,2023-11-17 00:00:00-05:00,187.95848017105547,188.08691917335904,186.29872264128753,187.4052276611328,50922700.0,0.0,0.0,-0.01
AAPL,2023-11-20 00:00:00-05:00,187.60280481288592,189.59847845797387,187.5929306882813,189.14401245117188,46505100.0,0.0,0.0,0.93
AAPL,2023-11-21 00:00:00-05:00,189.10451024981845,189.21318592585277,187.45462685911554,188.34378051757812,38134500.0,0.0,0.0,-0.42
AAPL,2023-11-22 00:00:00-05:00,189.18354656200316,190.60618938615343,188.53149251239262,189.00570678710938,39617700.0,0.0,0.0,0.35
AAPL,2023-11-24 00:00:00-05:00,188.57100791556658,188.60064536615056,186.970525284031,187.68185424804688,24048300.0,0.0,0.0,-0.7
AAPL,2023-11-27 00:00:00-05:00,187.6324520630897,188.37341847212542,186.62473352580105,187.50401306152344,40552600.0,0.0,0.0,-0.09
AAPL,2023-11-28 00:00:00-05:00,187.49413155220094,188.77847629228074,187.1187037624085,188.10665893554688,38415400.0,0.0,0.0,0.32
AAPL,2023-11-29 00:00:00-05:00,188.60063575450744,189.77630481775705,186.69388951411068,187.0890655517578,43014200.0,0.0,0.0,-0.54
AAPL,2023-11-30 00:00:00-05:00,187.55343368717286,188.02766309314677,185.92331344476767,187.662109375,48794400.0,0.0,0.0,0.31
AAPL,2023-12-01 00:00:00-05:00,188.0375111237308,189.2526917735191,186.95075439627809,188.93655395507812,45704800.0,0.0,0.0,0.68
AAPL,2023-12-04 00:00:00-05:00,187.69173962433385,187.76090372984268,185.1922139752508,187.1483612060547,43389500.0,0.0,0.0,-0.95
AAPL,2023-12-05 00:00:00-05:00,187.91897362196437,192.05849343193452,187.8893210956394,191.09030151367188,66628400.0,0.0,0.0,2.11
AAPL,2023-12-06 00:00:00-05:00,192.10788966712872,192.4141533735728,189.79607806848605,190.00355529785156,41089700.0,0.0,0.0,-0.57
AAPL,2023-12-07 00:00:00-05:00,191.29777821822415,192.6512720749557,191.2582515665674,191.93006896972656,47477700.0,0.0,0.0,1.01
AAPL,2023-12-08 00:00:00-05:00,191.86093042429425,193.62937898399056,191.3373152825971,193.35275268554688,53406400.0,0.0,0.0,0.74
AAPL,2023-12-11 00:00:00-05:00,190.78403090604945,191.15945870925907,189.11438419177532,190.85317993164062,60943700.0,0.0,0.0,-1.29
AAPL,2023-12-12 00:00:00-05:00,190.75440470261375,192.3746507369947,189.4107849369075,192.36477661132812,52696900.0,0.0,0.0,0.79
AAPL,2023-12-13 00:00:00-05:00,192.74018081786602,195.61513413450965,192.50308121236986,195.57562255859375,70404200.0,0.0,0.0,1.67
AAPL,2023-12-14 00:00:00-05:00,195.6349188149913,197.21563829918102,193.79732129680679,195.7238311767578,66831600.0,0.0,0.0,0.08
AAPL,2023-12-15 00:00:00-05:00,195.1508114803035,196.01032777733312,194.62719637119332,195.19033813476562,128538400.0,0.0,0.0,-0.27
AAPL,2023-12-18 00:00:00-05:00,193.7281513997374,194.26165570440122,192.04863040265064,193.5305633544922,55751900.0,0.0,0.0,-0.85
AAPL,2023-12-19 00:00:00-05:00,193.79729775296602,194.57777573643529,193.5305456250714,194.56790161132812,40714100.0,0.0,0.0,0.54
AAPL,2023-12-20 00:00:00-05:00,194.5283816611859,195.2989855460905,192.4833221435547,192.4833221435547,52242800.0,0.0,0.0,-1.07
AAPL,2023-12-21 00:00:00-05:00,193.73803856316968,194.70623052718972,191.16934877699248,192.3351287841797,46482500.0,0.0,0.0,-0.08
AAPL,2023-12-22 00:00:00-05:00,192.82909873139974,193.0563392932213,190.64572606781581,191.2681427001953,37149600.0,0.0,0.0,-0.55
AAPL,2023-12-26 00:00:00-05:00,191.2779991818499,191.55462542072405,190.50739536284337,190.72474670410156,28919300.0,0.0,0.0,-0.28
AAPL,2023-12-27 00:00:00-05:00,190.1715235726757,191.16935301152336,188.7883770898652,190.8235626220703,48087700.0,0.0,0.0,0.05
AAPL,2023-12-28 00:00:00-05:00,191.80160450052028,192.31534537884878,190.84328683757997,191.24835205078125,34049900.0,0.0,0.0,0.22
AAPL,2023-12-29 00:00:00-05:00,191.56450759639273,192.05848519728596,189.42064661751613,190.2110137939453,42672100.0,0.0,0.0,-0.54
AAPL,2024-01-02 00:00:00-05:00,184.89582930034302,186.17030008579113,181.6751004330507,183.40402221679688,82488700.0,0.0,0.0,-3.58
AAPL,2024-01-03 00:00:00-05:00,182.0011090098209,183.64111826756874,181.22061595613366,182.03074645996094,58414500.0,0.0,0.0,-0.75
AAPL,2024-01-04 00:00:00-05:00,179.95601742530297,180.88469764157387,178.70132528842504,179.7189178466797,71983600.0,0.0,0.0,-1.27
AAPL,2024-01-05 00:00:00-05:00,179.79801351656843,180.5587283410591,177.99992740412844,178.9977569580078,62379700.0,0.0,0.0,-0.4
AAPL,2024-01-08 00:00:00-05:00,179.89676064456035,183.36449308108033,179.3138706884217,183.32496643066406,59144500.0,0.0,0.0,2.42
AAPL,2024-01-09 00:00:00-05:00,181.7047275700206,182.9199083051763,180.52905841182087,182.9100341796875,42841800.0,0.0,0.0,-0.23
AAPL,2024-01-10 00:00:00-05:00,182.12956878813148,184.15486512874935,181.7047401626592,183.94740295410156,46792900.0,0.0,0.0,0.57
AAPL,2024-01-11 00:00:00-05:00,184.2931840827093,184.7970509584636,181.40835627398752,183.35462951660156,49128400.0,0.0,0.0,-0.32
AAPL,2024-01-12 00:00:00-05:00,183.81896194364214,184.49077939116623,182.95944565085554,183.68064880371094,40477800.0,0.0,0.0,0.18
AAPL,2024-01-16 00:00:00-05:00,179.96593271976667,182.04062970854807,178.7507369031224,181.41822814941406,65603000.0,0.0,0.0,-1.23
AAPL,2024-01-17 00:00:00-05:00,179.08665457169852,180.72664884969066,178.12833676151584,180.4796600341797,47317400.0,0.0,0.0,-0.52
AAPL,2024-01-18 00:00:00-05:00,183.84857190455077,186.86183815424235,183.59170899023258,186.3579864501953,78005800.0,0.0,0.0,3.26
AAPL,2024-01-19 00:00:00-05:00,187.04957995238564,189.63801803091337,186.5457281731689,189.25271606445312,68903000.0,0.0,0.0,1.55
AAPL,2024-01-22 00:00:00-05:00,189.98379650311966,192.97729968749402,189.94426985134535,191.5546417236328,60133900.0,0.0,0.0,1.22
AAPL,2024-01-23 00:00:00-05:00,192.67102493067515,193.39222799671276,191.49535584528522,192.82908630371094,42355600.0,0.0,0.0,0.67
AAPL,2024-01-24 00:00:00-05:00,193.06620457832125,194.0146482092326,191.999211146671,192.15728759765625,53631300.0,0.0,0.0,-0.35
AAPL,2024-01-25 00:00:00-05:00,192.86860899256396,193.9059649333701,190.78402298627717,191.8312530517578,54822100.0,0.0,0.0,-0.17
AAPL,2024-01-26 00:00:00-05:00,191.93007928184088,192.41416772814074,189.6281416366758,190.10235595703125,44594000.0,0.0,0.0,-0.9
AAPL,2024-01-29 00:00:00-05:00,189.69724999644458,189.88496387415157,187.2965263815559,189.42062377929688,47145600.0,0.0,0.0,-0.36
AAPL,2024-01-30 00:00:00-05:00,188.6401800108733,189.4898221386195,185.21197404804863,185.7751007080078,55859400.0,0.0,0.0,-1.92
AAPL,2024-01-31 00:00:00-05:00,184.78712556686926,184.84641553917146,182.129538862794,182.17892456054688,55467800.0,0.0,0.0,-1.94
AAPL,2024-02-01 00:00:00-05:00,181.77387226838383,184.69821105096443,181.60592170299904,184.6092987060547,64885400.0,0.0,0.0,1.33
AAPL,2024-02-02 00:00:00-05:00,177.6936383802958,185.07366557426653,177.0909850527091,183.6114959716797,102551700.0,0.0,0.0,-0.54
AAPL,2024-02-05 00:00:00-05:00,185.8837890630235,186.97054595458332,183.6016146657499,185.41944885253906,69668800.0,0.0,0.0,0.98
AAPL,2024-02-06 00:00:00-05:00,184.60931480628852,187.02980210381148,184.5204024536245,187.01992797851562,43490800.0,0.0,0.0,0.86
AAPL,2024-02-07 00:00:00-05:00,188.3437817688575,188.74884702540382,186.33823388644547,187.12860107421875,53439000.0,0.0,0.0,0.06
AAPL,2024-02-08 00:00:00-05:00,187.1088621926835,187.25704946443747,185.0934399218184,186.0517578125,40962000.0,0.0,0.0,-0.58
AAPL,2024-02-09 00:00:00-05:00,186.6155602859614,187.941120969739,185.9725760341758,186.81341552734375,45155200.0,0.24,0.0,0.41
AAPL,2024-02-12 00:00:00-05:00,186.38806813077576,186.63537211912902,184.7756412965565,185.1317596435547,41781900.0,0.0,0.0,-0.9
AAPL,2024-02-13 00:00:00-05:00,183.76663306878044,184.20189045877694,181.53099558275042,183.04449462890625,56529500.0,0.0,0.0,-1.13
AAPL,2024-02-14 00:00:00-05:00,183.32148884677065,183.52921572281525,180.4725423642709,182.16409301757812,54630500.0,0.0,0.0,-0.48
AAPL,2024-02-15 00:00:00-05:00,181.57057328309747,182.50043860227981,179.3943014199978,181.87722778320312,65434500.0,0.0,0.0,-0.16
AAPL,2024-02-16 00:00:00-05:00,181.4420093207192,182.8565961464917,179.71088120229672,180.34397888183594,49752500.0,0.0,0.0,-0.84
AAPL,2024-02-20 00:00:00-05:00,179.82955095197704,180.46264852115328,178.0588611409836,179.60203552246094,53665600.0,0.0,0.0,-0.41
AAPL,2024-02-21 00:00:00-05:00,179.97795967071906,180.91771184255438,178.71176441081158,180.35386657714844,41371400.0,0.0,0.0,0.42
AAPL,2024-02-22 00:00:00-05:00,181.50135795637885,182.96540858894926,180.4923684458442,182.3817596435547,52292200.0,0.0,0.0,1.12
AAPL,2024-02-23 00:00:00-05:00,183.01485026342843,183.04452553646294,180.26483093781445,180.5517120361328,45119700.0,0.0,0.0,-1.0
AAPL,2024-02-26 00:00:00-05:00,180.27471486922383,180.78909628027105,178.7018500832812,179.20635986328125,40867400.0,0.0,0.0,-0.75
AAPL,2024-02-27 00:00:00-05:00,179.1470080612827,181.93658908973126,177.62360710096542,180.66050720214844,54318900.0,0.0,0.0,0.81
AAPL,2024-02-28 00:00:00-05:00,180.54178846123017,181.14521076395337,178.1874648834917,179.4635467529297,48953900.0,0.0,0.0,-0.66
AAPL,2024-02-29 00:00:00-05:00,179.3151930681472,180.60117691942332,177.59395175081718,178.80079650878906,136682600.0,0.0,0.0,-0.37
AAPL,2024-03-01 00:00:00-05:00,177.6137198257161,178.5831471920378,175.46712311031385,177.7225341796875,73563100.0,0.0,0.0,-0.6
AAPL,2024-03-04 00:00:00-05:00,174.2503496506797,174.99226146882492,171.9157998591467,173.21168518066406,81510100.0,0.0,0.0,-2.54
AAPL,2024-03-05 00:00:00-05:00,168.9184826327907,170.18467763470022,167.7907772375202,168.28538513183594,95132400.0,0.0,0.0,-2.84
AAPL,2024-03-06 00:00:00-05:00,169.21525418377138,169.39332087872134,166.8609157238647,167.29617309570312,68587700.0,0.0,0.0,-0.59
AAPL,2024-03-07 00:00:00-05:00,167.32585131213037,168.88881413208614,166.67298033709926,167.17747497558594,71765100.0,0.0,0.0,-0.07
AAPL,2024-03-08 00:00:00-05:00,167.1774852017091,171.82679686006907,167.11813466346086,168.88882446289062,76267000.0,0.0,0.0,1.02
AAPL,2024-03-11 00:00:00-04:00,171.07499261235472,172.49946586057737,170.1945911039721,170.8870391845703,60139500.0,0.0,0.0,1.18
AAPL,2024-03-12 00:00:00-04:00,171.28273835287425,172.1532532324886,169.16581679091567,171.36187744140625,59825400.0,0.0,0.0,0.28
AAPL,2024-03-13 00:00:00-04:00,170.90681338658084,171.32228220007605,168.91848002185432,169.2845001220703,52488700.0,0.0,0.0,-1.21
AAPL,2024-03-14 00:00:00-04:00,171.04532782778392,172.43022407386235,170.19460153541087,171.1343536376953,72913500.0,0.0,0.0,1.09
AAPL,2024-03-15 00:00:00-04:00,169.32407812222547,170.75843811035156,168.4535633292171,170.75843811035156,121752700.0,0.0,0.0,-0.22
AAPL,2024-03-18 00:00:00-04:00,173.67665901704393,175.79358063684148,171.6487632139381,171.8466033935547,75604200.0,0.0,0.0,0.64
AAPL,2024-03-19 00:00:00-04:00,172.45988088096897,174.70540499850514,171.1640105835326,174.18112182617188,55215200.0,0.0,0.0,1.36
AAPL,2024-03-20 00:00:00-04:00,173.82501083363408,176.74319458007812,173.20180001631465,176.74319458007812,53423100.0,0.0,0.0,1.47
AAPL,2024-03-21 00:00:00-04:00,175.1406653733646,175.57592275278003,168.9976284397713,169.52191162109375,106181300.0,0.0,0.0,-4.09
AAPL,2024-03-22 00:00:00-04:00,169.90773784358905,171.18383495977668,168.22607363158104,170.42213439941406,71160100.0,0.0,0.0,0.53
AAPL,2024-03-25 00:00:00-04:00,168.7305586050563,170.08577952012527,167.6226265638577,169.00753784179688,54288300.0,0.0,0.0,-0.83
AAPL,2024-03-26 00:00:00-04:00,168.16670300567833,169.57138777241732,167.7512341389727,167.8798370361328,57388400.0,0.0,0.0,-0.67
AAPL,2024-03-27 00:00:00-04:00,168.5723193840286,171.72792116110978,168.27555153489823,171.4410400390625,60273300.0,0.0,0.0,2.12
AAPL,2024-03-28 00:00:00-04:00,169.89781453968297,170.37263389978352,168.67118150733492,169.63072204589844,65672700.0,0.0,0.0,-1.06
AAPL,2024-04-01 00:00:00-04:00,169.3438746978549,169.40322523760474,167.65230884379906,168.19638061523438,46240500.0,0.0,0.0,-0.85
AAPL,2024-04-02 00:00:00-04:00,167.25662806803024,167.51381877100314,166.41578850586058,167.0192108154297,49329500.0,0.0,0.0,-0.7
AAPL,2024-04-03 00:00:00-04:00,166.9697540235435,168.83937157047524,166.7620271262386,167.8204803466797,47691700.0,0.0,0.0,0.48
AAPL,2024-04-04 00:00:00-04:00,168.45355351894443,170.06598011820813,166.99942016601562,166.99942016601562,53704400.0,0.0,0.0,-0.49
AAPL,2024-04-05 00:00:00-04:00,167.7611226870966,168.5524984345705,167.12802510796487,167.75123596191406,42104800.0,0.0,0.0,0.45
AAPL,2024-04-08 00:00:00-04:00,167.20715459942008,167.37531948329715,166.425680716199,166.63340759277344,37425500.0,0.0,0.0,-0.67
AAPL,2024-04-09 00:00:00-04:00,166.88071513080217,168.2458378687617,166.53449863101693,167.8402557373047,42373800.0,0.0,0.0,0.72
AAPL,2024-04-10 00:00:00-04:00,166.97964653177021,167.2665125006067,165.30786924976792,165.97064208984375,49709300.0,0.0,0.0,-1.11
AAPL,2024-04-11 00:00:00-04:00,166.5246149420751,173.56784300454478,166.3465633103838,173.15235900878906,91070300.0,0.0,0.0,4.33
AAPL,2024-04-12 00:00:00-04:00,172.38075949507746,176.43655077441642,172.33131077483722,174.6460723876953,101670900.0,0.0,0.0,0.86
AAPL,2024-04-15 00:00:00-04:00,173.46890241983837,174.72521085075485,170.63974431610336,170.82769775390625,73531800.0,0.0,0.0,-2.19
AAPL,2024-04-16 00:00:00-04:00,169.89784277952464,171.88616144450353,166.45537543168857,167.55340576171875,73711200.0,0.0,0.0,-1.92
AAPL,2024-04-17 00:00:00-04:00,167.780901063059,168.80967890645843,166.18826293945312,166.18826293945312,50901200.0,0.0,0.0,-0.81
AAPL,2024-04-18 00:00:00-04:00,166.21794611620325,166.8213684176903,164.75391081370103,165.23861694335938,43122900.0,0.0,0.0,-0.57
AAPL,2024-04-19 00:00:00-04:00,164.41756936525925,164.60550769336635,162.31053482208006,163.22061157226562,68149400.0,0.0,0.0,-1.22
AAPL,2024-04-22 00:00:00-04:00,163.7350029833429,165.45622881020677,162.9930911354229,164.05154418945312,48116400.0,0.0,0.0,0.51
AAPL,2024-04-23 00:00:00-04:00,163.56685559955991,165.24851961582092,163.14148491226467,165.10012817382812,49537800.0,0.0,0.0,0.64
AAPL,2024-04-24 00:00:00-04:00,164.74402954196006,167.47427542099652,164.4176015378687,167.19729614257812,48251800.0,0.0,0.0,1.27
AAPL,2024-04-25 00:00:00-04:00,167.7017887376114,168.7701438382538,166.33666581552853,168.0579071044922,50558300.0,0.0,0.0,0.51
AAPL,2024-04-26 00:00:00-04:00,168.04800546826704,169.49225225997063,167.35554224826544,167.47425842285156,44838400.0,0.0,0.0,-0.35
AAPL,2024-04-29 00:00:00-04:00,171.50034913417457,174.1316669492416,171.2332717193323,171.6289520263672,68169400.0,0.0,0.0,2.48
AAPL,2024-04-30 00:00:00-04:00,171.46079655206535,173.10289859543835,168.1667057400835,168.49314880371094,65934800.0,0.0,0.0,-1.83
AAPL,2024-05-01 00:00:00-04:00,167.75123767315736,170.84748833564953,167.28630498280754,167.47425842285156,50383100.0,0.0,0.0,-0.6
AAPL,2024-05-02 00:00:00-04:00,170.64963546996492,171.54982559320527,169.04711048582428,171.16403198242188,94214900.0,0.0,0.0,2.2
AAPL,2024-05-03 00:00:00-04:00,184.637145231003,184.98337684032407,180.69018337477516,181.4024200439453,163224100.0,0.0,0.0,5.98
AAPL,2024-05-06 00:00:00-04:00,180.38352481626606,182.21356516877455,178.47433028646978,179.75042724609375,78569700.0,0.0,0.0,-0.91
AAPL,2024-05-07 00:00:00-04:00,181.47164781905605,182.9060078076493,179.36462828599997,180.43296813964844,77305800.0,0.0,0.0,0.38
AAPL,2024-05-08 00:00:00-04:00,180.878116710922,181.09574539643793,179.49320552179933,180.76930236816406,45057100.0,0.0,0.0,0.19
AAPL,2024-05-09 00:00:00-04:00,180.59128636681447,182.6686461865106,180.14614214666233,182.57962036132812,48983000.0,0.0,0.0,1.0
AAPL,2024-05-10 00:00:00-04:00,183.15410154420678,183.34230991411323,180.4102677646858,181.3215789794922,50759500.0,0.25,0.0,-0.69
AAPL,2024-05-13 00:00:00-04:00,183.68900761377958,185.3333368917867,182.87674310968822,184.5210723876953,72044800.0,0.0,0.0,1.76
AAPL,2024-05-14 00:00:00-04:00,185.7394637127145,186.52201273815805,184.53098214319476,185.66021728515625,52393600.0,0.0,0.0,0.62
AAPL,2024-05-15 00:00:00-04:00,186.13571225801192,188.8498308462509,185.60080260352015,187.92861938476562,70400000.0,0.0,0.0,1.22
AAPL,2024-05-16 00:00:00-04:00,188.67151097089564,189.29556710780693,187.86916171755817,188.04745483398438,52845200.0,0.0,0.0,0.06
AAPL,2024-05-17 00:00:00-04:00,187.72057759120682,189.00830557822601,187.39369174809892,188.07717895507812,41282900.0,0.0,0.0,0.02
AAPL,2024-05-20 00:00:00-04:00,187.54228461702792,190.10782534306233,187.22529890901677,189.2361297607422,44361300.0,0.0,0.0,0.62
AAPL,2024-05-21 00:00:00-04:00,189.28565540299905,190.91016932460286,189.11726241831752,190.5337677001953,42309400.0,0.0,0.0,0.69
AAPL,2024-05-22 00:00:00-04:00,190.45453220558076,190.99934196064652,188.47341681604038,189.0974578857422,34648500.0,0.0,0.0,-0.75
AAPL,2024-05-23 00:00:00-04:00,189.1767259420697,189.1965413303495,184.8678085460438,185.11544799804688,51005900.0,0.0,0.0,-2.11
AAPL,2024-05-24 00:00:00-04:00,187.03707622618555,188.78045200186543,186.26442746313117,188.1861114501953,36327000.0,0.0,0.0,1.66
AAPL,2024-05-28 00:00:00-04:00,189.70171236146703,191.17764887438426,187.31447963213384,188.19607543945312,52280100.0,0.0,0.0,0.01
AAPL,2024-05-29 00:00:00-04:00,187.81966829591175,190.43474032834183,187.7206064683214,188.4932403564453,53068000.0,0.0,0.0,0.16
AAPL,2024-05-30 00:00:00-04:00,188.9587703074631,190.36536034504638,188.83000809203267,189.4837646484375,49889100.0,0.0,0.0,0.53
AAPL,2024-05-31 00:00:00-04:00,189.6323735603605,190.7517086279001,188.11682144814546,190.43472290039062,75158300.0,0.0,0.0,0.5
AAPL,2024-06-03 00:00:00-04:00,191.07857147290113,193.14884852262287,190.7021698304424,192.19790649414062,50080500.0,0.0,0.0,0.93
AAPL,2024-06-04 00:00:00-04:00,192.80214765697744,193.47573474401025,191.20734917579057,192.514892578125,47471400.0,0.0,0.0,0.16
AAPL,2024-06-05 00:00:00-04:00,193.55494454203196,195.04078090785526,193.02995023528447,194.0205078125,54156800.0,0.0,0.0,0.78
AAPL,2024-06-06 00:00:00-04:00,193.8422276391208,194.64457691185422,192.33657578915964,192.64364624023438,41181800.0,0.0,0.0,-0.71
AAPL,2024-06-07 00:00:00-04:00,192.8120444256859,195.08042995429523,192.3068654552658,195.03089904785156,53103900.0,0.0,0.0,1.24
AAPL,2024-06-10 00:00:00-04:00,195.04078477848907,195.4370168860641,190.3356361933404,191.29647827148438,97010200.0,0.0,0.0,-1.91
AAPL,2024-06-11 00:00:00-04:00,191.82147267998263,205.20391549352811,191.8016724106265,205.19400024414062,172373300.0,0.0,0.0,7.26
AAPL,2024-06-12 00:00:00-04:00,205.41193016487838,218.1207863262847,204.94636687125956,211.05812072753906,198134300.0,0.0,0.0,2.86
AAPL,2024-06-13 00:00:00-04:00,212.71235034689784,214.70336573665497,209.60200000148347,212.21707153320312,97862700.0,0.0,0.0,0.55
AAPL,2024-06-14 00:00:00-04:00,211.8307711431916,213.13829945342002,209.30484597389386,210.48361206054688,70122700.0,0.0,0.0,-0.82
AAPL,2024-06-17 00:00:00-04:00,211.35528688913016,216.88260054537645,210.71143044440285,214.62413024902344,93728300.0,0.0,0.0,1.97
AAPL,2024-06-18 00:00:00-04:00,215.5354294813442,216.5656178731208,210.98877362098574,212.26658630371094,79943300.0,0.0,0.0,-1.1
AAPL,2024-06-20 00:00:00-04:00,211.90998899500866,212.2170745602359,206.87796947703916,207.7001190185547,86172500.0,0.0,0.0,-2.15
AAPL,2024-06-21 00:00:00-04:00,208.40344951202738,209.88928617334648,205.1544212217866,205.5308380126953,241805100.0,0.0,0.0,-1.04
AAPL,2024-06-24 00:00:00-04:00,205.75860450580527,210.69157660922147,204.63926969738108,206.1746368408203,80727000.0,0.0,0.0,0.31
AAPL,2024-06-25 00:00:00-04:00,207.17516333199532,209.38411816731477,206.64026875624833,207.09593200683594,55549700.0,0.0,0.0,0.45
AAPL,2024-06-26 00:00:00-04:00,209.5029437835443,212.83121810497767,208.6510635966682,211.23641967773438,66213200.0,0.0,0.0,2.0
AAPL,2024-06-27 00:00:00-04:00,212.66282504623206,213.70291360533915,210.34492376459474,212.07839965820312,49772700.0,0.0,0.0,0.4
AAPL,2024-06-28 00:00:00-04:00,213.73260601871965,214.0297763055812,208.3142550307382,208.6312255859375,82542700.0,0.0,0.0,-1.63
AAPL,2024-07-01 00:00:00-04:00,210.0873668962765,215.4561875080808,209.91897391071575,214.703369140625,60402900.0,0.0,0.0,2.91
AAPL,2024-07-02 00:00:00-04:00,214.1090169642201,218.29908645117231,213.0689435868198,218.19012451171875,58046200.0,0.0,0.0,1.62
AAPL,2024-07-03 00:00:00-04:00,217.92265588190668,219.45802307128906,216.96181387179615,219.45802307128906,37369800.0,0.0,0.0,0.58
AAPL,2024-07-05 00:00:00-04:00,219.55708698216947,224.3117665065084,219.55708698216947,224.2028045654297,60412400.0,0.0,0.0,2.16
AAPL,2024-07-08 00:00:00-04:00,224.945750993976,225.69858454124022,221.14201294311235,225.6688690185547,59085900.0,0.0,0.0,0.65
AAPL,2024-07-09 00:00:00-04:00,225.77780318070188,227.23392416937492,224.23253562897796,226.52072143554688,48076100.0,0.0,0.0,0.38
AAPL,2024-07-10 00:00:00-04:00,227.13486087511765,230.8791673967792,227.0853299721382,230.7801055908203,62627700.0,0.0,0.0,1.88
AAPL,2024-07-11 00:00:00-04:00,229.2051258414663,230.19568345608255,223.63819688403007,225.42120361328125,64710600.0,0.0,0.0,-2.32
AAPL,2024-07-12 00:00:00-04:00,226.7584454352943,230.44332094014862,226.5207061684713,228.36314392089844,53046500.0,0.0,0.0,1.31
AAPL,2024-07-15 00:00:00-04:00,234.2470836578572,234.99000194235262,230.88909361652622,232.1867218017578,62631300.0,0.0,0.0,1.67
AAPL,2024-07-16 00:00:00-04:00,232.781045805997,234.03905824310993,230.1362587163494,232.60275268554688,43234300.0,0.0,0.0,0.18
AAPL,2024-07-17 00:00:00-04:00,227.28346685481674,229.27449755440023,224.50000206743292,226.71885681152344,57345900.0,0.0,0.0,-2.53
AAPL,2024-07-18 00:00:00-04:00,228.10560948409145,228.26410233218343,220.17124832102243,222.06320190429688,66034600.0,0.0,0.0,-2.05
AAPL,2024-07-19 00:00:00-04:00,222.6971801635164,224.65848009632384,221.1717129043359,222.19198608398438,49151500.0,0.0,0.0,0.06
AAPL,2024-07-22 00:00:00-04:00,224.86647978572938,225.62921338494564,220.98349573063444,221.8452911376953,48201800.0,0.0,0.0,-0.16
AAPL,2024-07-23 00:00:00-04:00,222.25140445670337,224.7971447504236,220.57735968997056,222.88536071777344,39960300.0,0.0,0.0,0.47
AAPL,2024-07-24 00:00:00-04:00,221.88490694575157,222.67735606492835,215.0797809310421,216.47645568847656,61777600.0,0.0,0.0,-2.88
AAPL,2024-07-25 00:00:00-04:00,216.86274569098651,218.7646293872906,212.5934452947531,215.4363555908203,51391200.0,0.0,0.0,-0.48
AAPL,2024-07-26 00:00:00-04:00,216.6349499920164,217.41749898154802,213.9703475571551,215.90194702148438,41601300.0,0.0,0.0,0.22
AAPL,2024-07-29 00:00:00-04:00,214.91137828370984,217.22927938341869,213.7127969665886,216.17929077148438,36311800.0,0.0,0.0,0.13
AAPL,2024-07-30 00:00:00-04:00,217.1203256536185,218.24956072806748,214.07930652606245,216.7340087890625,41643800.0,0.0,0.0,0.26
AAPL,2024-07-31 00:00:00-04:00,219.34907597117163,221.70660788092644,218.5467267386139,219.9830322265625,50036300.0,0.0,0.0,1.5
AAPL,2024-08-01 00:00:00-04:00,222.25141811315143,222.36038006072013,214.97082835556836,216.2981719970703,62501000.0,0.0,0.0,-1.68
AAPL,2024-08-02 00:00:00-04:00,217.08069402896655,223.46980270062375,215.65430376795194,217.78399658203125,105568600.0,0.0,0.0,0.69
AAPL,2024-08-05 00:00:00-04:00,197.210135996183,211.48407659683002,194.14931622004067,207.2940216064453,119548600.0,0.0,0.0,-4.82
AAPL,2024-08-06 00:00:00-04:00,203.36148541473497,208.00720313955475,199.17143085232243,205.27325439453125,69660500.0,0.0,0.0,-0.97
AAPL,2024-08-07 00:00:00-04:00,204.94637966039352,211.62274392073394,204.4412006806638,207.8388214111328,63516400.0,0.0,0.0,1.25
AAPL,2024-08-08 00:00:00-04:00,211.0977289070064,212.1774330540979,206.85814362500793,211.29583740234375,47161100.0,0.0,0.0,1.66
AAPL,2024-08-09 00:00:00-04:00,210.09730322074367,214.73310620037486,209.9685258775167,214.19821166992188,42201600.0,0.0,0.0,1.37
AAPL,2024-08-12 00:00:00-04:00,214.27753840147545,217.68898821235913,213.81143620679725,215.7254180908203,38028100.0,0.25,0.0,0.71
AAPL,2024-08-13 00:00:00-04:00,217.19314118814535,220.04925425523973,217.19314118814535,219.4344024658203,44155300.0,0.0,0.0,1.72
AAPL,2024-08-14 00:00:00-04:00,218.7402072098891,221.17979111862692,217.8774142480331,219.8806610107422,41960600.0,0.0,0.0,0.2
AAPL,2024-08-15 00:00:00-04:00,222.73680476275757,223.48058303093393,220.91205724435386,222.85580444335938,46414000.0,0.0,0.0,1.35
AAPL,2024-08-16 00:00:00-04:00,222.0624088054674,224.94827173921567,221.7946444270254,224.17474365234375,44340200.0,0.0,0.0,0.59
AAPL,2024-08-19 00:00:00-04:00,223.84747960195193,224.115243980586,221.18970440160442,224.0160675048828,40687800.0,0.0,0.0,-0.07
AAPL,2024-08-20 00:00:00-04:00,223.8970689622142,225.28544883578485,223.57971634413767,224.63092041015625,30299000.0,0.0,0.0,0.27
AAPL,2024-08-21 00:00:00-04:00,224.64085012661386,226.08872985229075,223.1830436738614,224.52183532714844,34765500.0,0.0,0.0,-0.05
AAPL,2024-08-22 00:00:00-04:00,225.90029338876204,226.4457337259973,222.04256465043304,222.66734313964844,43695300.0,0.0,0.0,-0.83
AAPL,2024-08-23 00:00:00-04:00,223.78797197411373,226.32673228874265,222.46900358067504,224.9581756591797,38677300.0,0.0,0.0,1.03
AAPL,2024-08-26 00:00:00-04:00,224.87886564108967,225.39455612332776,222.03267909150793,225.29537963867188,30602200.0,0.0,0.0,0.15
AAPL,2024-08-27 00:00:00-04:00,224.1251624880706,226.95152567852384,223.02437015551794,226.13832092285156,35934600.0,0.0,0.0,0.37
AAPL,2024-08-28 00:00:00-04:00,226.02921369079436,227.95312221094204,223.80779089178384,224.611083984375,38052200.0,0.0,0.0,-0.68
AAPL,2024-08-29 00:00:00-04:00,228.1911537968638,230.98775191089825,226.9812734022471,227.8837127685547,51906300.0,0.0,0.0,1.46
AAPL,2024-08-30 00:00:00-04:00,228.2803652651616,228.48861464853783,225.5928405423183,227.10023498535156,52990800.0,0.0,0.0,-0.34
AAPL,2024-09-03 00:00:00-04:00,226.65401607692846,227.1002799762046,219.33523365285652,220.92196655273438,50190600.0,0.0,0.0,-2.72
AAPL,2024-09-04 00:00:00-04:00,219.82116129878526,219.94016096302124,215.67582978550038,219.01788330078125,43840200.0,0.0,0.0,-0.86
AAPL,2024-09-05 00:00:00-04:00,219.79140861107143,223.60946073514918,219.6823205428289,220.53518676757812,36615400.0,0.0,0.0,0.69
AAPL,2024-09-06 00:00:00-04:00,222.0921370424939,223.37144384512357,217.9468210396507,218.9881134033203,48423000.0,0.0,0.0,-0.7
AAPL,2024-09-09 00:00:00-04:00,218.98812757352732,219.4343914347755,214.91222272734436,219.07737731933594,67180000.0,0.0,0.0,0.04
AAPL,2024-09-10 00:00:00-04:00,217.10388142289187,219.6426417511051,214.9320468059923,218.2840118408203,51591000.0,0.0,0.0,-0.36
AAPL,2024-09-11 00:00:00-04:00,219.62283934479092,221.23930705217748,216.08244775598524,220.81288146972656,44587100.0,0.0,0.0,1.16
AAPL,2024-09-12 00:00:00-04:00,220.65420216028613,221.6954946800681,217.99644195502805,220.92196655273438,37455600.0,0.0,0.0,0.05
AAPL,2024-09-13 00:00:00-04:00,221.72521710949164,222.18139254741286,220.06907298412548,220.6541748046875,36766600.0,0.0,0.0,-0.12
AAPL,2024-09-16 00:00:00-04:00,214.7436126542421,215.41797935337752,212.14535259122513,214.52545166015625,59357400.0,0.0,0.0,-2.78
AAPL,2024-09-17 00:00:00-04:00,213.96019610771708,215.10064996456288,212.72056577105593,214.99156188964844,45519300.0,0.0,0.0,0.22
AAPL,2024-09-18 00:00:00-04:00,215.74527154351298,220.86246931704028,215.73534481599032,218.85922241210938,59894900.0,0.0,0.0,1.8
AAPL,2024-09-19 00:00:00-04:00,223.12354184254357,227.91347512552952,222.76652771175563,226.97134399414062,66781300.0,0.0,0.0,3.71
AAPL,2024-09-20 00:00:00-04:00,228.0622053540531,231.1563174701668,225.73169454082358,226.306884765625,318679900.0,0.0,0.0,-0.29
AAPL,2024-09-23 00:00:00-04:00,225.4540253555904,227.54652178723228,223.9367191660146,224.59124755859375,54146000.0,0.0,0.0,-0.76
AAPL,2024-09-24 00:00:00-04:00,226.75314473243895,227.44734973367454,223.85737047004787,225.4837646484375,43556100.0,0.0,0.0,0.4
AAPL,2024-09-25 00:00:00-04:00,223.06400902085235,225.40443143928672,222.16156973744518,224.4920654296875,42308700.0,0.0,0.0,-0.44
AAPL,2024-09-26 00:00:00-04:00,225.41433122493302,226.6043730459988,223.54001119539865,225.63250732421875,36636700.0,0.0,0.0,0.51
AAPL,2024-09-27 00:00:00-04:00,226.56473891662026,227.61594290444046,225.41435845997736,225.90028381347656,34026000.0,0.0,0.0,0.12
AAPL,2024-09-30 00:00:00-04:00,228.1316114938428,231.0670623779297,227.7448474882838,231.0670623779297,54541900.0,0.0,0.0,2.29
AAPL,2024-10-01 00:00:00-04:00,227.6159583693189,227.74486962890148,221.88390914906273,224.3334197998047,63285000.0,0.0,0.0,-2.91
AAPL,2024-10-02 00:00:00-04:00,224.0160654907427,225.48378349827837,221.16987922367838,224.898681640625,32880600.0,0.0,0.0,0.25
AAPL,2024-10-03 00:00:00-04:00,223.27228007150777,224.928424248049,221.46738631978812,223.79788208007812,34044200.0,0.0,0.0,-0.49
AAPL,2024-10-04 00:00:00-04:00,226.00938361911108,226.10856009308668,222.27066963907552,224.91851806640625,37245100.0,0.0,0.0,0.5
AAPL,2024-10-07 00:00:00-04:00,222.63757729885364,223.81770763530983,219.49387702101052,219.85089111328125,39505400.0,0.0,0.0,-2.25
AAPL,2024-10-08 00:00:00-04:00,222.43925780658088,224.10531361949606,221.3979653574062,223.89706420898438,31855700.0,0.0,0.0,1.84
AAPL,2024-10-09 00:00:00-04:00,223.36153007501719,227.84403724277382,222.96485445261254,227.63577270507812,33591100.0,0.0,0.0,1.67
AAPL,2024-10-10 00:00:00-04:00,225.89039642732237,227.59612897487835,225.28545621996582,227.1399383544922,28183500.0,0.0,0.0,-0.22
AAPL,2024-10-11 00:00:00-04:00,227.39777482080956,227.5068628874906,225.4540279414576,225.66229248046875,31759200.0,0.0,0.0,-0.65
AAPL,2024-10-14 00:00:00-04:00,226.80274288926017,229.8076053434174,226.70358155060512,229.3811798095703,39882100.0,0.0,0.0,1.65
AAPL,2024-10-15 00:00:00-04:00,231.67203496624026,235.51985237359267,230.4423162246621,231.91004943847656,64751400.0,0.0,0.0,1.1
AAPL,2024-10-16 00:00:00-04:00,229.67870875165642,230.19438406287304,227.9332995992129,229.85720825195312,34082200.0,0.0,0.0,-0.89
AAPL,2024-10-17 00:00:00-04:00,231.49350124327563,231.91003031839952,228.60765355789445,230.22412109375,32993800.0,0.0,0.0,0.16
AAPL,2024-10-18 00:00:00-04:00,234.2206950473064,234.2206950473064,232.0686987091599,233.0504913330078,46431500.0,0.0,0.0,1.23
AAPL,2024-10-21 00:00:00-04:00,232.5050605584077,234.8851598599691,232.5050605584077,234.51821899414062,36254500.0,0.0,0.0,0.63
AAPL,2024-10-22 00:00:00-04:00,231.94969236544068,234.26036494372266,230.67040061866737,233.90335083007812,38846600.0,0.0,0.0,-0.26
AAPL,2024-10-23 00:00:00-04:00,232.1381071008503,233.18931106897517,225.87052966736016,228.84564208984375,52287000.0,0.0,0.0,-2.16
AAPL,2024-10-24 00:00:00-04:00,228.07212485007065,228.90516786821388,226.51515714412935,228.65724182128906,31109500.0,0.0,0.0,-0.08
AAPL,2024-10-25 00:00:00-04:00,227.83412074973037,231.28524701350278,227.665532857223,229.49026489257812,38802300.0,0.0,0.0,0.36
AAPL,2024-10-28 00:00:00-04:00,231.38443735420992,232.78272881287972,230.62082086290692,231.46376037597656,36087100.0,0.0,0.0,0.86
AAPL,2024-10-29 00:00:00-04:00,231.16627329542206,232.38606532055925,230.39274516902225,231.73153686523438,35417200.0,0.0,0.0,0.12
AAPL,2024-10-30 00:00:00-04:00,230.68030356750913,231.53316974412917,227.64569128136466,228.19113159179688,47070900.0,0.0,0.0,-1.53
AAPL,2024-10-31 00:00:00-04:00,227.43742665071557,227.92336713292326,223.5003599556127,224.035888671875,64370100.0,0.0,0.0,-1.82
AAPL,2024-11-01 00:00:00-04:00,219.13688241025088,223.4805517303345,218.44269248362247,221.060791015625,65276700.0,0.0,0.0,-1.33
AAPL,2024-11-04 00:00:00-05:00,219.15670083339904,220.94175615916865,217.88732075932978,220.16822814941406,44944500.0,0.0,0.0,-0.4
AAPL,2024-11-05 00:00:00-05:00,219.9599923572388,222.09215031274817,219.3054639601429,221.59629821777344,28111300.0,0.0,0.0,0.65
AAPL,2024-11-06 00:00:00-05:00,220.76327216240406,224.19457534628128,219.35505401685137,220.8723602294922,54561100.0,0.0,0.0,-0.33
AAPL,2024-11-07 00:00:00-05:00,222.7665321945981,225.9895710313294,222.70703236030374,225.59288024902344,42137700.0,0.0,0.0,2.14
AAPL,2024-11-08 00:00:00-05:00,225.53329235935942,227.01256271730918,224.77877343219782,225.32481384277344,38328800.0,0.25,0.0,-0.12
AAPL,2024-11-11 00:00:00-05:00,223.3789433198207,224.07389700260043,219.90415975706793,222.61448669433594,42005600.0,0.0,0.0,-1.2
AAPL,2024-11-12 00:00:00-05:00,222.93218846295187,223.96468891324545,221.75075962779928,222.61448669433594,40398300.0,0.0,0.0,0.0
AAPL,2024-11-13 00:00:00-05:00,222.39604361529624,225.01702229393592,221.15504963584843,223.498046875,48566200.0,0.0,0.0,0.4
AAPL,2024-11-14 00:00:00-05:00,223.3987876531247,227.2210402122622,223.3789275067786,226.5757293701172,44923900.0,0.0,0.0,1.38
AAPL,2024-11-15 00:00:00-05:00,224.76884409236825,225.28510187679902,222.65420045885568,223.37893676757812,47923700.0,0.0,0.0,-1.41
AAPL,2024-11-18 00:00:00-05:00,223.62711979019133,228.08477571151616,223.54769435597734,226.37716674804688,44633700.0,0.0,0.0,1.34
AAPL,2024-11-19 00:00:00-05:00,225.34467799276683,228.501774994788,225.02699136706502,226.63531494140625,36211800.0,0.0,0.0,0.11
AAPL,2024-11-20 00:00:00-05:00,226.4168677573381,228.2733899080337,224.2625040209905,227.35009765625,35169600.0,0.0,0.0,0.32
AAPL,2024-11-21 00:00:00-05:00,227.2309725554499,228.50174921258224,224.08381355701644,226.87356567382812,42108300.0,0.0,0.0,-0.21
AAPL,2024-11-22 00:00:00-05:00,226.4168797117104,229.05771868234922,226.4168797117104,228.21383666992188,38168300.0,0.0,0.0,0.59
AAPL,2024-11-25 00:00:00-05:00,229.79241557012372,231.56951255942457,228.08480637706975,231.19224548339844,90152800.0,0.0,0.0,1.31
AAPL,2024-11-26 00:00:00-05:00,231.64890834638587,233.8727750720934,231.64890834638587,233.36643981933594,45986200.0,0.0,0.0,0.94
AAPL,2024-11-27 00:00:00-05:00,232.78070364946953,233.99191506726265,232.12545514826604,233.2373809814453,33498400.0,0.0,0.0,-0.06
AAPL,2024-11-29 00:00:00-05:00,233.11825362062933,236.0966394139658,232.28430923421996,235.62010192871094,28481400.0,0.0,0.0,1.02
AAPL,2024-12-02 00:00:00-05:00,235.5605381566453,239.0551666028684,235.45133007089746,237.8638153076172,48137100.0,0.0,0.0,0.95
AAPL,2024-12-03 00:00:00-05:00,238.08224409194108,241.01098726633802,237.1787967118795,240.9017791748047,38861000.0,0.0,0.0,1.28
AAPL,2024-12-04 00:00:00-05:00,241.12017980186528,242.35125137710352,239.51185632927692,241.25917053222656,44383900.0,0.0,0.0,0.15
AAPL,2024-12-05 00:00:00-05:00,242.2321233137982,242.77814859306412,240.38552350615552,241.28895568847656,40033900.0,0.0,0.0,0.01
AAPL,2024-12-06 00:00:00-05:00,241.15989600483465,242.86750503393802,240.33587413565135,241.09039306640625,36870600.0,0.0,0.0,-0.08
AAPL,2024-12-09 00:00:00-05:00,240.08769312504634,245.4587194212017,240.00826768189094,244.9722442626953,44649200.0,0.0,0.0,1.61
AAPL,2024-12-10 00:00:00-05:00,245.11121388943334,246.4217108653419,243.57237825215392,245.98487854003906,36914800.0,0.0,0.0,0.41
AAPL,2024-12-11 00:00:00-05:00,246.17352158557497,248.9930565140259,244.48575750906295,244.714111328125,45205800.0,0.0,0.0,-0.52
AAPL,2024-12-12 00:00:00-05:00,245.11120954102955,246.9478867446912,243.90992066775823,246.1735076904297,32777500.0,0.0,0.0,0.6
AAPL,2024-12-13 00:00:00-05:00,246.03453629863122,247.4939314395242,244.46591792091505,246.34230041503906,33155300.0,0.0,0.0,0.07
AAPL,2024-12-16 00:00:00-05:00,246.2033097230519,249.56888515433104,245.86574781090837,249.2313232421875,51694800.0,0.0,0.0,1.17
AAPL,2024-12-17 00:00:00-05:00,248.27824960945253,252.00123197197036,247.98040799068028,251.65374755859375,51356400.0,0.0,0.0,0.97
AAPL,2024-12-18 00:00:00-05:00,250.3432367039591,252.44795764195715,245.95508381781758,246.26284790039062,56774100.0,0.0,0.0,-2.14
AAPL,2024-12-19 00:00:00-05:00,245.71683140567848,250.184410158509,245.3097817058068,247.99032592773438,60882300.0,0.0,0.0,0.7
AAPL,2024-12-20 00:00:00-05:00,246.25295201238012,253.1628143156686,243.91989202858784,252.656494140625,147495300.0,0.0,0.0,1.88
AAPL,2024-12-23 00:00:00-05:00,252.93446477293034,253.80811434244586,251.6239676953758,253.4308624267578,40858800.0,0.0,0.0,0.31
AAPL,2024-12-24 00:00:00-05:00,253.64927033575188,256.34965954757746,253.45069916161225,256.3397521972656,23234700.0,0.0,0.0,1.15
AAPL,2024-12-26 00:00:00-05:00,256.32983230675023,258.2260750496306,255.77386933789322,257.1538391113281,27237100.0,0.0,0.0,0.32
AAPL,2024-12-27 00:00:00-05:00,255.97238682838486,256.836144148833,251.2367643772991,253.74853515625,42355300.0,0.0,0.0,-1.32
AAPL,2024-12-30 00:00:00-05:00,250.41276299480816,251.67361731138075,248.9434301413362,250.3829803466797,35557500.0,0.0,0.0,-1.33
AAPL,2024-12-31 00:00:00-05:00,250.62123433005314,251.45517870098834,247.63291094425557,248.61578369140625,39480700.0,0.0,0.0,-0.71
AAPL,2025-01-02 00:00:00-05:00,247.1365264348607,247.3053149666319,240.07776640397734,242.0931396484375,55740700.0,0.0,0.0,-2.62
AAPL,2025-01-03 00:00:00-05:00,241.60665893554688,242.42074318433572,240.14724866814672,241.60665893554688,40244100.0,0.0,0.0,-0.2
AAPL,2025-01-06 00:00:00-05:00,242.5498168429892,245.54806288478193,241.4478134561986,243.23484802246094,45045600.0,0.0,0.0,0.67
AAPL,2025-01-07 00:00:00-05:00,241.22937670987722,243.78086767976055,239.6111308132576,240.46493530273438,40856000.0,0.0,0.0,-1.14
AAPL,2025-01-08 00:00:00-05:00,240.17703689438372,241.9541489627904,238.32051453305579,240.951416015625,37628900.0,0.0,0.0,0.2
AAPL,2025-01-10 00:00:00-05:00,238.28079154222544,238.4297199246896,231.32130202918376,235.14356994628906,61710900.0,0.0,0.0,-2.41
AAPL,2025-01-13 00:00:00-05:00,231.84748509521594,232.9792711307645,228.06493742769467,232.71121215820312,49630700.0,0.0,0.0,-1.03
AAPL,2025-01-14 00:00:00-05:00,233.05869925952226,234.41882398797216,230.79512716232853,231.5992889404297,39435300.0,0.0,0.0,-0.48
AAPL,2025-01-15 00:00:00-05:00,232.94946471611047,237.2383472440859,232.74097105897866,236.15618896484375,39832000.0,0.0,0.0,1.97
AAPL,2025-01-16 00:00:00-05:00,235.63995285298606,236.29518618874627,226.38709407905125,226.6154327392578,71759100.0,0.0,0.0,-4.04
AAPL,2025-01-17 00:00:00-05:00,230.44764042021458,230.6164138035219,226.833866130533,228.32305908203125,68488300.0,0.0,0.0,0.75
AAPL,2025-01-21 00:00:00-05:00,222.38613659782595,222.8031087860845,217.79942737812888,221.0359344482422,98070400.0,0.0,0.0,-3.19
AAPL,2025-01-22 00:00:00-05:00,218.2064751614249,222.5052806842356,218.2064751614249,222.21737670898438,64126500.0,0.0,0.0,0.53
AAPL,2025-01-23 00:00:00-05:00,223.1208199792776,225.394314538592,220.69839703644928,222.04859924316406,60234800.0,0.0,0.0,-0.08
AAPL,2025-01-24 00:00:00-05:00,223.16050188156166,224.00438385368136,219.81478693461753,221.17491149902344,54697900.0,0.0,0.0,-0.39
AAPL,2025-01-27 00:00:00-05:00,222.40601266103107,230.47742834163907,222.36629236472388,228.2039337158203,94863400.0,0.0,0.0,3.18
AAPL,2025-01-28 00:00:00-05:00,229.18679454547646,238.4594987479956,229.147074251248,236.54339599609375,75707600.0,0.0,0.0,3.65
AAPL,2025-01-29 00:00:00-05:00,232.43321505583046,238.1318651456976,232.3240069742682,237.63546752929688,45486100.0,0.0,0.0,0.46
AAPL,2025-01-30 00:00:00-05:00,236.95044029141235,239.05516137192973,235.50096771104396,235.8782196044922,55658300.0,0.0,0.0,-0.74
AAPL,2025-01-31 00:00:00-05:00,245.40906406001392,245.40906406001392,231.75812916176676,234.2996826171875,100959800.0,0.0,0.0,-0.67
AAPL,2025-02-03 00:00:00-05:00,228.33297872450572,230.15971829856622,224.0738787357251,226.3672332763672,73063300.0,0.0,0.0,-3.39
AAPL,2025-02-04 00:00:00-05:00,225.61273982041166,231.45038123633566,225.01705656002386,231.1227569580078,45067300.0,0.0,0.0,2.1
AAPL,2025-02-05 00:00:00-05:00,226.8835194075747,230.9936915376493,226.62539807097704,230.79513549804688,39620300.0,0.0,0.0,-0.14
AAPL,2025-02-06 00:00:00-05:00,229.62361584180033,232.11554171369926,228.7698112868805,231.5397186279297,29925300.0,0.0,0.0,0.32
AAPL,2025-02-07 00:00:00-05:00,230.9241838961893,232.31409120281862,225.62264568638093,225.989990234375,39707200.0,0.0,0.0,-2.4
AAPL,2025-02-10 00:00:00-05:00,228.16659197494192,229.18034555631772,225.81107002878403,226.25831604003906,33115600.0,0.25,0.0,0.12
AAPL,2025-02-11 00:00:00-05:00,226.8049592810601,233.7919821040532,226.7353950927951,231.19793701171875,53718400.0,0.0,0.0,2.18
AAPL,2025-02-12 00:00:00-05:00,229.7866449882993,235.5114431570428,229.2698195612854,235.42198181152344,45243300.0,0.0,0.0,1.83
AAPL,2025-02-13 00:00:00-05:00,235.4617298072221,240.85852795215618,234.1299251101732,240.05348205566406,53614100.0,0.0,0.0,1.97
AAPL,2025-02-14 00:00:00-05:00,239.77519417214083,244.04891051069433,239.51678905976664,243.10472106933594,40896200.0,0.0,0.0,1.27
AAPL,2025-02-18 00:00:00-05:00,242.6574585849239,243.6811607859394,240.36158248040348,242.9755096435547,48822500.0,0.0,0.0,-0.05
AAPL,2025-02-19 00:00:00-05:00,243.16436963880025,244.50610783818917,241.67353930691675,243.37307739257812,32204200.0,0.0,0.0,0.16
AAPL,2025-02-20 00:00:00-05:00,243.44265077076676,245.2713989598738,242.7966152101895,244.32720947265625,32316900.0,0.0,0.0,0.39
AAPL,2025-02-21 00:00:00-05:00,244.44645306890683,247.1697083342209,243.72091995824803,244.0489044189453,53197400.0,0.0,0.0,-0.11
AAPL,2025-02-24 00:00:00-05:00,243.43269920852308,247.33868242018207,242.92582237394555,245.58944702148438,51326400.0,0.0,0.0,0.63
AAPL,2025-02-25 00:00:00-05:00,246.48392314447185,248.4716967182176,243.41281661275679,245.52978515625,48013300.0,0.0,0.0,-0.02
AAPL,2025-02-26 00:00:00-05:00,242.83637220684057,243.48239258336395,237.66816369812489,238.89064025878906,44433600.0,0.0,0.0,-2.7
AAPL,2025-02-27 00:00:00-05:00,237.94646720738686,240.97782529617328,235.61082691795045,235.849365234375,41153600.0,0.0,0.0,-1.27
AAPL,2025-02-28 00:00:00-05:00,235.50146657809572,240.61004395755495,228.79273089598732,240.361572265625,56833400.0,0.0,0.0,1.91
AAPL,2025-03-03 00:00:00-05:00,240.31189930334125,242.53821134874983,234.66662916873,236.57489013671875,47184000.0,0.0,0.0,-1.58
AAPL,2025-03-04 00:00:00-05:00,236.25684921580154,238.60242278275774,233.24535811530478,234.4877166748047,53798100.0,0.0,0.0,-0.88
AAPL,2025-03-05 00:00:00-05:00,233.98083809185871,235.1039350742086,227.82867612475383,234.29888916015625,47227600.0,0.0,0.0,-0.08
AAPL,2025-03-06 00:00:00-05:00,233.00682927336524,236.4059203890797,231.73465535282332,233.89138793945312,45170400.0,0.0,0.0,-0.17
AAPL,2025-03-07 00:00:00-05:00,233.67272217403436,239.8944479764648,233.3248557337566,237.6085205078125,46273600.0,0.0,0.0,1.59
AAPL,2025-03-10 00:00:00-04:00,234.10011191080184,234.71633209649934,222.84932017741133,226.08938598632812,72071200.0,0.0,0.0,-4.85
AAPL,2025-03-11 00:00:00-04:00,222.4418047589131,224.4593937721428,216.1206840338927,219.48995971679688,76137400.0,0.0,0.0,-2.92
AAPL,2025-03-12 00:00:00-04:00,218.7942505386503,220.39440897367027,213.5962265598192,215.653564453125,62547500.0,0.0,0.0,-1.75
AAPL,2025-03-13 00:00:00-04:00,214.6298526174969,215.5144112677834,207.14588618522245,208.39817810058594,61368300.0,0.0,0.0,-3.36
AAPL,2025-03-14 00:00:00-04:00,209.9585940343847,212.64208545758027,208.2988048386841,212.18490600585938,60107600.0,0.0,0.0,1.82
AAPL,2025-03-17 00:00:00-04:00,212.00598815128762,213.904315554563,208.6864099217596,212.6917724609375,48073400.0,0.0,0.0,0.24
AAPL,2025-03-18 00:00:00-04:00,212.85081593904235,213.83475423543342,210.19713981325924,211.38980102539062,42432400.0,0.0,0.0,-0.61
AAPL,2025-03-19 00:00:00-04:00,212.91044076829724,217.4226803637017,212.443312738742,213.92420959472656,54385400.0,0.0,0.0,1.2
AAPL,2025-03-20 00:00:00-04:00,212.6818400591608,216.16044383082547,210.9226561911479,212.79116821289062,48862900.0,0.0,0.0,-0.53
AAPL,2025-03-21 00:00:00-04:00,210.26669685360034,217.5021918152461,209.9884097524224,216.93568420410156,94127800.0,0.0,0.0,1.95
AAPL,2025-03-24 00:00:00-04:00,219.64899945464327,220.1260609084734,217.24379503613238,219.38064575195312,44299500.0,0.0,0.0,1.13
AAPL,2025-03-25 00:00:00-04:00,219.42039321145907,222.7300380772677,218.73460889257407,222.38217163085938,34493600.0,0.0,0.0,1.37
AAPL,2025-03-26 00:00:00-04:00,222.1436424317859,223.64442126802376,219.12223310716143,220.17575073242188,34466100.0,0.0,0.0,-0.99
AAPL,2025-03-27 00:00:00-04:00,220.03659916949772,223.61459773398053,219.21167130142226,222.4815673828125,37094800.0,0.0,0.0,1.05
AAPL,2025-03-28 00:00:00-04:00,220.31487416588553,222.44179120535847,216.34926057176412,216.5679168701172,39818600.0,0.0,0.0,-2.66
AAPL,2025-03-31 00:00:00-04:00,215.6833836525119,224.24075018814546,214.90815310911736,220.7720947265625,65299300.0,0.0,0.0,1.94
AAPL,2025-04-01 00:00:00-04:00,218.46626491168394,222.31260214779184,217.5618242432653,221.8256072998047,36412700.0,0.0,0.0,0.48
AAPL,2025-04-02 00:00:00-04:00,219.96705040499884,223.81338775742097,219.66888130946384,222.52133178710938,35905900.0,0.0,0.0,0.31
AAPL,2025-04-03 00:00:00-04:00,204.28351646204925,206.22160814156834,200.01974813123203,201.94789123535156,103419000.0,0.0,0.0,-9.25
AAPL,2025-04-04 00:00:00-04:00,192.70471987275084,198.65810753704542,186.19475800144227,187.22840881347656,125910900.0,0.0,0.0,-7.29
AAPL,2025-04-07 00:00:00-04:00,176.11672557211514,192.96310261722135,173.5524959881376,180.35069274902344,160466300.0,0.0,0.0,-3.67
AAPL,2025-04-08 00:00:00-04:00,185.55866963100107,189.17641711488596,168.175598539417,171.365966796875,120859500.0,0.0,0.0,-4.98
AAPL,2025-04-09 00:00:00-04:00,170.89883496621582,199.38363475051753,170.83920418374143,197.6343994140625,184395900.0,0.0,0.0,15.33
AAPL,2025-04-10 00:00:00-04:00,187.9141823452429,193.58926741380884,181.88128226075605,189.25592041015625,121880000.0,0.0,0.0,-4.24
AAPL,2025-04-11 00:00:00-04:00,184.96235041538483,198.32017705332044,184.92258644836306,196.9386749267578,87435900.0,0.0,0.0,4.06
AAPL,2025-04-14 00:00:00-04:00,210.14743595954587,211.63826622013798,199.9302804535287,201.28196716308594,101352900.0,0.0,0.0,2.21
AAPL,2025-04-15 00:00:00-04:00,200.6259945192588,202.26590170954893,198.57859009217825,200.90428161621094,51343900.0,0.0,0.0,-0.19
AAPL,2025-04-16 00:00:00-04:00,197.1473909296092,199.47308245703653,191.19400339685228,193.0823974609375,59732400.0,0.0,0.0,-3.89
AAPL,2025-04-17 00:00:00-04:00,195.99447418061752,197.61451451967758,193.2314700862815,195.77581787109375,52164700.0,0.0,0.0,1.39
AAPL,2025-04-21 00:00:00-04:00,192.08849990403363,192.6152586778503,188.64964501381652,191.9791717529297,46742500.0,0.0,0.0,-1.94
AAPL,2025-04-22 00:00:00-04:00,194.92107095045932,200.35763286451953,194.7719939992729,198.51895141601562,52976400.0,0.0,0.0,3.41
AAPL,2025-04-23 00:00:00-04:00,204.7406939661261,206.72846769395255,201.56025903470575,203.34925842285156,52929200.0,0.0,0.0,2.43
AAPL,2025-04-24 00:00:00-04:00,203.63745452212558,207.55337072286264,201.69937840299403,207.09617614746094,47311000.0,0.0,0.0,1.84
AAPL,2025-04-25 00:00:00-04:00,205.10842646651815,208.46776890662989,204.9394675201618,208.00064086914062,38222300.0,0.0,0.0,0.44
AAPL,2025-04-28 00:00:00-04:00,208.71621839949725,210.2070485309222,206.19175271644127,208.85536193847656,38743100.0,0.0,0.0,0.41
AAPL,2025-04-29 00:00:00-04:00,207.4142395090872,210.94254069563792,207.09618845243054,209.91883850097656,36827600.0,0.0,0.0,0.51
AAPL,2025-04-30 00:00:00-04:00,208.02053835450616,212.27437321950518,205.40661086468026,211.2009735107422,52286500.0,0.0,0.0,0.61
AAPL,2025-05-01 00:00:00-04:00,207.80187477964563,213.2483707428857,207.62296725165953,212.01596069335938,57365700.0,0.0,0.0,0.39
AAPL,2025-05-02 00:00:00-04:00,204.83013207172814,205.72463931330321,200.92416412992952,204.09466552734375,101010600.0,0.0,0.0,-3.74
AAPL,2025-05-05 00:00:00-04:00,201.85841873478097,202.85230555244996,196.99831280299983,197.6741485595703,69018500.0,0.0,0.0,-3.15
AAPL,2025-05-06 00:00:00-04:00,196.9982938696683,199.42336473268145,195.81556624383157,197.29644775390625,51216500.0,0.0,0.0,-0.19
AAPL,2025-05-07 00:00:00-04:00,197.9524407308952,198.2207944248892,192.0686324392914,195.05029296875,68536700.0,0.0,0.0,-1.14
AAPL,2025-05-08 00:00:00-04:00,196.51130456752412,198.82706269335065,193.48988012199126,196.28271484375,50478900.0,0.0,0.0,0.63
AAPL,2025-05-09 00:00:00-04:00,197.7834732241415,199.31405222350435,196.3323918231404,197.31634521484375,36453900.0,0.0,0.0,0.53
AAPL,2025-05-12 00:00:00-04:00,209.95528044040137,210.25384054136518,205.75557652693038,209.77613830566406,63775800.0,0.26,0.0,6.31
AAPL,2025-05-13 00:00:00-04:00,209.4178625594749,212.3735786127325,207.99474788922345,211.9058380126953,51909300.0,0.0,0.0,1.02
AAPL,2025-05-14 00:00:00-04:00,211.40825625105518,212.91100323820055,209.5671634108319,211.30874633789062,49325800.0,0.0,0.0,-0.28
AAPL,2025-05-15 00:00:00-04:00,209.9353730316401,211.93571508448807,208.53215118256114,210.43296813964844,45029500.0,0.0,0.0,-0.41
AAPL,2025-05-16 00:00:00-04:00,211.33858120774948,211.54757782116647,208.7610423595207,210.24386596679688,54737900.0,0.0,0.0,-0.09
AAPL,2025-05-19 00:00:00-04:00,206.9100072183761,208.47244800462508,203.27755371752323,207.77581787109375,46140500.0,0.0,0.0,-1.17
AAPL,2025-05-20 00:00:00-04:00,206.67113760639387,207.46729276724128,204.04383620537516,205.8650360107422,42496600.0,0.0,0.0,-0.92
AAPL,2025-05-21 00:00:00-04:00,204.1831685508297,206.04416933851562,199.74462882701684,201.11798095703125,59211800.0,0.0,0.0,-2.31
AAPL,2025-05-22 00:00:00-04:00,199.74461200022,201.77479312617928,198.73946027881726,200.3914794921875,46742400.0,0.0,0.0,-0.36
AAPL,2025-05-23 00:00:00-04:00,192.73846975457602,196.74908474491085,192.52948833207407,194.33078002929688,78432900.0,0.0,0.0,-3.02
AAPL,2025-05-27 00:00:00-04:00,197.34622283817185,199.77448939448533,196.4803970243206,199.24703979492188,56288500.0,0.0,0.0,2.53
AAPL,2025-05-28 00:00:00-04:00,199.6252046868552,201.75491117265972,198.93852099816252,199.45602416992188,45339700.0,0.0,0.0,0.1
AAPL,2025-05-29 00:00:00-04:00,202.60081106845576,202.8297005493605,197.55518975609246,198.98826599121094,51396800.0,0.0,0.0,-0.23
AAPL,2025-05-30 00:00:00-04:00,198.41106448584634,200.98861863398105,195.8335255231089,199.8839569091797,70819900.0,0.0,0.0,0.45
AAPL,2025-06-02 00:00:00-04:00,199.31667499872813,201.15778278546435,199.15744093584797,200.72984313964844,35423300.0,0.0,0.0,0.42
AAPL,2025-06-03 00:00:00-04:00,200.38154929416936,202.78990771325485,199.99342573046133,202.2923126220703,46381600.0,0.0,0.0,0.78
AAPL,2025-06-04 00:00:00-04:00,201.9340306292736,205.24801554678163,201.1279290627925,201.84446716308594,43604000.0,0.0,0.0,-0.22
AAPL,2025-06-05 00:00:00-04:00,202.52119947175674,203.76518718349973,199.18730633012683,199.66500854492188,55126100.0,0.0,0.0,-1.08
AAPL,2025-06-06 00:00:00-04:00,202.0236053289331,204.7106157617459,201.07817770068002,202.93917846679688,46607700.0,0.0,0.0,1.64
AAPL,2025-06-09 00:00:00-04:00,203.4069099948636,205.0091667110405,199.05793398755327,200.48104858398438,72862600.0,0.0,0.0,-1.21
AAPL,2025-06-10 00:00:00-04:00,199.63513956616538,203.36710243054736,199.60528507808198,201.69517517089844,54672600.0,0.0,0.0,0.61
AAPL,2025-06-11 00:00:00-04:00,202.5212126953003,203.51640292967522,197.45569804682734,197.82391357421875,60989900.0,0.0,0.0,-1.92
AAPL,2025-06-12 00:00:00-04:00,198.12246436103902,198.71956936233477,196.4107360236097,198.24188232421875,43904600.0,0.0,0.0,0.21
AAPL,2025-06-13 00:00:00-04:00,198.769334334526,199.40625545491926,194.7587190445596,195.50511169433594,51447300.0,0.0,0.0,-1.38
AAPL,2025-06-16 00:00:00-04:00,196.3510290449251,197.73434281232372,195.61458283187793,197.46563720703125,43020700.0,0.0,0.0,1.0
AAPL,2025-06-17 00:00:00-04:00,196.25149936947125,197.4357781067605,194.27108064091922,194.69900512695312,38856200.0,0.0,0.0,-1.4
AAPL,2025-06-18 00:00:00-04:00,194.99756984742208,196.61973472966923,194.13175923439314,195.63449096679688,45394700.0,0.0,0.0,0.48
AAPL,2025-06-20 00:00:00-04:00,197.28649906078425,200.72984844555882,195.9131318065836,200.03321838378906,96813500.0,0.0,0.0,2.25
AAPL,2025-06-23 00:00:00-04:00,200.6601870689569,201.32696262150702,198.00303129313016,200.5308074951172,55814300.0,0.0,0.0,0.25
AAPL,2025-06-24 00:00:00-04:00,201.61557243039425,202.46149014710028,199.23706853700068,199.3365936279297,54064000.0,0.0,0.0,-0.6
AAPL,2025-06-25 00:00:00-04:00,200.48105886821313,202.690382284235,199.65504919597097,200.5905303955078,39525700.0,0.0,0.0,0.63
AAPL,2025-06-26 00:00:00-04:00,200.4611428555203,201.66532960796235,198.50063224789568,200.03321838378906,50799100.0,0.0,0.0,-0.28
AAPL,2025-06-27 00:00:00-04:00,200.91894034324127,202.24254507531293,199.03803155248616,200.1128387451172,73188600.0,0.0,0.0,0.04
AAPL,2025-06-30 00:00:00-04:00,201.03834688076608,206.39247448465787,198.30157410241034,204.1831512451172,91912800.0,0.0,0.0,2.03
AAPL,2025-07-01 00:00:00-04:00,205.6759567295316,209.17903048404247,205.14850713857425,206.8204345703125,78788900.0,0.0,0.0,1.29
AAPL,2025-07-02 00:00:00-04:00,207.90519262679368,212.31387801499196,207.13889190503232,211.418212890625,67941800.0,0.0,0.0,2.22
AAPL,2025-07-03 00:00:00-04:00,211.12956719850303,213.61754237258577,210.79120621932267,212.52284240722656,34955800.0,0.0,0.0,0.52
AAPL,2025-07-07 00:00:00-04:00,211.65703516300363,215.18996325511674,207.79570768244494,208.94017028808594,50229000.0,0.0,0.0,-1.69
AAPL,2025-07-08 00:00:00-04:00,209.08948711474488,210.41307684433062,207.44741401627587,208.99990844726562,42848900.0,0.0,0.0,0.03
AAPL,2025-07-09 00:00:00-04:00,208.52219391164948,210.31353924447487,206.22330706177223,210.12445068359375,48749400.0,0.0,0.0,0.54
AAPL,2025-07-10 00:00:00-04:00,209.49748097232364,212.45319704499605,209.0197939340788,211.3883514404297,44443600.0,0.0,0.0,0.6
AAPL,2025-07-11 00:00:00-04:00,209.55718962168862,211.1096837700706,208.85059795908091,210.14434814453125,39765800.0,0.0,0.0,-0.59
AAPL,2025-07-14 00:00:00-04:00,208.92025854176603,209.89555581124029,206.54175471753558,207.61656188964844,38840100.0,0.0,0.0,-1.2
AAPL,2025-07-15 00:00:00-04:00,208.21367378884585,210.8708295317098,207.91511372197888,208.1042022705078,42296300.0,0.0,0.0,0.23
AAPL,2025-07-16 00:00:00-04:00,209.28848066940537,211.37837076419683,207.63646146204943,209.14915466308594,47490500.0,0.0,0.0,0.5
AAPL,2025-07-17 00:00:00-04:00,209.5571995447156,210.78127919114968,208.58190225319882,209.0098419189453,48068100.0,0.0,0.0,-0.07
AAPL,2025-07-18 00:00:00-04:00,209.85575432940058,210.77132749863404,208.6913836081342,210.1642608642578,48974600.0,0.0,0.0,0.55
AAPL,2025-07-21 00:00:00-04:00,211.07984586548804,214.74213848423943,210.61210526026528,211.4580078125,51377400.0,0.0,0.0,0.62
AAPL,2025-07-22 00:00:00-04:00,212.1148250502387,213.91611676733493,211.20919838168209,213.36875915527344,46404100.0,0.0,0.0,0.9
AAPL,2025-07-23 00:00:00-04:00,213.96588230147148,214.11515474984876,211.38834345684663,213.11996459960938,46989300.0,0.0,0.0,-0.12
AAPL,2025-07-24 00:00:00-04:00,212.87118332406595,214.65258233290422,212.50296779967493,212.7318572998047,46022600.0,0.0,0.0,-0.18
AAPL,2025-07-25 00:00:00-04:00,213.6673052863376,214.20471642869953,212.37355515647585,212.85125732421875,40268800.0,0.0,0.0,0.06
AAPL,2025-07-28 00:00:00-04:00,213.00055398053098,213.81661722083774,212.03521828670327,213.0204620361328,37858000.0,0.0,0.0,0.08
AAPL,2025-07-29 00:00:00-04:00,213.14983725799084,213.77681196541135,209.80601264614248,210.25384521484375,51411700.0,0.0,0.0,-1.3
AAPL,2025-07-30 00:00:00-04:00,210.88079278566187,211.36844143995228,206.72090512781878,208.0445098876953,45512500.0,0.0,0.0,-1.05
AAPL,2025-07-31 00:00:00-04:00,207.48719786288635,208.83069544134486,206.16359315375274,206.57162475585938,80698400.0,0.0,0.0,-0.71
AAPL,2025-08-01 00:00:00-04:00,209.85574027592583,212.5527122409286,200.53081350952442,201.40658569335938,104434500.0,0.0,0.0,-2.5
AAPL,2025-08-04 00:00:00-04:00,203.52634207300898,206.88014336875773,200.70995198839026,202.37193298339844,75109300.0,0.0,0.0,0.48
AAPL,2025-08-05 00:00:00-04:00,202.42167200915333,204.35234334482283,201.18764593221573,201.94398498535156,44155100.0,0.0,0.0,-0.21
AAPL,2025-08-06 00:00:00-04:00,204.6409599471833,214.3440641251077,204.60114383647723,212.22430419921875,108483100.0,0.0,0.0,5.09
AAPL,2025-08-07 00:00:00-04:00,217.82723230897543,219.78775818606874,215.53829184895108,218.97169494628906,90224800.0,0.0,0.0,3.18
AAPL,2025-08-08 00:00:00-04:00,219.76783274169614,229.8889142887861,218.19543055331755,228.24685668945312,113854000.0,0.0,0.0,4.24
AAPL,2025-08-11 00:00:00-04:00,227.08116933177635,228.71513292468896,223.9327956372812,226.34388732910156,61806100.0,0.26,0.0,-0.83
AAPL,2025-08-12 00:00:00-04:00,227.17083074525974,229.95057099439725,226.23430307406312,228.80479431152344,55626200.0,0.0,0.0,1.09
AAPL,2025-08-13 00:00:00-04:00,230.2195756343437,234.1351043372746,229.58191650034667,232.47125244140625,69878500.0,0.0,0.0,1.6
AAPL,2025-08-14 00:00:00-04:00,233.1985666998313,234.25466305951576,230.0003892485326,231.92327880859375,51916300.0,0.0,0.0,-0.24
AAPL,2025-08-15 00:00:00-04:00,233.13877413921495,233.41774239633352,228.49592139875156,230.73764038085938,56038700.0,0.0,0.0,-0.51
AAPL,2025-08-18 00:00:00-04:00,230.8472538899505,232.26202593201924,229.26310933608104,230.0402374267578,37476200.0,0.0,0.0,-0.3
AAPL,2025-08-19 00:00:00-04:00,230.4287923573085,232.01293684851592,228.50590285589897,229.71144104003906,39402600.0,0.0,0.0,-0.14
AAPL,2025-08-20 00:00:00-04:00,229.1335667246527,229.6217687789582,224.93906991665554,225.1781768798828,42263900.0,0.0,0.0,-1.97
AAPL,2025-08-21 00:00:00-04:00,225.43723377620466,225.6863136691638,222.95639256938466,224.072265625,30621200.0,0.0,0.0,-0.49
AAPL,2025-08-22 00:00:00-04:00,225.33759321802492,228.2468445109381,224.5803958248437,226.92173767089844,42477800.0,0.0,0.0,1.27
AAPL,2025-08-25 00:00:00-04:00,225.64645413109014,228.45608264282492,225.3973742361901,226.32395935058594,30983100.0,0.0,0.0,-0.26
AAPL,2025-08-26 00:00:00-04:00,226.03502689374838,228.6453946309622,223.86305742355088,228.46604919433594,54575100.0,0.0,0.0,0.95
AAPL,2025-08-27 00:00:00-04:00,227.76862267507164,230.05018785299507,227.41990473660533,229.64170837402344,31259500.0,0.0,0.0,0.51
AAPL,2025-08-28 00:00:00-04:00,229.97051505486425,232.55097936868034,228.49595098757067,231.7041015625,38074700.0,0.0,0.0,0.9
AAPL,2025-08-29 00:00:00-04:00,231.65426265633033,232.52107103838586,230.51845893056873,231.28562927246094,39418400.0,0.0,0.0,-0.18
AAPL,2025-09-02 00:00:00-04:00,228.4062860305561,230.00040359535532,226.13467838242784,228.8745574951172,44075600.0,0.0,0.0,-1.04
AAPL,2025-09-03 00:00:00-04:00,236.33697373754433,237.9709372370204,233.49745685978084,237.5923309326172,66427800.0,0.0,0.0,3.81
AAPL,2025-09-04 00:00:00-04:00,237.57239985348932,239.0170601981439,235.8687018920251,238.8975067138672,47549400.0,0.0,0.0,0.55
AAPL,2025-09-05 00:00:00-04:00,239.1167179897741,240.43186723598095,237.61228077870243,238.807861328125,54870400.0,0.0,0.0,-0.04
AAPL,2025-09-08 00:00:00-04:00,238.41928864081726,239.2661511981365,235.47017586985078,237.0045166015625,48999500.0,0.0,0.0,-0.76
AAPL,2025-09-09 00:00:00-04:00,236.12775932745953,237.90120710535396,232.5011563745861,233.48751831054688,66313900.0,0.0,0.0,-1.48
AAPL,2025-09-10 00:00:00-04:00,231.33545739080094,231.56460664903227,225.118417424808,225.955322265625,83440800.0,0.0,0.0,-3.23
AAPL,2025-09-11 00:00:00-04:00,226.04499474029723,229.60184779162614,225.81583028738913,229.1833953857422,50208600.0,0.0,0.0,1.43
AAPL,2025-09-12 00:00:00-04:00,228.37638560886936,233.6469097348115,228.17712472443904,233.2085418701172,55824200.0,0.0,0.0,1.76
AAPL,2025-09-15 00:00:00-04:00,236.1277410783948,237.31336381412066,234.16499028444412,235.82884216308594,42699500.0,0.0,0.0,1.12
AAPL,2025-09-16 00:00:00-04:00,236.30708253667353,240.33222235518573,235.45026224943368,237.2735137939453,63421100.0,0.0,0.0,0.61
AAPL,2025-09-17 00:00:00-04:00,238.09049720761,239.21634322602875,236.85505542454314,238.1104278564453,46508000.0,0.0,0.0,0.35
AAPL,2025-09-18 00:00:00-04:00,239.08682096339746,240.31228984200703,235.77903252032195,237.0045166015625,44249600.0,0.0,0.0,-0.46
AAPL,2025-09-19 00:00:00-04:00,240.34217704154452,245.3935247988757,239.32594197772087,244.59646606445312,163741300.0,0.0,0.0,3.2
AAPL,2025-09-22 00:00:00-04:00,247.38616206443075,255.69547916115815,247.2068166293636,255.13751220703125,105517400.0,0.0,0.0,4.31
AAPL,2025-09-23 00:00:00-04:00,254.93828225227924,256.3929004583055,252.64674396870498,253.4936065673828,60275200.0,0.0,0.0,-0.64
AAPL,2025-09-24 00:00:00-04:00,254.28068708944184,254.7987775332095,250.11606329601622,251.3813934326172,42303700.0,0.0,0.0,-0.83
AAPL,2025-09-25 00:00:00-04:00,252.27810324622078,256.22353571779615,250.7836237831838,255.92462158203125,55202100.0,0.0,0.0,1.81
AAPL,2025-09-26 00:00:00-04:00,253.16481067495934,256.6519291955366,252.84598111295833,254.51980590820312,46076300.0,0.0,0.0,-0.55
AAPL,2025-09-29 00:00:00-04:00,253.6231329894407,254.06151607705354,252.07883445903423,253.4936065673828,40127700.0,0.0,0.0,-0.4
AAPL,2025-09-30 00:00:00-04:00,253.92203562343897,254.9781320575181,252.17847617402816,253.69288635253906,37704300.0,0.0,0.0,0.08
AAPL,2025-10-01 00:00:00-04:00,254.10134722927504,257.83756097799323,253.9917514638179,254.5098419189453,48713900.0,0.0,0.0,0.32
AAPL,2025-10-02 00:00:00-04:00,255.63566078088252,257.229778167004,253.21461153357077,256.18365478515625,42630200.0,0.0,0.0,0.66
AAPL,2025-10-03 00:00:00-04:00,253.73271197999827,258.2858846694617,253.01536064819075,257.07037353515625,49155600.0,0.0,0.0,0.35
AAPL,2025-10-06 00:00:00-04:00,257.0404730386864,258.11651518827176,254.11130630837613,255.74526977539062,44664100.0,0.0,0.0,-0.52
AAPL,2025-10-07 00:00:00-04:00,255.86484387966763,256.45266881763376,254.48991791397023,255.53607177734375,31955800.0,0.0,0.0,-0.08
AAPL,2025-10-08 00:00:00-04:00,255.57591915435188,257.5685585594684,255.16742442767125,257.1102600097656,36496900.0,0.0,0.0,0.62
AAPL,2025-10-09 00:00:00-04:00,256.8611554198282,257.0504585775582,252.2083446799687,253.1050262451172,38322000.0,0.0,0.0,-1.56
AAPL,2025-10-10 00:00:00-04:00,254.0017340209507,255.43643674947074,243.10199461677743,244.36732482910156,61999100.0,0.0,0.0,-3.45
AAPL,2025-10-13 00:00:00-04:00,248.46219085423505,248.7710475029622,244.6562426215344,246.74851989746094,38142900.0,0.0,0.0,0.97
AAPL,2025-10-14 00:00:00-04:00,245.69241642712313,247.93413549962378,243.79940008876653,246.8581085205078,35478000.0,0.0,0.0,0.04
AAPL,2025-10-15 00:00:00-04:00,248.57178982967116,250.89321639065437,246.559219921403,248.42233276367188,33893600.0,0.0,0.0,0.63
AAPL,2025-10-16 00:00:00-04:00,247.33633482463924,248.1234206007849,244.2278226113223,246.53927612304688,39777000.0,0.0,0.0,-0.76
AAPL,2025-10-17 00:00:00-04:00,247.10719170360767,252.44746537322095,246.35995200283696,251.36146545410156,49147000.0,0.0,0.0,1.96
AAPL,2025-10-20 00:00:00-04:00,254.94822099113512,263.4069798400544,254.68918336894043,261.27484130859375,90483000.0,0.0,0.0,3.94
AAPL,2025-10-21 00:00:00-04:00,260.9161783410852,264.3136317818121,260.86634411857244,261.8028869628906,46695900.0,0.0,0.0,0.2
AAPL,2025-10-22 00:00:00-04:00,261.6833338430701,261.882609922878,254.4899051977633,257.4988098144531,45015300.0,0.0,0.0,-1.64
AAPL,2025-10-23 00:00:00-04:00,258.98329410338334,259.66078406832133,257.06040475940137,258.6246032714844,32754900.0,0.0,0.0,0.44
AAPL,2025-10-24 00:00:00-04:00,260.2287163700197,263.15789839957887,258.22610426270086,261.85272216796875,38253700.0,0.0,0.0,1.25
AAPL,2025-10-27 00:00:00-04:00,263.9051197703755,268.1295048126629,263.6759553344934,267.8206481933594,44888200.0,0.0,0.0,2.28
AAPL,2025-10-28 00:00:00-04:00,267.9999758056659,268.896687690681,267.16307106420925,268.00994873046875,41534800.0,0.0,0.0,0.07
AAPL,2025-10-29 00:00:00-04:00,268.28892986747474,270.4110953948544,266.1269030442272,268.7073974609375,51086700.0,0.0,0.0,0.26
AAPL,2025-10-30 00:00:00-04:00,270.98894793982623,273.1310593223432,267.49188695276854,270.401123046875,69886500.0,0.0,0.0,0.63
AAPL,2025-10-31 00:00:00-04:00,275.9705701844509,276.29937269597025,268.16940070155243,269.37493896484375,86167100.0,0.0,0.0,-0.38
AAPL,2025-11-03 00:00:00-05:00,269.42476736726525,269.8531775103368,265.2701011373342,268.0597839355469,50194600.0,0.0,0.0,-0.49
AAPL,2025-11-04 00:00:00-05:00,267.3424142382169,270.49078769741067,266.6350358638735,269.046142578125,49274800.0,0.0,0.0,0.37
AAPL,2025-11-05 00:00:00-05:00,267.6214146886098,270.7000692568828,265.94760492323326,269.14581298828125,43683100.0,0.0,0.0,0.04
AAPL,2025-11-06 00:00:00-05:00,266.90407480138714,272.3937751745226,266.90407480138714,268.7771301269531,51204000.0,0.0,0.0,-0.14
AAPL,2025-11-07 00:00:00-05:00,268.80702532983145,271.2878818962731,265.7881780523408,267.48193359375,48227400.0,0.0,0.0,-0.48
AAPL,2025-11-10 00:00:00-05:00,268.2298525605972,272.98692304032335,266.733924572705,268.6985778808594,41312400.0,0.26,0.0,0.45
AAPL,2025-11-11 00:00:00-05:00,269.07757258136417,275.16101963639426,269.0675899882029,274.5028076171875,46208300.0,0.0,0.0,2.16
AAPL,2025-11-12 00:00:00-05:00,274.2535066981436,274.9815360542478,270.9624767916609,272.7276611328125,48398000.0,0.0,0.0,-0.65
AAPL,2025-11-13 00:00:00-05:00,273.36590026791555,275.9488963676571,271.3513946141157,272.2090759277344,49602800.0,0.0,0.0,-0.19
AAPL,2025-11-14 00:00:00-05:00,270.31420819279356,275.21088338895913,268.8681625557137,271.6705322265625,47431300.0,0.0,0.0,-0.2
AAPL,2025-11-17 00:00:00-05:00,268.0903024129557,269.75575219797963,265.00869378967747,266.7339782714844,45018300.0,0.0,0.0,-1.82
AAPL,2025-11-18 00:00:00-05:00,269.25705465795,269.97510130800674,264.59974924229334,266.7139892578125,45677300.0,0.0,0.0,-0.01
AAPL,2025-11-19 00:00:00-05:00,264.80921977983166,271.47107967039307,264.77930243197466,267.83099365234375,40424500.0,0.0,0.0,0.42
AAPL,2025-11-20 00:00:00-05:00,270.09480618650156,274.68232536305425,265.1981613886433,265.5272521972656,45823600.0,0.0,0.0,-0.86
AAPL,2025-11-21 00:00:00-05:00,265.2280517805383,272.5879921198442,264.9488130991126,270.75299072265625,59030800.0,0.0,0.0,1.97
AAPL,2025-11-24 00:00:00-05:00,270.164627965921,276.24807542504453,270.164627965921,275.1710205078125,65585800.0,0.0,0.0,1.63
AAPL,2025-11-25 00:00:00-05:00,274.52277261748515,279.6189174225992,274.50283786370125,276.2181701660156,46914200.0,0.0,0.0,0.38
AAPL,2025-11-26 00:00:00-05:00,276.2081750495132,278.7712060098946,275.8790842359358,276.79656982421875,33431400.0,0.0,0.0,0.21
AAPL,2025-11-28 00:00:00-05:00,276.50736791500816,278.242634823177,275.2407959413455,278.0930480957031,20135600.0,0.0,0.0,0.47
AAPL,2025-12-01 00:00:00-05:00,277.2553332443013,282.65065109438723,275.3904143522869,282.3315124511719,46587700.0,0.0,0.0,1.52
AAPL,2025-12-02 00:00:00-05:00,282.231773534172,286.619823290159,281.86278279875575,285.4131164550781,53669500.0,0.0,0.0,1.09
AAPL,2025-12-03 00:00:00-05:00,285.4230848596457,287.8364984098337,282.5309329409685,283.3786315917969,43538700.0,0.0,0.0,-0.71
AAPL,2025-12-04 00:00:00-05:00,283.3287830094401,283.95707766942763,277.83373081751637,279.9380187988281,43989100.0,0.0,0.0,-1.21
AAPL,2025-12-05 00:00:00-05:00,279.77845592816414,280.37683325787106,277.2951945750906,278.0232238769531,47265800.0,0.0,0.0,-0.68
AAPL,2025-12-08 00:00:00-05:00,277.37501993231956,278.91084811822003,275.4003836933047,277.13568115234375,38211800.0,0.0,0.0,-0.32
AAPL,2025-12-09 00:00:00-05:00,277.40493251311347,279.2698514894354,276.16830825817004,276.4275817871094,32193300.0,0.0,0.0,-0.26
AAPL,2025-12-10 00:00:00-05:00,276.9960211276047,278.9905919368044,275.68957968235776,278.0232238769531,33038300.0,0.0,0.0,0.58
AAPL,2025-12-11 00:00:00-05:00,278.34237127554803,278.8310314000742,273.0667227973629,277.2752685546875,33248000.0,0.0,0.0,-0.27
AAPL,2025-12-12 00:00:00-05:00,277.14562382282355,278.4620479370953,276.0685689150702,277.52459716796875,39532900.0,0.0,0.0,0.09
AAPL,2025-12-15 00:00:00-05:00,279.3894873363706,279.3894873363706,272.0993337942639,273.3658752441406,50409100.0,0.0,0.0,-1.5
AAPL,2025-12-16 00:00:00-05:00,272.07941349564567,274.752131096348,271.0522107383373,273.8645324707031,37648600.0,0.0,0.0,0.18
AAPL,2025-12-17 00:00:00-05:00,274.2634896625032,275.41036187784255,270.9026424636208,271.1020812988281,50138700.0,0.0,0.0,-1.01
AAPL,2025-12-18 00:00:00-05:00,272.86723904028526,272.8872042261758,266.22534517191764,271.45111083984375,51630700.0,0.0,0.0,0.13
AAPL,2025-12-19 00:00:00-05:00,271.41126100078174,273.854622814086,269.1673684747946,272.9271545410156,144632000.0,0.0,0.0,0.54
AAPL,2025-12-22 00:00:00-05:00,272.1192896847017,273.13654030849926,269.7756932559407,270.23443603515625,36571800.0,0.0,0.0,-0.99
AAPL,2025-12-23 00:00:00-05:00,270.1048034873943,271.7603010837797,268.8282792538215,271.62066650390625,29642000.0,0.0,0.0,0.51
AAPL,2025-12-24 00:00:00-05:00,271.60070067851706,274.6823088952694,271.46109654935304,273.06671142578125,17910600.0,0.0,0.0,0.53
AAPL,2025-12-26 00:00:00-05:00,273.41578359787746,274.6224904749486,272.11929424741834,272.6578369140625,21521800.0,0.0,0.0,-0.15
AAPL,2025-12-29 00:00:00-05:00,271.9497734782625,273.61522314661676,271.6107000753325,273.0168762207031,23715200.0,0.0,0.0,0.13
AAPL,2025-12-30 00:00:00-05:00,272.06942798009953,273.3359694836473,271.54086793463244,272.33868408203125,22139600.0,0.0,0.0,-0.25
AAPL,2025-12-31 00:00:00-05:00,272.3187639976345,272.9370761103812,271.0123224859311,271.12200927734375,27293600.0,0.0,0.0,-0.45
AAPL,2026-01-02 00:00:00-05:00,271.52095990203577,277.0857995993762,268.26979943372277,270.27435302734375,37838100.0,0.0,0.0,-0.31
AAPL,2026-01-05 00:00:00-05:00,269.9053759278346,270.7730094869922,265.41759095171795,266.5345458984375,45647200.0,0.0,0.0,-1.38
AAPL,2026-01-06 00:00:00-05:00,266.27521573774703,266.82371056256306,261.40845786144683,261.6477966308594,52352100.0,0.0,0.0,-1.83
AAPL,2026-01-07 00:00:00-05:00,262.485556491205,262.96423405428067,259.10474402829175,259.6233215332031,48309800.0,0.0,0.0,-0.77
AAPL,2026-01-08 00:00:00-05:00,256.3222864925608,258.58614386359903,255.00587765735156,258.3368225097656,50419300.0,0.0,0.0,-0.5
AAPL,2026-01-09 00:00:00-05:00,258.3767027680543,259.5036402038468,255.52448097015204,258.6659240722656,39997000.0,0.0,0.0,0.13
AAPL,2026-01-12 00:00:00-05:00,258.45648066308013,260.5906555331263,256.1028713590674,259.54351806640625,45263800.0,0.0,0.0,0.34
AAPL,2026-01-13 00:00:00-05:00,258.01770778709204,261.0993163539261,257.68861696081353,260.34136962890625,45730800.0,0.0,0.0,0.31
AAPL,2026-01-14 00:00:00-05:00,258.78557762508564,261.1092696408236,256.0131254420647,259.2543029785156,40019400.0,0.0,0.0,-0.42
AAPL,2026-01-15 00:00:00-05:00,259.9424426175537,260.3313985459844,256.35220896361545,257.5090637207031,39388600.0,0.0,0.0,-0.67
AAPL,2026-01-16 00:00:00-05:00,257.1999111311508,258.1971965798445,254.23797213114116,254.8363494873047,72142800.0,0.0,0.0,-1.04
AAPL,2026-01-20 00:00:00-05:00,252.04394930256512,254.09835490933511,242.75922413209136,246.0303192138672,80267500.0,0.0,0.0,-3.46
AAPL,2026-01-21 00:00:00-05:00,248.02489020045314,250.87712721718017,244.51444112970407,246.9777374267578,54641700.0,0.0,0.0,0.39
AAPL,2026-01-22 00:00:00-05:00,248.52352576906395,250.31864258405668,247.47637302553753,247.67584228515625,39708300.0,0.0,0.0,0.28
AAPL,2026-01-23 00:00:00-05:00,246.64863719927277,248.73296007338791,244.0157890837153,247.36666870117188,41689000.0,0.0,0.0,-0.12
AAPL,2026-01-26 00:00:00-05:00,250.7973501838168,255.86356228737432,249.121917868832,254.71669006347656,55969200.0,0.0,0.0,2.97
AAPL,2026-01-27 00:00:00-05:00,258.4664899667647,261.2389423700868,257.5090739976807,257.56890869140625,49648300.0,0.0,0.0,1.12
AAPL,2026-01-28 00:00:00-05:00,256.95057275810245,258.1572795494081,253.81909726521187,255.74386596679688,41288000.0,0.0,0.0,-0.71
AAPL,2026-01-29 00:00:00-05:00,257.29964922744847,258.94516415300217,253.7193980705993,257.5788879394531,67253000.0,0.0,0.0,0.72
AAPL,2026-01-30 00:00:00-05:00,254.4773517832236,261.1890792690021,251.49546251262876,258.7756652832031,92443400.0,0.0,0.0,0.46
AAPL,2026-02-02 00:00:00-05:00,259.3241487899344,269.7557466562268,258.50636737104884,269.2770690917969,73913400.0,0.0,0.0,4.06
AAPL,2026-02-03 00:00:00-05:00,268.4692659190308,271.1419837262723,266.88355520832346,268.7485046386719,64394700.0,0.0,0.0,-0.2
AAPL,2026-02-04 00:00:00-05:00,271.55083028665655,278.19275421850585,271.55083028665655,275.7394104003906,90545700.0,0.0,0.0,2.6
AAPL,2026-02-05 00:00:00-05:00,277.3749854862336,278.7412615768201,272.48829324857786,275.1610107421875,52977400.0,0.0,0.0,-0.21
AAPL,2026-02-06 00:00:00-05:00,276.3677353153735,280.14745564173626,276.1782486476445,277.3650207519531,50453400.0,0.0,0.0,0.8
AAPL,2026-02-09 00:00:00-05:00,277.41494619870406,277.70443813431814,271.2160169672847,274.13079833984375,44623400.0,0.26,0.0,-1.17
AAPL,2026-02-10 00:00:00-05:00,274.40031021957236,274.87943562430115,272.4537718732244,273.19244384765625,34376900.0,0.0,0.0,-0.34
AAPL,2026-02-11 00:00:00-05:00,274.2106536370846,279.6808719096702,273.9610989943363,275.00921630859375,51931300.0,0.0,0.0,0.67
AAPL,2026-02-12 00:00:00-05:00,275.09909064411113,275.22886395053104,259.7165366668213,261.2637939453125,81077200.0,0.0,0.0,-5.0
AAPL,2026-02-13 00:00:00-05:00,261.5432690161623,261.7628783299504,254.9949421084194,255.32435607910156,56290700.0,0.0,0.0,-2.27
AAPL,2026-02-17 00:00:00-05:00,257.5903108294174,265.8156532326085,255.08478749757862,263.4099426269531,58469100.0,0.0,0.0,3.17
AAPL,2026-02-18 00:00:00-05:00,263.13045584681157,266.3447212846438,261.9825104325609,263.8791198730469,34203300.0,0.0,0.0,0.18
AAPL,2026-02-19 00:00:00-05:00,262.13220471573277,264.00886051677537,259.5867290635135,260.11578369140625,30845300.0,0.0,0.0,-1.43
AAPL,2026-02-20 00:00:00-05:00,258.50868117461044,264.2783836675007,257.7001265171608,264.1086730957031,42070500.0,0.0,0.0,1.54
AAPL,2026-02-23 00:00:00-05:00,263.0206001676805,268.95002088588865,262.91081074777924,265.705810546875,37308200.0,0.0,0.0,0.6
AAPL,2026-02-24 00:00:00-05:00,267.38283777638213,274.4003442568012,267.233111068832,271.6552429199219,47014600.0,0.0,0.0,2.24
AAPL,2026-02-25 00:00:00-05:00,271.29586819299504,274.45024283739696,270.567157599074,273.74151611328125,33714300.0,0.0,0.0,0.77
AAPL,2026-02-26 00:00:00-05:00,274.4602128097023,275.61811956353745,270.31758130113775,272.4637756347656,32345100.0,0.0,0.0,-0.47
AAPL,2026-02-27 00:00:00-05:00,272.3240124520744,272.3240124520744,262.4217010495403,263.7093811035156,72366500.0,0.0,0.0,-3.21
AAPL,2026-03-02 00:00:00-05:00,261.94253069595567,266.05518620599753,259.73647625260065,264.2484130859375,41827900.0,0.0,0.0,0.2
AAPL,2026-03-03 00:00:00-05:00,263.0106738027697,265.08695529305965,259.6666350681776,263.2801818847656,38568900.0,0.0,0.0,-0.37
AAPL,2026-03-04 00:00:00-05:00,264.17854815272653,265.67587606267574,260.95432154975975,262.0523376464844,39803100.0,0.0,0.0,-0.47
AAPL,2026-03-05 00:00:00-05:00,260.3254337562426,261.09405110124777,256.79173142961054,259.8263244628906,49658600.0,0.0,0.0,-0.85
AAPL,2026-03-06 00:00:00-05:00,258.16927189629365,258.3090066542827,253.916851068475,257.0013427734375,41120000.0,0.0,0.0,-1.09
AAPL,2026-03-09 00:00:00-04:00,255.2345148744848,260.68477987096253,253.22808575123491,259.41705322265625,38218500.0,0.0,0.0,0.94
AAPL,2026-03-10 00:00:00-04:00,257.19102845716964,262.01244158439727,256.4922936817907,260.3653564453125,30590800.0,0.0,0.0,0.37
AAPL,2026-03-11 00:00:00-04:00,260.62486739620806,261.6630231774062,259.08760235948154,260.3453674316406,26218900.0,0.0,0.0,-0.01
AAPL,2026-03-12 00:00:00-04:00,258.1992253881205,258.48871731031414,253.72719511663234,255.30438232421875,40794000.0,0.0,0.0,-1.94
AAPL,2026-03-13 00:00:00-04:00,255.024890934378,255.87336762960538,249.07551643845036,249.6744384765625,36930000.0,0.0,0.0,-2.21
AAPL,2026-03-16 00:00:00-04:00,251.66090222791988,253.43773019062647,249.4348789230203,252.36964416503906,32074200.0,0.0,0.0,1.08
AAPL,2026-03-17 00:00:00-04:00,252.5093881906664,254.67552076289968,251.7307636559193,253.77711486816406,32361600.0,0.0,0.0,0.56
AAPL,2026-03-18 00:00:00-04:00,252.1799767808244,254.48585937367065,248.55643828829037,249.49476623535156,35757900.0,0.0,0.0,-1.69
AAPL,2026-03-19 00:00:00-04:00,248.95572868612365,251.38140795985734,246.85947863088072,248.5165252685547,34864100.0,0.0,0.0,-0.39
AAPL,2026-03-20 00:00:00-04:00,247.53824109812177,248.75606899357115,245.56177255944445,247.54823303222656,88331100.0,0.0,0.0,-0.39
AAPL,2026-03-23 00:00:00-04:00,253.51758537106093,254.14646797882926,249.83415620831627,251.04200744628906,40546100.0,0.0,0.0,1.41
AAPL,2026-03-24 00:00:00-04:00,249.90403139868116,254.37604644028636,249.10545347620703,251.1917266845703,45152300.0,0.0,0.0,0.06
AAPL,2026-03-25 00:00:00-04:00,253.6473574345128,254.5457480998694,251.15181088451408,252.16998291015625,28476700.0,0.0,0.0,0.39
AAPL,2026-03-26 00:00:00-04:00,251.67088153367666,256.5421934269488,250.32329549316128,252.43951416015625,41796700.0,0.0,0.0,0.11
AAPL,2026-03-27 00:00:00-04:00,253.4477020992108,255.03488128462607,247.6281009352486,248.35679626464844,47900000.0,0.0,0.0,-1.62
AAPL,2026-03-30 00:00:00-04:00,249.62453299565456,250.4230956915925,245.07264337813007,246.19065856933594,39446200.0,0.0,0.0,-0.87
AAPL,2026-03-31 00:00:00-04:00,247.46837564153284,255.02488248828539,246.65982101631488,253.337890625,49598100.0,0.0,0.0,2.9
AAPL,2026-04-01 00:00:00-04:00,253.62737973002484,255.7236296181179,252.8787157917901,255.17462158203125,40059400.0,0.0,0.0,0.73
AAPL,2026-04-02 00:00:00-04:00,253.74717405681358,255.6737439434535,250.20349485503914,255.464111328125,31289400.0,0.0,0.0,0.11
AAPL,2026-04-06 00:00:00-04:00,256.053045051996,261.6929736576745,256.003115847535,258.3988342285156,29329900.0,0.0,0.0,1.15
AAPL,2026-04-07 00:00:00-04:00,255.70368128016966,255.7436185540334,245.2623079794448,253.0484161376953,62148000.0,0.0,0.0,-2.07
AAPL,2026-04-08 00:00:00-04:00,257.98960165960847,259.2872736156141,256.0730086009651,258.43878173828125,41032800.0,0.0,0.0,2.13
AAPL,2026-04-09 00:00:00-04:00,258.5386040524215,260.65482250105316,255.6138310165902,260.02593994140625,28121600.0,0.0,0.0,0.61
AAPL,2026-04-10 00:00:00-04:00,259.5168819122501,261.7229364827484,258.5585701252562,260.0159912109375,31291500.0,0.0,0.0,0.0
AAPL,2026-04-13 00:00:00-04:00,259.2673359057164,259.71651601158027,256.2027973984465,258.73828125,36234700.0,0.0,0.0,-0.49
AAPL,2026-04-14 00:00:00-04:00,258.78816168339415,261.4633801130582,256.73183388682423,258.368896484375,48370700.0,0.0,0.0,-0.14
AAPL,2026-04-15 00:00:00-04:00,257.7001261657452,266.08515659729386,257.35074355126085,265.95538330078125,49913500.0,0.0,0.0,2.94
AAPL,2026-04-16 00:00:00-04:00,266.3246925362851,266.6840670491935,260.804545264895,262.9307556152344,43323100.0,0.0,0.0,-1.14
AAPL,2026-04-17 00:00:00-04:00,266.4844323486072,271.8149160854778,266.24486962975914,269.7486267089844,61436200.0,0.0,0.0,2.59
AAPL,2026-04-20 00:00:00-04:00,269.84841238867654,273.7913879220191,269.80850557942483,272.5635681152344,36590200.0,0.0,0.0,1.04
AAPL,2026-04-21 00:00:00-04:00,271.0163536236942,272.3140256362382,264.9272139873882,265.69586181640625,50209800.0,0.0,0.0,-2.52
AAPL,2026-04-22 00:00:00-04:00,267.3429346055621,273.2523721409737,266.39461467279705,272.68341064453125,43249200.0,0.0,0.0,2.63
AAPL,2026-04-23 00:00:00-04:00,274.56001085217736,275.2787294551341,271.1660737405759,272.9429016113281,33399600.0,0.0,0.0,0.1
AAPL,2026-04-24 00:00:00-04:00,272.2741016414235,272.5735550213531,269.16962610782736,270.5771179199219,38157100.0,0.0,0.0,-0.87
AAPL,2026-04-27 00:00:00-04:00,265.6159889280984,267.88193422863776,264.59781690250213,267.1332702636719,41466800.0,0.0,0.0,-1.27
AAPL,2026-04-28 00:00:00-04:00,271.8548539018017,272.7432830913257,268.181416710472,270.2277526855469,40018900.0,0.0,0.0,1.16
AAPL,2026-04-29 00:00:00-04:00,267.07336249706583,270.55716597281076,266.56429174844374,269.688720703125,30047900.0,0.0,0.0,-0.2
AAPL,2026-04-30 00:00:00-04:00,270.018146234023,275.50834883767226,267.6623648300734,270.86663818359375,91848200.0,0.0,0.0,0.44
AAPL,2026-05-01 00:00:00-04:00,278.36321169794013,286.7083346607987,277.87409435408995,279.6409606933594,79915400.0,0.0,0.0,3.24
AAPL,2026-05-04 00:00:00-04:00,279.16182884121525,280.13010214166496,274.3703610857382,276.33685302734375,46668400.0,0.0,0.0,-1.18
AAPL,2026-05-05 00:00:00-04:00,276.43668191704,284.0630869835518,276.00745521106614,283.67376708984375,49311700.0,0.0,0.0,2.66
AAPL,2026-05-06 00:00:00-04:00,281.4177950537395,287.5168959460148,280.5693031693742,286.9978332519531,58336100.0,0.0,0.0,1.17
AAPL,2026-05-07 00:00:00-04:00,288.75467457606095,291.60959552514373,285.2709015174152,286.9279479980469,45224300.0,0.0,0.0,-0.02
AAPL,2026-05-08 00:00:00-04:00,289.49338424193445,294.2349225642168,289.48339230776435,292.7974853515625,52692800.0,0.0,0.0,2.05
AAPL,2026-05-11 00:00:00-04:00,291.72841688276577,293.6267735875138,289.979924827367,292.42779541015625,42247300.0,0.27,0.0,-0.13
AAPL,2026-05-12 00:00:00-04:00,292.3078994315659,295.0155556946294,292.3078994315659,294.54595947265625,45748100.0,0.0,0.0,0.72
AAPL,2026-05-13 00:00:00-04:00,293.24708951115105,300.6607090744109,293.24708951115105,298.6124572753906,52684300.0,0.0,0.0,1.38
AAPL,2026-05-14 00:00:00-04:00,299.5616620172475,300.1911240450107,295.12548538387824,297.9530334472656,35324900.0,0.0,0.0,-0.22
AAPL,2026-05-15 00:00:00-04:00,297.643304079477,302.93875555297063,296.26448829773227,299.9713134765625,54862800.0,0.0,0.0,0.68
AAPL,2026-05-18 00:00:00-04:00,299.98126929450746,300.4009207908792,294.6558756451712,297.5833435058594,34483000.0,0.0,0.0,-0.8
AAPL,2026-05-19 00:00:00-04:00,296.7140952726279,300.2510533099592,296.09463441963413,298.7123718261719,42243600.0,0.0,0.0,0.38
AAPL,2026-05-20 00:00:00-04:00,297.9230626302997,302.5390768782648,297.82314269813475,301.98956298828125,38229800.0,0.0,0.0,1.1
AAPL,2026-05-21 00:00:00-04:00,300.80056674721834,305.27671719779084,300.1411318265125,304.7271728515625,42965100.0,0.0,0.0,0.91
AAPL,2026-05-22 00:00:00-04:00,305.85620846339293,311.13165741506583,305.57645096183757,308.55389404296875,43670200.0,0.0,0.0,1.26
AAPL,2026-05-26 00:00:00-04:00,309.29325163060713,311.5513139598484,307.4048960873393,308.0643005371094,48000500.0,0.0,0.0,-0.16
AAPL,2026-05-27 00:00:00-04:00,308.0643052358437,312.9900803339556,308.0343323058515,310.5821533203125,50430900.0,0.0,0.0,0.82
AAPL,2026-05-28 00:00:00-04:00,310.412282475935,312.5304508120942,309.30325358892543,312.24072265625,48220400.0,0.0,0.0,0.53
AAPL,2026-05-29 00:00:00-04:00,311.5113496628706,314.7285763294451,309.2632884033746,311.7911071777344,70026800.0,0.0,0.0,-0.14
AAPL,2026-06-01 00:00:00-04:00,309.363197507879,310.67206624496237,304.7571540774977,306.0460510253906,48849900.0,0.0,0.0,-1.84
AAPL,2026-06-02 00:00:00-04:00,307.1950545511415,315.1781903378333,306.42572903356995,314.92840576171875,44534700.0,0.0,0.0,2.9
AAPL,2026-06-03 00:00:00-04:00,313.9092501546009,316.6668815001487,308.5838566628498,309.9926452636719,50836700.0,0.0,0.0,-1.57
AAPL,2026-06-04 00:00:00-04:00,312.96009909963743,313.26982953176514,309.38316692864953,310.9618225097656,44869100.0,0.0,0.0,0.31
AAPL,2026-06-05 00:00:00-04:00,312.5903972939029,314.8984348439246,306.8853260765596,307.0751647949219,65310500.0,0.0,0.0,-1.25
AAPL,2026-06-08 00:00:00-04:00,308.4739595974908,317.1265012321255,300.9105055796523,301.2801818847656,77949100.0,0.0,0.0,-1.89
AAPL,2026-06-09 00:00:00-04:00,300.0212482417878,300.4908444635933,287.5320194610898,290.29962158203125,70108800.0,0.0,0.0,-3.64
AAPL,2026-06-10 00:00:00-04:00,290.4894628291428,294.4960172141002,287.1323727394638,291.3287353515625,52793300.0,0.0,0.0,0.35
AAPL,2026-06-11 00:00:00-04:00,293.4668864344149,296.7440586571729,289.3404406054596,295.375244140625,42572500.0,0.0,0.0,1.39
AAPL,2026-06-12 00:00:00-04:00,295.7749221682621,296.88398158337014,289.3704417369658,290.879150390625,38742100.0,0.0,0.0,-1.52
AAPL,2026-06-15 00:00:00-04:00,293.8665449684006,297.5233947188816,291.4486474146935,296.1645812988281,45732600.0,0.0,0.0,1.82
AAPL,2026-06-16 00:00:00-04:00,294.99559499590845,300.2210994929347,293.71669913987887,298.9821472167969,39874400.0,0.0,0.0,0.95
AAPL,2026-06-17 00:00:00-04:00,300.59074812548096,301.8096980081642,294.10632015937927,295.6949768066406,42745100.0,0.0,0.0,-1.1
AAPL,2026-06-18 00:00:00-04:00,297.8530937792582,300.31099586682666,295.3652492546472,297.7532043457031,85962200.0,0.0,0.0,0.7
AAPL,2026-06-22 00:00:00-04:00,297.05381866220307,302.1594314563154,296.5043047694293,296.75408935546875,44879900.0,0.0,0.0,-0.34
AAPL,2026-06-23 00:00:00-04:00,297.2836155142734,301.3800886038737,293.9264950024863,294.04638671875,52010900.0,0.0,0.0,-0.91
AAPL,2026-06-24 00:00:00-04:00,295.1054570720635,299.4417438827621,292.68755959702736,292.8274230957031,53081900.0,0.0,0.0,-0.41
AAPL,2026-06-25 00:00:00-04:00,287.1523472601469,288.55113481081804,273.5141152813601,274.91290283203125,107013700.0,0.0,0.0,-6.12
AAPL,2026-06-26 00:00:00-04:00,274.7630284991681,285.70360492137456,273.9737007161028,283.53546142578125,261775500.0,0.0,0.0,3.14
AAPL,2026-06-29 00:00:00-04:00,286.4829438934296,288.12151489662153,279.6088673150861,281.4972229003906,66427000.0,0.0,0.0,-0.72
AAPL,2026-06-30 00:00:00-04:00,280.9277417485351,289.69017405322865,280.45814550695326,289.11065673828125,65100200.0,0.0,0.0,2.7
AAPL,2026-07-01 00:00:00-04:00,293.1871503157195,296.33442991747245,288.95081360688545,294.1263427734375,50164200.0,0.0,0.0,1.73
AAPL,2026-07-02 00:00:00-04:00,293.866538367699,309.15337194761725,293.4269150966668,308.3640441894531,75352800.0,0.0,0.0,4.84
AAPL,2026-07-06 00:00:00-04:00,307.0951430290638,313.9292760509671,306.7354678654279,312.3905944824219,53590000.0,0.0,0.0,1.31
AAPL,2026-07-07 00:00:00-04:00,315.0183186077797,315.20815732134815,309.88273318392555,310.3923034667969,42490000.0,0.0,0.0,-0.64
AAPL,2026-07-08 00:00:00-04:00,311.6412289475945,314.5487250421545,306.7854009831778,313.1199645996094,41323500.0,0.0,0.0,0.88
AAPL,2026-07-09 00:00:00-04:00,310.24243869469103,316.2572401947346,307.8944576262147,315.947509765625,48124500.0,0.0,0.0,0.9
AAPL,2026-07-10 00:00:00-04:00,314.4488202226986,316.6369356310425,311.9010296470402,315.0483093261719,34132300.0,0.0,0.0,-0.28
AAPL,2026-07-13 00:00:00-04:00,316.7468014245228,323.171283634363,315.5078797345754,317.03656005859375,43257800.0,0.0,0.0,0.63
AAPL,2026-07-14 00:00:00-04:00,313.48965629761443,315.91755515351207,311.64124426456783,314.58868408203125,36336800.0,0.0,0.0,-0.77
AAPL,2026-07-15 00:00:00-04:00,317.34631234952286,328.44675508114506,317.0465830462295,327.2178039550781,60957600.0,0.0,0.0,4.01
AAPL,2026-07-16 00:00:00-04:00,327.72736328456057,334.3915986652446,326.50841333986017,332.97283935546875,62970600.0,0.0,0.0,1.76
AAPL,2026-07-17 00:00:00-04:00,331.693929977533,334.7013154010385,328.71648699084636,333.452392578125,63407100.0,0.0,0.0,0.14
AAPL,2026-07-20 00:00:00-04:00,333.2226134619852,333.4224228207836,323.4010672140761,326.3085632324219,53468000.0,0.0,0.0,-2.14
AAPL,2026-07-21 00:00:00-04:00,322.85156758462244,329.3159936819017,321.94234806189104,327.45758056640625,41338900.0,0.0,0.0,0.35
AAPL,2026-07-22 00:00:00-04:00,327.58746619388995,328.7164973399543,323.0613709608057,325.60919189453125,38755900.0,0.0,0.0,-0.56
AAPL,2026-07-23 00:00:00-04:00,321.4527900194849,323.0214140443725,319.0748358849152,321.3828430175781,40840800.0,0.0,0.0,-1.3
AAPL,2026-07-24 00:00:00-04:00,321.5127284115298,334.0818750563203,321.3428614810286,332.7330322265625,47489400.0,0.0,0.0,3.53
AAPL,2026-07-27 00:00:00-04:00,334.2517370375488,339.277401491225,333.73216560461384,336.61968994140625,49604300.0,0.0,0.0,1.17
AAPL,2026-07-28 00:00:00-04:00,339.73698155301014,342.59453283396704,335.31080637618777,339.78692626953125,51859000.0,0.0,0.0,0.94
AAPL,2026-07-29 00:00:00-04:00,339.43727163464206,344.2730974331505,337.0593175600121,337.8985900878906,56090800.0,0.0,0.0,-0.56
AAPL,2026-07-30 00:00:00-04:00,332.8129674612056,334.4615395264105,329.30598233808786,333.1426696777344,74817800.0,0.0,0.0,-1.41
AAPL,2026-07-31 00:00:00-04:00,304.54735603914753,310.4222943774597,299.7415030462749,308.6438293457031,132489100.0,0.0,0.0,-7.35
AAPL,2026-08-03 00:00:00-04:00,309.313234694189,311.5313230344714,302.29929450581176,303.1585693359375,75052000.0,0.0,0.0,-1.78
AAPL,2026-08-04 00:00:00-04:00,302.46913991298527,310.1525156602479,301.0603512911937,309.1134033203125,68001000.0,0.0,0.0,1.96
AAPL,2026-08-05 00:00:00-04:00,309.09342362565195,311.4414048335362,305.40663118634393,310.7320251464844,49438800.0,0.0,0.0,0.52
AAPL,2026-08-06 00:00:00-04:00,314.06913775686996,316.0174696892129,308.96355554648414,312.14080810546875,46139900.0,0.0,0.0,0.45
AAPL,2026-08-07 00:00:00-04:00,311.1816431226555,314.53873325457766,310.47223295908327,313.05999755859375,34437200.0,0.0,0.0,0.29
AAPL,2026-08-10 00:00:00-04:00,306.8299865722656,308.260009765625,304.6099853515625,308.260009765625,44812500.0,0.27,0.0,-1.53
AAPL,2026-08-11 00:00:00-04:00,307.75,309.9700012207031,302.7900085449219,304.9100036621094,37476700.0,0.0,0.0,-1.09
AAPL,2026-08-12 00:00:00-04:00,305.1000061035156,305.6600036621094,300.57000732421875,302.25,41657800.0,0.0,0.0,-0.87
AAPL,2026-08-13 00:00:00-04:00,304.2099914550781,306.0,302.04998779296875,305.260009765625,40349300.0,0.0,0.0,1.0
AAPL,2026-08-14 00:00:00-04:00,306.0,307.489990234375,304.29998779296875,305.92999267578125,28229400.0,0.0,0.0,0.22
AAPL,2026-08-17 00:00:00-04:00,306.2099914550781,307.6600036621094,302.94000244140625,305.5899963378906,38169300.0,0.0,0.0,-0.11
AAPL,2026-08-18 00:00:00-04:00,307.5799865722656,311.489990234375,305.739990234375,310.0299987792969,53424500.0,0.0,0.0,1.45
AAPL,2026-08-19 00:00:00-04:00,310.1400146484375,319.2799987792969,309.6000061035156,316.8299865722656,50505600.0,0.0,0.0,2.19
AAPL,2026-08-20 00:00:00-04:00,317.4599914550781,320.2799987792969,310.6499938964844,311.29998779296875,40959200.0,0.0,0.0,-1.75
AAPL,2026-08-21 00:00:00-04:00,312.04998779296875,312.3800048828125,307.010009765625,309.3500061035156,46876800.0,0.0,0.0,-0.63
AAPL,2026-08-24 00:00:00-04:00,311.4700012207031,313.3599853515625,309.9700012207031,310.3399963378906,34673600.0,0.0,0.0,0.32
AAPL,2026-08-25 00:00:00-04:00,310.7900085449219,313.5899963378906,308.2099914550781,309.8999938964844,25869800.0,0.0,0.0,-0.14
AAPL,2026-08-26 00:00:00-04:00,310.29998779296875,315.42999267578125,308.79998779296875,313.45001220703125,34024500.0,0.0,0.0,1.15
AAPL,2026-08-27 00:00:00-04:00,310.54998779296875,315.3999938964844,309.3999938964844,314.5799865722656,32419200.0,0.0,0.0,0.36
AAPL,2026-08-28 00:00:00-04:00,316.8500061035156,322.3699951171875,315.45001220703125,319.70001220703125,38649400.0,0.0,0.0,1.63
AAPL,2026-08-31 00:00:00-04:00,319.6000061035156,321.239990234375,312.79998779296875,316.8500061035156,41242700.0,0.0,0.0,-0.89
AAPL,2026-09-01 00:00:00-04:00,316.9800109863281,327.29998779296875,314.7300109863281,325.1300048828125,53167400.0,0.0,0.0,2.61
AAPL,2026-09-02 00:00:00-04:00,326.8699951171875,328.3999938964844,323.5299987792969,324.9599914550781,33776400.0,0.0,0.0,-0.05
AAPL,2026-09-03 00:00:00-04:00,324.8699951171875,330.80999755859375,324.1099853515625,328.2099914550781,37225800.0,0.0,0.0,1.0
AAPL,2026-09-04 00:00:00-04:00,328.30999755859375,328.92999267578125,317.8599853515625,319.9700012207031,39551800.0,0.0,0.0,-2.51
AMZN,2021-07-14 00:00:00-04:00,185.4425048828125,185.88299560546875,183.04150390625,184.08399963378906,65932000.0,0.0,0.0,
AMZN,2021-07-15 00:00:00-04:00,184.7100067138672,184.77000427246094,181.04600524902344,181.55999755859375,63706000.0,0.0,0.0,-1.37
AMZN,2021-07-16 00:00:00-04:00,181.66549682617188,182.30299377441406,178.5229949951172,178.68150329589844,80874000.0,0.0,0.0,
AMZN,2021-07-19 00:00:00-04:00,176.62899780273438,177.510498046875,174.95799255371094,177.47950744628906,75692000.0,0.0,0.0,-0.67
AMZN,2021-07-20 00:00:00-04:00,178.36599731445312,179.60000610351562,175.89999389648438,178.6595001220703,65114000.0,0.0,0.0,0.66
AMZN,2021-07-21 00:00:00-04:00,178.81900024414062,179.32249450683594,177.1820068359375,179.25999450683594,46380000.0,0.0,0.0,
AMZN,2021-07-22 00:00:00-04:00,179.3614959716797,182.00100708007812,179.11349487304688,181.90150451660156,65308000.0,0.0,0.0,1.47
AMZN,2021-07-23 00:00:00-04:00,182.0,183.3054962158203,181.1020050048828,182.83200073242188,48726000.0,0.0,0.0,
AMZN,2021-07-26 00:00:00-04:00,183.6584930419922,185.60400390625,182.3625030517578,184.99099731445312,58002000.0,0.0,0.0,1.18
AMZN,2021-07-27 00:00:00-04:00,184.9250030517578,184.9250030517578,179.3074951171875,181.3195037841797,82638000.0,0.0,0.0,-1.98
AMZN,2021-07-28 00:00:00-04:00,181.68899536132812,182.92100524902344,180.0500030517578,181.51600646972656,59988000.0,0.0,0.0,0.11
AMZN,2021-07-29 00:00:00-04:00,181.3874969482422,181.8975067138672,179.00050354003906,179.99600219726562,110400000.0,0.0,0.0,-0.84
AMZN,2021-07-30 00:00:00-04:00,167.3975067138672,168.40699768066406,165.3489990234375,166.37950134277344,199312000.0,0.0,0.0,-7.56
AMZN,2021-08-02 00:00:00-04:00,167.65499877929688,167.9459991455078,165.85000610351562,166.57400512695312,67078000.0,0.0,0.0,
AMZN,2021-08-03 00:00:00-04:00,167.03599548339844,169.5500030517578,164.98849487304688,168.31199645996094,83146000.0,0.0,0.0,
AMZN,2021-08-04 00:00:00-04:00,168.96749877929688,169.44400024414062,167.2779998779297,167.73599243164062,43678000.0,0.0,0.0,
AMZN,2021-08-05 00:00:00-04:00,167.81100463867188,169.4499969482422,167.04600524902344,168.79949951171875,48670000.0,0.0,0.0,0.63
AMZN,2021-08-06 00:00:00-04:00,168.75,168.75,166.45199584960938,167.2469940185547,52752000.0,0.0,0.0,-0.92
AMZN,2021-08-09 00:00:00-04:00,167.1804962158203,167.74400329589844,166.42599487304688,167.093505859375,42964000.0,0.0,0.0,-0.09
AMZN,2021-08-10 00:00:00-04:00,167.25050354003906,167.89999389648438,165.75,166.03399658203125,48252000.0,0.0,0.0,
AMZN,2021-08-11 00:00:00-04:00,166.57249450683594,166.88499450683594,163.88949584960938,164.60549926757812,58944000.0,0.0,0.0,
AMZN,2021-08-12 00:00:00-04:00,164.5,165.72549438476562,163.48350524902344,165.1750030517578,46282000.0,0.0,0.0,0.35
AMZN,2021-08-13 00:00:00-04:00,165.2834930419922,165.30349731445312,164.14999389648438,164.69850158691406,41134000.0,0.0,0.0,
AMZN,2021-08-16 00:00:00-04:00,164.14999389648438,165.0,160.55650329589844,164.94949340820312,66394000.0,0.0,0.0,
AMZN,2021-08-17 00:00:00-04:00,163.875,164.02450561523438,161.28399658203125,162.09800720214844,67758000.0,0.0,0.0,-1.73
AMZN,2021-08-18 00:00:00-04:00,162.09950256347656,162.7050018310547,160.0,160.06100463867188,56086000.0,0.0,0.0,
AMZN,2021-08-19 00:00:00-04:00,159.7010040283203,161.64999389648438,159.1230010986328,159.3874969482422,75658000.0,0.0,0.0,
AMZN,2021-08-20 00:00:00-04:00,160.19349670410156,160.3905029296875,158.78799438476562,159.99749755859375,67168000.0,0.0,0.0,0.38
AMZN,2021-08-23 00:00:00-04:00,160.59500122070312,164.0449981689453,160.50050354003906,163.2935028076172,65362000.0,0.0,0.0,2.06
AMZN,2021-08-24 00:00:00-04:00,164.0,165.77450561523438,163.72900390625,165.28900146484375,51036000.0,0.0,0.0,1.22
AMZN,2021-08-25 00:00:00-04:00,165.49349975585938,166.0500030517578,164.3074951171875,164.95899963378906,33606000.0,0.0,0.0,-0.2
AMZN,2021-08-26 00:00:00-04:00,164.9499969482422,166.60000610351562,164.8000030517578,165.8000030517578,41976000.0,0.0,0.0,0.51
AMZN,2021-08-27 00:00:00-04:00,166.6614990234375,167.61599731445312,165.6875,167.48150634765625,48048000.0,0.0,0.0,1.01
AMZN,2021-08-30 00:00:00-04:00,167.8715057373047,172.25,167.76100158691406,171.07850646972656,63844000.0,0.0,0.0,
AMZN,2021-08-31 00:00:00-04:00,171.24000549316406,173.62899780273438,169.7794952392578,173.5395050048828,87128000.0,0.0,0.0,1.44
AMZN,2021-09-01 00:00:00-04:00,174.82000732421875,176.35000610351562,173.76199340820312,173.9499969482422,72598000.0,0.0,0.0,
AMZN,2021-09-02 00:00:00-04:00,174.73800659179688,175.59800720214844,172.75,173.156005859375,58474000.0,0.0,0.0,-0.46
AMZN,2021-09-03 00:00:00-04:00,172.60000610351562,174.1334991455078,171.82200622558594,173.90249633789062,51514000.0,0.0,0.0,0.43
AMZN,2021-09-07 00:00:00-04:00,173.89999389648438,176.4044952392578,173.8470001220703,175.46449279785156,54758000.0,0.0,0.0,
AMZN,2021-09-08 00:00:00-04:00,175.58250427246094,177.281494140625,174.7834930419922,176.27499389648438,61068000.0,0.0,0.0,0.46
AMZN,2021-09-09 00:00:00-04:00,176.30099487304688,177.49949645996094,174.01849365234375,174.20799255371094,54384000.0,0.0,0.0,-1.17
AMZN,2021-09-10 00:00:00-04:00,175.0915069580078,175.42250061035156,173.14549255371094,173.45750427246094,47946000.0,0.0,0.0,-0.43
AMZN,2021-09-13 00:00:00-04:00,174.13999938964844,174.8979949951172,171.89999389648438,172.85850524902344,51380000.0,0.0,0.0,-0.35
AMZN,2021-09-14 00:00:00-04:00,173.77749633789062,174.3404998779297,171.885498046875,172.5,38738000.0,0.0,0.0,-0.21
AMZN,2021-09-15 00:00:00-04:00,172.12600708007812,174.27099609375,170.10049438476562,173.7895050048828,59150000.0,0.0,0.0,0.75
AMZN,2021-09-16 00:00:00-04:00,172.9980010986328,174.62750244140625,172.3070068359375,174.41200256347656,51672000.0,0.0,0.0,0.36
AMZN,2021-09-17 00:00:00-04:00,174.42050170898438,174.87049865722656,172.60650634765625,173.12600708007812,92332000.0,0.0,0.0,-0.74
AMZN,2021-09-20 00:00:00-04:00,169.8000030517578,170.9499969482422,165.25050354003906,167.7864990234375,93382000.0,0.0,0.0,-3.08
AMZN,2021-09-21 00:00:00-04:00,168.75,168.98500061035156,166.6195068359375,167.18150329589844,55618000.0,0.0,0.0,-0.36
AMZN,2021-09-22 00:00:00-04:00,167.5500030517578,169.4499969482422,167.05250549316406,169.00250244140625,48228000.0,0.0,0.0,1.09
AMZN,2021-09-23 00:00:00-04:00,169.00250244140625,171.447998046875,169.00250244140625,170.8000030517578,47588000.0,0.0,0.0,1.06
AMZN,2021-09-24 00:00:00-04:00,170.10049438476562,171.46299743652344,169.6699981689453,171.2760009765625,42324000.0,0.0,0.0,0.28
AMZN,2021-09-27 00:00:00-04:00,168.5749969482422,170.77850341796875,166.98049926757812,170.2899932861328,72690000.0,0.0,0.0,-0.58
AMZN,2021-09-28 00:00:00-04:00,167.885498046875,168.45950317382812,164.5050048828125,165.79800415039062,88616000.0,0.0,0.0,-2.64
AMZN,2021-09-29 00:00:00-04:00,166.10549926757812,167.56500244140625,164.89349365234375,165.05599975585938,51246000.0,0.0,0.0,-0.45
AMZN,2021-09-30 00:00:00-04:00,165.8000030517578,166.3925018310547,163.69949340820312,164.2519989013672,56848000.0,0.0,0.0,-0.49
AMZN,2021-10-01 00:00:00-04:00,164.45050048828125,165.45849609375,162.7969970703125,164.16299438476562,56712000.0,0.0,0.0,-0.05
AMZN,2021-10-04 00:00:00-04:00,163.96949768066406,163.99949645996094,158.8125,159.48899841308594,90462000.0,0.0,0.0,-2.85
AMZN,2021-10-05 00:00:00-04:00,160.22500610351562,163.0364990234375,160.1230010986328,161.0500030517578,65384000.0,0.0,0.0,0.98
AMZN,2021-10-06 00:00:00-04:00,160.67649841308594,163.2169952392578,159.93099975585938,163.10049438476562,50660000.0,0.0,0.0,1.27
AMZN,2021-10-07 00:00:00-04:00,164.57699584960938,166.28750610351562,164.1529998779297,165.1215057373047,48182000.0,0.0,0.0,1.24
AMZN,2021-10-08 00:00:00-04:00,165.85000610351562,166.07150268554688,164.41000366210938,164.43099975585938,39964000.0,0.0,0.0,-0.42
AMZN,2021-10-11 00:00:00-04:00,163.75,164.62950134277344,161.90499877929688,162.31500244140625,40684000.0,0.0,0.0,-1.29
AMZN,2021-10-12 00:00:00-04:00,162.85000610351562,163.37649536132812,161.81399536132812,162.3665008544922,36392000.0,0.0,0.0,0.03
AMZN,2021-10-13 00:00:00-04:00,163.48550415039062,164.41900634765625,163.05450439453125,164.21400451660156,48402000.0,0.0,0.0,1.14
AMZN,2021-10-14 00:00:00-04:00,165.12249755859375,165.6300048828125,164.53900146484375,164.9929962158203,42190000.0,0.0,0.0,0.47
AMZN,2021-10-15 00:00:00-04:00,165.5709991455078,170.52099609375,165.1999969482422,170.4510040283203,103598000.0,0.0,0.0,3.31
AMZN,2021-10-18 00:00:00-04:00,169.41799926757812,172.45849609375,169.2550048828125,172.33700561523438,63482000.0,0.0,0.0,1.11
AMZN,2021-10-19 00:00:00-04:00,171.71449279785156,172.7344970703125,171.10000610351562,172.20750427246094,47722000.0,0.0,0.0,-0.08
AMZN,2021-10-20 00:00:00-04:00,172.63299560546875,173.14300537109375,170.01849365234375,170.7530059814453,42796000.0,0.0,0.0,-0.84
AMZN,2021-10-21 00:00:00-04:00,170.71249389648438,172.01400756835938,170.14999389648438,171.75050354003906,37628000.0,0.0,0.0,0.58
AMZN,2021-10-22 00:00:00-04:00,171.0500030517578,171.49200439453125,166.56500244140625,166.77749633789062,62782000.0,0.0,0.0,-2.9
AMZN,2021-10-25 00:00:00-04:00,166.75,167.38999938964844,164.88499450683594,166.01849365234375,44520000.0,0.0,0.0,-0.46
AMZN,2021-10-26 00:00:00-04:00,167.47549438476562,170.80599975585938,167.19900512695312,168.80349731445312,53966000.0,0.0,0.0,1.68
AMZN,2021-10-27 00:00:00-04:00,169.39999389648438,171.85000610351562,168.57249450683594,169.62449645996094,54044000.0,0.0,0.0,0.49
AMZN,2021-10-28 00:00:00-04:00,170.10499572753906,173.9499969482422,169.3000030517578,172.32850646972656,114174000.0,0.0,0.0,1.59
AMZN,2021-10-29 00:00:00-04:00,165.00100708007812,168.74099731445312,163.66600036621094,168.6215057373047,129722000.0,0.0,0.0,-2.15
AMZN,2021-11-01 00:00:00-04:00,168.08999633789062,168.79299926757812,164.6009979248047,165.90550231933594,72178000.0,0.0,0.0,-1.61
AMZN,2021-11-02 00:00:00-04:00,165.75050354003906,166.55599975585938,164.17750549316406,165.6374969482422,52552000.0,0.0,0.0,-0.16
AMZN,2021-11-03 00:00:00-04:00,165.4499969482422,169.74600219726562,164.87600708007812,169.1999969482422,67944000.0,0.0,0.0,2.15
AMZN,2021-11-04 00:00:00-04:00,168.5,174.93150329589844,168.25,173.85000610351562,107060000.0,0.0,0.0,2.75
AMZN,2021-11-05 00:00:00-04:00,173.85000610351562,178.3125,173.8489990234375,175.94949340820312,99940000.0,0.0,0.0,1.21
AMZN,2021-11-08 00:00:00-05:00,176.16200256347656,178.9499969482422,174.39300537109375,174.44900512695312,61480000.0,0.0,0.0,-0.85
AMZN,2021-11-09 00:00:00-05:00,175.7624969482422,179.68850708007812,175.07150268554688,178.81149291992188,85898000.0,0.0,0.0,2.5
AMZN,2021-11-10 00:00:00-05:00,178.19349670410156,180.2725067138672,173.1544952392578,174.1024932861328,80548000.0,0.0,0.0,-2.63
AMZN,2021-11-11 00:00:00-05:00,175.64999389648438,177.16200256347656,173.37350463867188,173.625,45288000.0,0.0,0.0,-0.27
AMZN,2021-11-12 00:00:00-05:00,174.25,177.0364990234375,172.3524932861328,176.25750732421875,53788000.0,0.0,0.0,1.52
AMZN,2021-11-15 00:00:00-05:00,176.85000610351562,179.69400024414062,176.29049682617188,177.28399658203125,58594000.0,0.0,0.0,0.58
AMZN,2021-11-16 00:00:00-05:00,176.9499969482422,178.8249969482422,176.25750732421875,177.03500366210938,44342000.0,0.0,0.0,-0.14
AMZN,2021-11-17 00:00:00-05:00,178.23599243164062,179.3625030517578,177.2675018310547,177.4499969482422,51206000.0,0.0,0.0,0.23
AMZN,2021-11-18 00:00:00-05:00,178.3175048828125,185.2100067138672,178.0500030517578,184.80299377441406,114070000.0,0.0,0.0,4.14
AMZN,2021-11-19 00:00:00-05:00,185.63450622558594,188.1074981689453,183.78599548339844,183.82850646972656,98734000.0,0.0,0.0,-0.53
AMZN,2021-11-22 00:00:00-05:00,183.81900024414062,185.67300415039062,178.375,178.6284942626953,96844000.0,0.0,0.0,-2.83
AMZN,2021-11-23 00:00:00-05:00,179.2519989013672,181.05250549316406,176.385498046875,179.0019989013672,73804000.0,0.0,0.0,0.21
AMZN,2021-11-24 00:00:00-05:00,178.1334991455078,180.6820068359375,176.84249877929688,179.02049255371094,46560000.0,0.0,0.0,0.01
AMZN,2021-11-26 00:00:00-05:00,180.10499572753906,181.6750030517578,175.20750427246094,175.22799682617188,59826000.0,0.0,0.0,-2.12
AMZN,2021-11-29 00:00:00-05:00,177.3820037841797,179.8000030517578,176.5749969482422,178.07850646972656,65312000.0,0.0,0.0,1.63
AMZN,2021-11-30 00:00:00-05:00,178.1750030517578,179.2884979248047,174.60049438476562,175.35350036621094,80022000.0,0.0,0.0,-1.53
AMZN,2021-12-01 00:00:00-05:00,177.25,177.99400329589844,172.0800018310547,172.18600463867188,74916000.0,0.0,0.0,-1.81
AMZN,2021-12-02 00:00:00-05:00,173.0,174.63499450683594,171.1875,171.8679962158203,64726000.0,0.0,0.0,-0.18
AMZN,2021-12-03 00:00:00-05:00,172.75,173.49349975585938,166.92999267578125,169.489501953125,80712000.0,0.0,0.0,-1.38
AMZN,2021-12-06 00:00:00-05:00,169.64999389648438,173.69549560546875,166.9344940185547,171.36849975585938,68860000.0,0.0,0.0,1.11
AMZN,2021-12-07 00:00:00-05:00,174.60000610351562,177.49949645996094,173.33450317382812,176.1645050048828,66410000.0,0.0,0.0,2.8
AMZN,2021-12-08 00:00:00-05:00,176.15049743652344,177.17999267578125,174.75050354003906,176.1580047607422,45254000.0,0.0,0.0,0.0
AMZN,2021-12-09 00:00:00-05:00,175.75,176.96949768066406,174.13949584960938,174.17100524902344,46062000.0,0.0,0.0,-1.13
AMZN,2021-12-10 00:00:00-05:00,175.41700744628906,175.927001953125,170.5,172.21200561523438,60690000.0,0.0,0.0,-1.12
AMZN,2021-12-13 00:00:00-05:00,172.0,172.10000610351562,169.1300048828125,169.5675048828125,62170000.0,0.0,0.0,-1.54
AMZN,2021-12-14 00:00:00-05:00,167.5500030517578,169.49899291992188,166.44000244140625,169.0915069580078,55976000.0,0.0,0.0,-0.28
AMZN,2021-12-15 00:00:00-05:00,168.59800720214844,173.60000610351562,165.19500732421875,173.31500244140625,75794000.0,0.0,0.0,2.5
AMZN,2021-12-16 00:00:00-05:00,173.36849975585938,174.16600036621094,168.16050720214844,168.87100219726562,60876000.0,0.0,0.0,-2.56
AMZN,2021-12-17 00:00:00-05:00,167.7104949951172,170.89849853515625,165.61349487304688,170.0175018310547,85542000.0,0.0,0.0,0.68
AMZN,2021-12-20 00:00:00-05:00,166.85000610351562,167.87449645996094,165.60000610351562,167.07899475097656,57372000.0,0.0,0.0,-1.73
AMZN,2021-12-21 00:00:00-05:00,167.85049438476562,170.7165069580078,165.6475067138672,170.41700744628906,55956000.0,0.0,0.0,2.0
AMZN,2021-12-22 00:00:00-05:00,169.27000427246094,172.0500030517578,168.50050354003906,171.03700256347656,55036000.0,0.0,0.0,0.36
AMZN,2021-12-23 00:00:00-05:00,170.42799377441406,171.97500610351562,170.14999389648438,171.06849670410156,36788000.0,0.0,0.0,0.02
AMZN,2021-12-27 00:00:00-05:00,171.03700256347656,172.9429931640625,169.2154998779297,169.66949462890625,58688000.0,0.0,0.0,-0.82
AMZN,2021-12-28 00:00:00-05:00,170.1824951171875,172.17599487304688,169.135498046875,170.66099548339844,54638000.0,0.0,0.0,0.58
AMZN,2021-12-29 00:00:00-05:00,170.83999633789062,171.21200561523438,168.60049438476562,169.2010040283203,35754000.0,0.0,0.0,-0.86
AMZN,2021-12-30 00:00:00-05:00,169.6999969482422,170.88800048828125,168.5240020751953,168.64450073242188,37584000.0,0.0,0.0,-0.33
AMZN,2021-12-31 00:00:00-05:00,168.95599365234375,169.35000610351562,166.55850219726562,166.7169952392578,47830000.0,0.0,0.0,-1.14
AMZN,2022-01-03 00:00:00-05:00,167.5500030517578,170.70350646972656,166.16050720214844,170.4044952392578,63520000.0,0.0,0.0,2.21
AMZN,2022-01-04 00:00:00-05:00,170.43800354003906,171.39999389648438,166.34950256347656,167.52200317382812,70726000.0,0.0,0.0,-1.69
AMZN,2022-01-05 00:00:00-05:00,166.88299560546875,167.12649536132812,164.35699462890625,164.35699462890625,64302000.0,0.0,0.0,-1.89
AMZN,2022-01-06 00:00:00-05:00,163.45050048828125,164.8000030517578,161.93699645996094,163.25399780273438,51958000.0,0.0,0.0,-0.67
AMZN,2022-01-07 00:00:00-05:00,163.83900451660156,165.24349975585938,162.031005859375,162.5540008544922,46606000.0,0.0,0.0,-0.43
AMZN,2022-01-10 00:00:00-05:00,160.5854949951172,161.6614990234375,156.30450439453125,161.48599243164062,87798000.0,0.0,0.0,-0.66
AMZN,2022-01-11 00:00:00-05:00,161.5,166.35000610351562,160.70150756835938,165.36199951171875,62806000.0,0.0,0.0,2.4
AMZN,2022-01-12 00:00:00-05:00,166.5749969482422,166.8780059814453,164.41700744628906,165.20700073242188,50030000.0,0.0,0.0,-0.09
AMZN,2022-01-13 00:00:00-05:00,165.25050354003906,166.22149658203125,161.09100341796875,161.21400451660156,52188000.0,0.0,0.0,-2.42
AMZN,2022-01-14 00:00:00-05:00,160.14999389648438,162.25,159.80050659179688,162.13800048828125,45974000.0,0.0,0.0,0.57
AMZN,2022-01-18 00:00:00-05:00,159.10499572753906,159.7344970703125,157.6645050048828,158.91749572753906,67292000.0,0.0,0.0,-1.99
AMZN,2022-01-19 00:00:00-05:00,158.76199340820312,159.25,156.25,156.2989959716797,53242000.0,0.0,0.0,-1.65
AMZN,2022-01-20 00:00:00-05:00,156.76600646972656,158.0,151.3509979248047,151.66749572753906,71974000.0,0.0,0.0,-2.96
AMZN,2022-01-21 00:00:00-05:00,149.9499969482422,150.89999389648438,142.07049560546875,142.64300537109375,163972000.0,0.0,0.0,-5.95
AMZN,2022-01-24 00:00:00-05:00,139.0,144.94500732421875,135.3520050048828,144.54400634765625,155624000.0,0.0,0.0,1.33
AMZN,2022-01-25 00:00:00-05:00,142.24249267578125,143.60000610351562,138.14500427246094,139.98599243164062,90824000.0,0.0,0.0,-3.15
AMZN,2022-01-26 00:00:00-05:00,144.75,145.18499755859375,137.31849670410156,138.87249755859375,95602000.0,0.0,0.0,-0.8
AMZN,2022-01-27 00:00:00-05:00,140.8000030517578,144.24349975585938,139.35000610351562,139.6374969482422,77516000.0,0.0,0.0,0.55
AMZN,2022-01-28 00:00:00-05:00,140.86050415039062,143.9980010986328,137.92950439453125,143.97799682617188,74392000.0,0.0,0.0,3.11
AMZN,2022-01-31 00:00:00-05:00,144.75,150.36050415039062,144.30050659179688,149.57350158691406,78308000.0,0.0,0.0,3.89
AMZN,2022-02-01 00:00:00-05:00,150.0,151.70799255371094,147.62750244140625,151.19349670410156,59220000.0,0.0,0.0,1.08
AMZN,2022-02-02 00:00:00-05:00,155.05050659179688,155.0749969482422,148.86349487304688,150.6125030517578,87330000.0,0.0,0.0,-0.38
AMZN,2022-02-03 00:00:00-05:00,141.7375030517578,144.24749755859375,138.33299255371094,138.8455047607422,225532000.0,0.0,0.0,-7.81
AMZN,2022-02-04 00:00:00-05:00,155.60650634765625,161.1999969482422,150.60800170898438,157.63949584960938,253456000.0,0.0,0.0,13.54
AMZN,2022-02-07 00:00:00-05:00,158.52000427246094,162.6909942626953,157.25,157.9355010986328,102624000.0,0.0,0.0,0.19
AMZN,2022-02-08 00:00:00-05:00,156.75050354003906,161.79249572753906,155.55050659179688,161.4134979248047,76040000.0,0.0,0.0,2.2
AMZN,2022-02-09 00:00:00-05:00,162.87350463867188,163.83450317382812,160.25,161.1894989013672,68786000.0,0.0,0.0,-0.14
AMZN,2022-02-10 00:00:00-05:00,158.35000610351562,160.7165069580078,157.75,159.0034942626953,68268000.0,0.0,0.0,-1.36
AMZN,2022-02-11 00:00:00-05:00,158.13450622558594,159.0,152.73399353027344,153.2935028076172,77100000.0,0.0,0.0,-3.59
AMZN,2022-02-14 00:00:00-05:00,151.75100708007812,158.44850158691406,151.64999389648438,155.16700744628906,83230000.0,0.0,0.0,1.22
AMZN,2022-02-15 00:00:00-05:00,157.60549926757812,158.0070037841797,154.6374969482422,156.510498046875,56440000.0,0.0,0.0,0.87
AMZN,2022-02-16 00:00:00-05:00,155.79049682617188,158.83399963378906,154.7344970703125,158.10049438476562,52704000.0,0.0,0.0,1.02
AMZN,2022-02-17 00:00:00-05:00,158.14599609375,160.3489990234375,154.5,154.65249633789062,64032000.0,0.0,0.0,-2.18
AMZN,2022-02-18 00:00:00-05:00,155.49949645996094,155.49949645996094,150.89300537109375,152.60150146484375,63604000.0,0.0,0.0,-1.33
AMZN,2022-02-22 00:00:00-05:00,150.47850036621094,152.9824981689453,148.48550415039062,150.19749450683594,66128000.0,0.0,0.0,-1.58
AMZN,2022-02-23 00:00:00-05:00,151.65049743652344,151.76300048828125,144.6510009765625,144.82699584960938,64244000.0,0.0,0.0,-3.58
AMZN,2022-02-24 00:00:00-05:00,139.83749389648438,151.74899291992188,139.5,151.35800170898438,100786000.0,0.0,0.0,4.51
AMZN,2022-02-25 00:00:00-05:00,150.5500030517578,153.99000549316406,149.2135009765625,153.7884979248047,62396000.0,0.0,0.0,1.61
AMZN,2022-02-28 00:00:00-05:00,152.4250030517578,154.4499969482422,150.85000610351562,153.56300354003906,57684000.0,0.0,0.0,-0.15
AMZN,2022-03-01 00:00:00-05:00,152.7324981689453,154.0989990234375,149.9770050048828,151.14199829101562,44874000.0,0.0,0.0,-1.58
AMZN,2022-03-02 00:00:00-05:00,150.8489990234375,152.99949645996094,148.75,152.05250549316406,47334000.0,0.0,0.0,0.6
AMZN,2022-03-03 00:00:00-05:00,153.531494140625,153.9290008544922,146.8560028076172,147.89849853515625,65198000.0,0.0,0.0,-2.73
AMZN,2022-03-04 00:00:00-05:00,147.15899658203125,147.85000610351562,143.8070068359375,145.64100646972656,60934000.0,0.0,0.0,-1.53
AMZN,2022-03-07 00:00:00-05:00,145.44349670410156,146.09449768066406,137.41650390625,137.4530029296875,86934000.0,0.0,0.0,-5.62
AMZN,2022-03-08 00:00:00-05:00,136.68350219726562,140.69949340820312,133.57249450683594,136.01449584960938,91662000.0,0.0,0.0,-1.05
AMZN,2022-03-09 00:00:00-05:00,139.5,140.25,136.8280029296875,139.2790069580078,82656000.0,0.0,0.0,2.4
AMZN,2022-03-10 00:00:00-05:00,145.68499755859375,148.67449951171875,143.97799682617188,146.8175048828125,135062000.0,0.0,0.0,5.41
AMZN,2022-03-11 00:00:00-05:00,149.57449340820312,149.6750030517578,145.36900329589844,145.52450561523438,68900000.0,0.0,0.0,-0.88
AMZN,2022-03-14 00:00:00-04:00,145.9810028076172,147.4499969482422,140.88400268554688,141.85299682617188,74086000.0,0.0,0.0,-2.52
AMZN,2022-03-15 00:00:00-04:00,142.85000610351562,147.98500061035156,142.0,147.3665008544922,75584000.0,0.0,0.0,3.89
AMZN,2022-03-16 00:00:00-04:00,148.5,153.14999389648438,147.35350036621094,153.10400390625,84958000.0,0.0,0.0,3.89
AMZN,2022-03-17 00:00:00-04:00,152.6405029296875,157.49850463867188,152.13999938964844,157.23899841308594,72934000.0,0.0,0.0,2.7
AMZN,2022-03-18 00:00:00-04:00,156.81300354003906,161.593994140625,156.01100158691406,161.25050354003906,102962000.0,0.0,0.0,2.55
AMZN,2022-03-21 00:00:00-04:00,161.12100219726562,163.08399963378906,159.55299377441406,161.4915008544922,66538000.0,0.0,0.0,0.15
AMZN,2022-03-22 00:00:00-04:00,161.8054962158203,166.16700744628906,161.69900512695312,164.88900756835938,64086000.0,0.0,0.0,2.1
AMZN,2022-03-23 00:00:00-04:00,163.7050018310547,166.3699951171875,162.68699645996094,163.4080047607422,55812000.0,0.0,0.0,-0.9
AMZN,2022-03-24 00:00:00-04:00,163.74949645996094,164.11849975585938,160.0500030517578,163.64950561523438,56798000.0,0.0,0.0,0.15
AMZN,2022-03-25 00:00:00-04:00,164.0,165.36849975585938,162.25,164.77349853515625,49032000.0,0.0,0.0,0.69
AMZN,2022-03-28 00:00:00-04:00,164.97500610351562,169.03750610351562,164.89999389648438,168.99049377441406,59854000.0,0.0,0.0,2.56
AMZN,2022-03-29 00:00:00-04:00,170.38400268554688,170.8314971923828,167.86849975585938,169.31500244140625,66154000.0,0.0,0.0,0.19
AMZN,2022-03-30 00:00:00-04:00,168.50950622558594,168.95050048828125,165.5,166.30099487304688,56168000.0,0.0,0.0,-1.78
AMZN,2022-03-31 00:00:00-04:00,166.44500732421875,166.4949951171875,162.95350646972656,162.99749755859375,59966000.0,0.0,0.0,-1.99
AMZN,2022-04-01 00:00:00-04:00,164.14950561523438,165.82699584960938,162.3195037841797,163.55999755859375,57090000.0,0.0,0.0,0.35
AMZN,2022-04-04 00:00:00-04:00,164.125,168.39450073242188,163.20550537109375,168.34649658203125,49882000.0,0.0,0.0,2.93
AMZN,2022-04-05 00:00:00-04:00,167.7415008544922,168.11050415039062,163.26600646972656,164.05499267578125,53728000.0,0.0,0.0,-2.55
AMZN,2022-04-06 00:00:00-04:00,161.65049743652344,162.1999969482422,157.25450134277344,158.75599670410156,79056000.0,0.0,0.0,-3.23
AMZN,2022-04-07 00:00:00-04:00,158.39999389648438,160.07899475097656,154.51150512695312,157.7845001220703,68136000.0,0.0,0.0,-0.61
AMZN,2022-04-08 00:00:00-04:00,156.75,157.36849975585938,154.2310028076172,154.4604949951172,46002000.0,0.0,0.0,-2.11
AMZN,2022-04-11 00:00:00-04:00,152.71299743652344,154.13650512695312,150.5345001220703,151.1219940185547,52112000.0,0.0,0.0,-2.16
AMZN,2022-04-12 00:00:00-04:00,153.6925048828125,155.0989990234375,150.38299560546875,150.78750610351562,55178000.0,0.0,0.0,-0.22
AMZN,2022-04-13 00:00:00-04:00,150.01849365234375,156.02499389648438,149.60000610351562,155.54100036621094,53390000.0,0.0,0.0,3.15
AMZN,2022-04-14 00:00:00-04:00,155.38999938964844,155.89700317382812,151.4720001220703,151.7064971923828,51598000.0,0.0,0.0,-2.47
AMZN,2022-04-18 00:00:00-04:00,151.52349853515625,154.0395050048828,150.25050354003906,152.78500366210938,46514000.0,0.0,0.0,0.71
AMZN,2022-04-19 00:00:00-04:00,152.0294952392578,158.6490020751953,151.55050659179688,158.11549377441406,54926000.0,0.0,0.0,3.49
AMZN,2022-04-20 00:00:00-04:00,157.6024932861328,157.6024932861328,153.60350036621094,153.9980010986328,59630000.0,0.0,0.0,-2.6
AMZN,2022-04-21 00:00:00-04:00,154.71400451660156,156.73800659179688,147.58949279785156,148.29600524902344,63970000.0,0.0,0.0,-3.7
AMZN,2022-04-22 00:00:00-04:00,148.25,149.61500549316406,143.69749450683594,144.35000610351562,73078000.0,0.0,0.0,-2.66
AMZN,2022-04-25 00:00:00-04:00,144.0229949951172,146.22149658203125,142.30650329589844,146.07400512695312,61874000.0,0.0,0.0,1.19
AMZN,2022-04-26 00:00:00-04:00,144.8000030517578,144.8560028076172,138.92950439453125,139.39100646972656,77530000.0,0.0,0.0,-4.58
AMZN,2022-04-27 00:00:00-04:00,140.19149780273438,141.94850158691406,135.7834930419922,138.16700744628906,71336000.0,0.0,0.0,-0.88
AMZN,2022-04-28 00:00:00-04:00,142.17799377441406,145.9375,140.3000030517578,144.59649658203125,117316000.0,0.0,0.0,4.65
AMZN,2022-04-29 00:00:00-04:00,129.8489990234375,130.76100158691406,121.625,124.28150177001953,272662000.0,0.0,0.0,-14.05
AMZN,2022-05-02 00:00:00-04:00,122.4010009765625,124.66799926757812,118.375,124.5,148788000.0,0.0,0.0,0.18
AMZN,2022-05-03 00:00:00-04:00,124.05349731445312,126.22049713134766,122.82499694824219,124.25350189208984,79134000.0,0.0,0.0,-0.2
AMZN,2022-05-04 00:00:00-04:00,123.5999984741211,126.0,119.18299865722656,125.92849731445312,110746000.0,0.0,0.0,1.35
AMZN,2022-05-05 00:00:00-04:00,123.0,123.4990005493164,115.07250213623047,116.40699768066406,144392000.0,0.0,0.0,-7.56
AMZN,2022-05-06 00:00:00-04:00,114.8499984741211,119.05049896240234,113.08149719238281,114.77249908447266,124260000.0,0.0,0.0,-1.4
AMZN,2022-05-09 00:00:00-04:00,111.3125,114.0,107.95700073242188,108.78900146484375,128124000.0,0.0,0.0,-5.21
AMZN,2022-05-10 00:00:00-04:00,111.25,112.64250183105469,107.1709976196289,108.85900115966797,105434000.0,0.0,0.0,0.06
AMZN,2022-05-11 00:00:00-04:00,108.10350036621094,110.15599822998047,104.42849731445312,105.37200164794922,109704000.0,0.0,0.0,-3.2
AMZN,2022-05-12 00:00:00-04:00,102.75,110.78050231933594,102.40550231933594,106.93049621582031,132026000.0,0.0,0.0,1.48
AMZN,2022-05-13 00:00:00-04:00,109.06900024414062,113.18399810791016,107.80000305175781,113.05500030517578,93684000.0,0.0,0.0,5.73
AMZN,2022-05-16 00:00:00-04:00,113.0999984741211,113.99250030517578,110.35399627685547,110.81050109863281,74566000.0,0.0,0.0,-1.99
AMZN,2022-05-17 00:00:00-04:00,113.2750015258789,115.80000305175781,111.27649688720703,115.36849975585938,76448000.0,0.0,0.0,4.11
AMZN,2022-05-18 00:00:00-04:00,111.43949890136719,112.85299682617188,106.2490005493164,107.11250305175781,108380000.0,0.0,0.0,-7.16
AMZN,2022-05-19 00:00:00-04:00,106.28050231933594,110.03399658203125,106.19300079345703,107.31900024414062,88142000.0,0.0,0.0,0.19
AMZN,2022-05-20 00:00:00-04:00,109.56849670410156,109.89800262451172,105.0094985961914,107.59100341796875,99500000.0,0.0,0.0,0.25
AMZN,2022-05-23 00:00:00-04:00,108.46099853515625,108.81900024414062,103.94999694824219,107.55699920654297,107798000.0,0.0,0.0,-0.03
AMZN,2022-05-24 00:00:00-04:00,104.0250015258789,105.4000015258789,101.26000213623047,104.0999984741211,102934000.0,0.0,0.0,-3.21
AMZN,2022-05-25 00:00:00-04:00,103.65550231933594,108.17500305175781,103.6500015258789,106.7750015258789,93120000.0,0.0,0.0,2.57
AMZN,2022-05-26 00:00:00-04:00,107.97000122070312,112.66549682617188,107.45349884033203,111.07749938964844,93002000.0,0.0,0.0,4.03
AMZN,2022-05-27 00:00:00-04:00,113.55000305175781,115.18699645996094,112.62799835205078,115.14649963378906,93660000.0,0.0,0.0,3.66
AMZN,2022-05-31 00:00:00-04:00,116.27999877929688,121.99449920654297,115.67500305175781,120.20950317382812,144634000.0,0.0,0.0,4.4
AMZN,2022-06-01 00:00:00-04:00,122.25599670410156,125.17900085449219,120.62249755859375,121.68399810791016,127528000.0,0.0,0.0,1.23
AMZN,2022-06-02 00:00:00-04:00,121.68399810791016,125.61000061035156,120.04499816894531,125.51100158691406,100560000.0,0.0,0.0,3.15
AMZN,2022-06-03 00:00:00-04:00,124.19999694824219,124.4000015258789,121.04650115966797,122.3499984741211,97604000.0,0.0,0.0,-2.52
AMZN,2022-06-06 00:00:00-04:00,125.25,128.99000549316406,123.80999755859375,124.79000091552734,135269000.0,0.0,20.0,1.99
AMZN,2022-06-07 00:00:00-04:00,122.01000213623047,124.0999984741211,120.62999725341797,123.0,85156700.0,0.0,0.0,-1.43
AMZN,2022-06-08 00:00:00-04:00,122.61000061035156,123.75,120.75,121.18000030517578,64926600.0,0.0,0.0,-1.48
AMZN,2022-06-09 00:00:00-04:00,119.98999786376953,121.30000305175781,116.0999984741211,116.1500015258789,67029800.0,0.0,0.0,-4.15
AMZN,2022-06-10 00:00:00-04:00,113.41999816894531,114.5,109.05000305175781,109.6500015258789,87266000.0,0.0,0.0,-5.6
AMZN,2022-06-13 00:00:00-04:00,104.19000244140625,106.54000091552734,101.86000061035156,103.66999816894531,99277700.0,0.0,0.0,-5.45
AMZN,2022-06-14 00:00:00-04:00,104.19000244140625,104.87999725341797,101.43000030517578,102.30999755859375,69728800.0,0.0,0.0,-1.31
AMZN,2022-06-15 00:00:00-04:00,103.86000061035156,109.05999755859375,103.52999877929688,107.66999816894531,85011100.0,0.0,0.0,5.24
AMZN,2022-06-16 00:00:00-04:00,104.47000122070312,104.58000183105469,102.01000213623047,103.66000366210938,82186300.0,0.0,0.0,-3.72
AMZN,2022-06-17 00:00:00-04:00,102.80000305175781,106.9800033569336,102.51000213623047,106.22000122070312,99772100.0,0.0,0.0,2.47
AMZN,2022-06-21 00:00:00-04:00,108.19999694824219,111.62999725341797,103.55999755859375,108.68000030517578,70901200.0,0.0,0.0,2.32
AMZN,2022-06-22 00:00:00-04:00,107.43000030517578,112.12999725341797,107.0199966430664,108.94999694824219,60040100.0,0.0,0.0,0.25
AMZN,2022-06-23 00:00:00-04:00,110.38999938964844,113.0,107.93000030517578,112.44000244140625,64345300.0,0.0,0.0,3.2
AMZN,2022-06-24 00:00:00-04:00,112.37999725341797,116.70999908447266,111.43000030517578,116.45999908447266,69867600.0,0.0,0.0,3.58
AMZN,2022-06-27 00:00:00-04:00,117.08999633789062,117.9800033569336,112.69999694824219,113.22000122070312,62133200.0,0.0,0.0,-2.78
AMZN,2022-06-28 00:00:00-04:00,113.5,114.8499984741211,107.04000091552734,107.4000015258789,74942900.0,0.0,0.0,-5.14
AMZN,2022-06-29 00:00:00-04:00,107.37999725341797,110.98999786376953,106.91000366210938,108.91999816894531,66375300.0,0.0,0.0,1.42
AMZN,2022-06-30 00:00:00-04:00,108.11000061035156,108.18000030517578,102.5199966430664,106.20999908447266,97679400.0,0.0,0.0,-2.49
AMZN,2022-07-01 00:00:00-04:00,106.29000091552734,109.75,105.8499984741211,109.55999755859375,73021200.0,0.0,0.0,3.15
AMZN,2022-07-05 00:00:00-04:00,107.5999984741211,114.08000183105469,106.31999969482422,113.5,76583700.0,0.0,0.0,3.6
AMZN,2022-07-06 00:00:00-04:00,113.20999908447266,115.4800033569336,112.01000213623047,114.33000183105469,66958900.0,0.0,0.0,0.73
AMZN,2022-07-07 00:00:00-04:00,113.8499984741211,116.98999786376953,113.48999786376953,116.33000183105469,57872300.0,0.0,0.0,1.75
AMZN,2022-07-08 00:00:00-04:00,114.5999984741211,116.58000183105469,113.69000244140625,115.54000091552734,45719700.0,0.0,0.0,-0.68
AMZN,2022-07-11 00:00:00-04:00,114.08000183105469,114.30000305175781,110.87000274658203,111.75,53487600.0,0.0,0.0,-3.28
AMZN,2022-07-12 00:00:00-04:00,112.16000366210938,113.2300033569336,108.33999633789062,109.22000122070312,54280300.0,0.0,0.0,-2.26
AMZN,2022-07-13 00:00:00-04:00,107.02999877929688,111.77999877929688,106.01000213623047,110.4000015258789,61353800.0,0.0,0.0,1.08
AMZN,2022-07-14 00:00:00-04:00,110.23999786376953,111.18000030517578,107.58000183105469,110.62999725341797,51163100.0,0.0,0.0,0.21
AMZN,2022-07-15 00:00:00-04:00,112.5,115.58999633789062,111.58999633789062,113.55000305175781,84317800.0,0.0,0.0,2.64
AMZN,2022-07-18 00:00:00-04:00,115.0,117.23999786376953,113.1500015258789,113.76000213623047,59115400.0,0.0,0.0,0.18
AMZN,2022-07-19 00:00:00-04:00,115.69999694824219,118.94999694824219,114.02999877929688,118.20999908447266,60990000.0,0.0,0.0,3.91
AMZN,2022-07-20 00:00:00-04:00,118.62000274658203,123.4800033569336,118.31999969482422,122.7699966430664,71268300.0,0.0,0.0,3.86
AMZN,2022-07-21 00:00:00-04:00,123.19999694824219,124.8499984741211,121.26000213623047,124.62999725341797,60239900.0,0.0,0.0,1.52
AMZN,2022-07-22 00:00:00-04:00,125.01000213623047,125.5,121.3499984741211,122.41999816894531,51463800.0,0.0,0.0,-1.77
AMZN,2022-07-25 00:00:00-04:00,122.69999694824219,123.63999938964844,120.02999877929688,121.13999938964844,50221300.0,0.0,0.0,-1.05
AMZN,2022-07-26 00:00:00-04:00,115.79000091552734,118.1500015258789,114.52999877929688,114.80999755859375,67075100.0,0.0,0.0,-5.23
AMZN,2022-07-27 00:00:00-04:00,117.30999755859375,121.9000015258789,117.16000366210938,120.97000122070312,61582000.0,0.0,0.0,5.37
AMZN,2022-07-28 00:00:00-04:00,121.56999969482422,122.83999633789062,118.08000183105469,122.27999877929688,82245500.0,0.0,0.0,1.08
AMZN,2022-07-29 00:00:00-04:00,134.89999389648438,137.64999389648438,132.41000366210938,134.9499969482422,148892900.0,0.0,0.0,10.36
AMZN,2022-08-01 00:00:00-04:00,134.9600067138672,138.8300018310547,133.50999450683594,135.38999938964844,76846900.0,0.0,0.0,0.33
AMZN,2022-08-02 00:00:00-04:00,134.72000122070312,137.44000244140625,134.08999633789062,134.16000366210938,61922400.0,0.0,0.0,-0.91
AMZN,2022-08-03 00:00:00-04:00,136.2100067138672,140.49000549316406,136.0500030517578,139.52000427246094,71827800.0,0.0,0.0,4.0
AMZN,2022-08-04 00:00:00-04:00,140.5800018310547,143.55999755859375,139.5500030517578,142.57000732421875,70585000.0,0.0,0.0,2.19
AMZN,2022-08-05 00:00:00-04:00,140.10000610351562,142.86000061035156,139.60000610351562,140.8000030517578,50686900.0,0.0,0.0,-1.24
AMZN,2022-08-08 00:00:00-04:00,142.0500030517578,144.22999572753906,138.2899932861328,139.41000366210938,52229000.0,0.0,0.0,-0.99
AMZN,2022-08-09 00:00:00-04:00,138.0500030517578,138.9499969482422,136.2100067138672,137.8300018310547,40434700.0,0.0,0.0,-1.13
AMZN,2022-08-10 00:00:00-04:00,142.89999389648438,144.60000610351562,141.00999450683594,142.69000244140625,54773800.0,0.0,0.0,3.53
AMZN,2022-08-11 00:00:00-04:00,143.86000061035156,144.49000549316406,139.75999450683594,140.63999938964844,44867300.0,0.0,0.0,-1.44
AMZN,2022-08-12 00:00:00-04:00,142.0500030517578,143.57000732421875,140.1199951171875,143.5500030517578,47643500.0,0.0,0.0,2.07
AMZN,2022-08-15 00:00:00-04:00,142.8000030517578,143.75999450683594,141.49000549316406,143.17999267578125,39014600.0,0.0,0.0,-0.26
AMZN,2022-08-16 00:00:00-04:00,143.91000366210938,146.57000732421875,142.0,144.77999877929688,59102900.0,0.0,0.0,1.12
AMZN,2022-08-17 00:00:00-04:00,142.69000244140625,143.3800048828125,140.77999877929688,142.10000610351562,48149800.0,0.0,0.0,-1.85
AMZN,2022-08-18 00:00:00-04:00,141.32000732421875,142.77000427246094,140.3800048828125,142.3000030517578,37458700.0,0.0,0.0,0.14
AMZN,2022-08-19 00:00:00-04:00,140.47000122070312,141.11000061035156,137.91000366210938,138.22999572753906,47792800.0,0.0,0.0,-2.86
AMZN,2022-08-22 00:00:00-04:00,135.72000122070312,136.32000732421875,132.85000610351562,133.22000122070312,50461500.0,0.0,0.0,-3.62
AMZN,2022-08-23 00:00:00-04:00,133.41000366210938,134.99000549316406,132.9499969482422,133.6199951171875,36252100.0,0.0,0.0,0.3
AMZN,2022-08-24 00:00:00-04:00,132.75,135.47000122070312,132.10000610351562,133.8000030517578,38627000.0,0.0,0.0,0.13
AMZN,2022-08-25 00:00:00-04:00,135.25999450683594,137.4199981689453,134.27999877929688,137.27999877929688,37496300.0,0.0,0.0,2.6
AMZN,2022-08-26 00:00:00-04:00,136.5500030517578,137.8300018310547,130.5,130.75,53322700.0,0.0,0.0,-4.76
AMZN,2022-08-29 00:00:00-04:00,129.89999389648438,131.9499969482422,128.77000427246094,129.7899932861328,48101600.0,0.0,0.0,-0.73
AMZN,2022-08-30 00:00:00-04:00,131.25,132.07000732421875,126.8499984741211,128.72999572753906,49203000.0,0.0,0.0,-0.82
AMZN,2022-08-31 00:00:00-04:00,129.4499969482422,130.58999633789062,126.73999786376953,126.7699966430664,53648700.0,0.0,0.0,-1.52
AMZN,2022-09-01 00:00:00-04:00,126.0,128.02000427246094,123.66000366210938,127.81999969482422,56636100.0,0.0,0.0,0.83
AMZN,2022-09-02 00:00:00-04:00,129.5,131.3800048828125,126.38999938964844,127.51000213623047,57429800.0,0.0,0.0,-0.24
AMZN,2022-09-06 00:00:00-04:00,127.91999816894531,128.6199951171875,124.73999786376953,126.11000061035156,43888600.0,0.0,0.0,-1.1
AMZN,2022-09-07 00:00:00-04:00,126.12000274658203,129.82000732421875,125.4000015258789,129.47999572753906,47900300.0,0.0,0.0,2.67
AMZN,2022-09-08 00:00:00-04:00,127.72000122070312,130.27999877929688,127.0999984741211,129.82000732421875,43988500.0,0.0,0.0,0.26
AMZN,2022-09-09 00:00:00-04:00,130.91000366210938,133.69000244140625,130.75999450683594,133.27000427246094,49387600.0,0.0,0.0,2.66
AMZN,2022-09-12 00:00:00-04:00,134.10000610351562,136.49000549316406,134.0,136.4499969482422,53826900.0,0.0,0.0,2.39
AMZN,2022-09-13 00:00:00-04:00,131.00999450683594,131.39999389648438,126.2699966430664,126.81999969482422,72694000.0,0.0,0.0,-7.06
AMZN,2022-09-14 00:00:00-04:00,127.36000061035156,128.83999633789062,126.33000183105469,128.5500030517578,45316800.0,0.0,0.0,1.36
AMZN,2022-09-15 00:00:00-04:00,127.37999725341797,130.3699951171875,125.5,126.27999877929688,52887200.0,0.0,0.0,-1.77
AMZN,2022-09-16 00:00:00-04:00,122.77999877929688,123.87000274658203,120.69999694824219,123.52999877929688,115667800.0,0.0,0.0,-2.18
AMZN,2022-09-19 00:00:00-04:00,122.16000366210938,124.70999908447266,121.80000305175781,124.66000366210938,47279700.0,0.0,0.0,0.91
AMZN,2022-09-20 00:00:00-04:00,123.3499984741211,124.4000015258789,121.13999938964844,122.19000244140625,47698400.0,0.0,0.0,-1.98
AMZN,2022-09-21 00:00:00-04:00,122.48999786376953,123.76000213623047,118.44999694824219,118.54000091552734,58498900.0,0.0,0.0,-2.99
AMZN,2022-09-22 00:00:00-04:00,117.08000183105469,118.79000091552734,116.26000213623047,117.30999755859375,55229200.0,0.0,0.0,-1.04
AMZN,2022-09-23 00:00:00-04:00,116.0,116.05000305175781,112.05999755859375,113.77999877929688,65126700.0,0.0,0.0,-3.01
AMZN,2022-09-26 00:00:00-04:00,113.30000305175781,117.33999633789062,113.12999725341797,115.1500015258789,62723300.0,0.0,0.0,1.2
AMZN,2022-09-27 00:00:00-04:00,117.19999694824219,118.31999969482422,113.05000305175781,114.41000366210938,60094700.0,0.0,0.0,-0.64
AMZN,2022-09-28 00:00:00-04:00,114.37999725341797,118.69999694824219,113.80000305175781,118.01000213623047,55763800.0,0.0,0.0,3.15
AMZN,2022-09-29 00:00:00-04:00,115.5999984741211,116.06999969482422,113.05999755859375,114.80000305175781,58969700.0,0.0,0.0,-2.72
AMZN,2022-09-30 00:00:00-04:00,114.08000183105469,116.91999816894531,112.83999633789062,113.0,59479600.0,0.0,0.0,-1.57
AMZN,2022-10-03 00:00:00-04:00,113.58000183105469,116.91000366210938,112.44999694824219,115.87999725341797,50941900.0,0.0,0.0,2.55
AMZN,2022-10-04 00:00:00-04:00,119.88999938964844,123.0,119.79000091552734,121.08999633789062,62812600.0,0.0,0.0,4.5
AMZN,2022-10-05 00:00:00-04:00,118.58000183105469,121.75,117.69000244140625,120.94999694824219,48217500.0,0.0,0.0,-0.12
AMZN,2022-10-06 00:00:00-04:00,120.7699966430664,121.52999877929688,119.5,120.30000305175781,42253800.0,0.0,0.0,-0.54
AMZN,2022-10-07 00:00:00-04:00,118.0,118.16999816894531,113.87999725341797,114.55999755859375,54678000.0,0.0,0.0,-4.77
AMZN,2022-10-10 00:00:00-04:00,115.0999984741211,116.25,112.43000030517578,113.66999816894531,42339700.0,0.0,0.0,-0.78
AMZN,2022-10-11 00:00:00-04:00,112.70999908447266,115.4800033569336,110.38999938964844,112.20999908447266,56432200.0,0.0,0.0,-1.28
AMZN,2022-10-12 00:00:00-04:00,112.48999786376953,113.83000183105469,111.4000015258789,112.9000015258789,45728700.0,0.0,0.0,0.61
AMZN,2022-10-13 00:00:00-04:00,107.87999725341797,113.44000244140625,105.3499984741211,112.52999877929688,86868100.0,0.0,0.0,-0.33
AMZN,2022-10-14 00:00:00-04:00,114.0999984741211,114.95999908447266,106.5999984741211,106.9000015258789,67737300.0,0.0,0.0,-5.0
AMZN,2022-10-17 00:00:00-04:00,110.11000061035156,114.19000244140625,110.08999633789062,113.79000091552734,62782000.0,0.0,0.0,6.45
AMZN,2022-10-18 00:00:00-04:00,119.05999755859375,119.5199966430664,114.79000091552734,116.36000061035156,65607400.0,0.0,0.0,2.26
AMZN,2022-10-19 00:00:00-04:00,114.70999908447266,116.58999633789062,113.22000122070312,115.06999969482422,47198100.0,0.0,0.0,-1.11
AMZN,2022-10-20 00:00:00-04:00,113.83000183105469,118.23999786376953,113.51000213623047,115.25,48795100.0,0.0,0.0,0.16
AMZN,2022-10-21 00:00:00-04:00,114.79000091552734,119.58999633789062,114.5,119.31999969482422,55660500.0,0.0,0.0,3.53
AMZN,2022-10-24 00:00:00-04:00,119.9800033569336,120.38999938964844,116.56999969482422,119.81999969482422,49531500.0,0.0,0.0,0.42
AMZN,2022-10-25 00:00:00-04:00,119.6500015258789,121.31999969482422,118.94999694824219,120.5999984741211,50934600.0,0.0,0.0,0.65
AMZN,2022-10-26 00:00:00-04:00,116.0,119.3499984741211,114.76000213623047,115.66000366210938,68802300.0,0.0,0.0,-4.1
AMZN,2022-10-27 00:00:00-04:00,113.91999816894531,114.12000274658203,109.7699966430664,110.95999908447266,129605400.0,0.0,0.0,-4.06
AMZN,2022-10-28 00:00:00-04:00,97.91000366210938,103.95999908447266,97.66000366210938,103.41000366210938,223133400.0,0.0,0.0,-6.8
AMZN,2022-10-31 00:00:00-04:00,103.55999755859375,104.87000274658203,100.73999786376953,102.44000244140625,99251400.0,0.0,0.0,-0.94
AMZN,2022-11-01 00:00:00-04:00,103.98999786376953,104.58000183105469,96.05999755859375,96.79000091552734,153370000.0,0.0,0.0,-5.52
AMZN,2022-11-02 00:00:00-04:00,97.31999969482422,97.73999786376953,92.01000213623047,92.12000274658203,135761800.0,0.0,0.0,-4.82
AMZN,2022-11-03 00:00:00-04:00,92.47000122070312,93.5,89.0199966430664,89.30000305175781,136683300.0,0.0,0.0,-3.06
AMZN,2022-11-04 00:00:00-04:00,91.48999786376953,92.44000244140625,88.04000091552734,90.9800033569336,129101300.0,0.0,0.0,1.88
AMZN,2022-11-07 00:00:00-05:00,91.94999694824219,92.0999984741211,89.04000091552734,90.52999877929688,77495700.0,0.0,0.0,-0.49
AMZN,2022-11-08 00:00:00-05:00,90.79000091552734,91.72000122070312,88.2300033569336,89.9800033569336,88703400.0,0.0,0.0,-0.61
AMZN,2022-11-09 00:00:00-05:00,89.47000122070312,89.4800033569336,85.87000274658203,86.13999938964844,90796200.0,0.0,0.0,-4.27
AMZN,2022-11-10 00:00:00-05:00,92.94000244140625,98.69000244140625,91.6500015258789,96.62999725341797,173414900.0,0.0,0.0,12.18
AMZN,2022-11-11 00:00:00-05:00,97.87999725341797,101.19000244140625,96.66000366210938,100.79000091552734,111590500.0,0.0,0.0,4.31
AMZN,2022-11-14 00:00:00-05:00,98.7699966430664,100.12000274658203,97.29000091552734,98.48999786376953,99533100.0,0.0,0.0,-2.28
AMZN,2022-11-15 00:00:00-05:00,103.20999908447266,103.79000091552734,97.33999633789062,98.94000244140625,111336300.0,0.0,0.0,0.46
AMZN,2022-11-16 00:00:00-05:00,96.8499984741211,98.48999786376953,95.54000091552734,97.12000274658203,87958800.0,0.0,0.0,-1.84
AMZN,2022-11-17 00:00:00-05:00,95.37000274658203,96.97000122070312,94.02999877929688,94.8499984741211,82617900.0,0.0,0.0,-2.34
AMZN,2022-11-18 00:00:00-05:00,95.94999694824219,95.98999786376953,92.4800033569336,94.13999938964844,72428200.0,0.0,0.0,-0.75
AMZN,2022-11-21 00:00:00-05:00,93.97000122070312,95.0199966430664,90.58999633789062,92.45999908447266,84330300.0,0.0,0.0,-1.78
AMZN,2022-11-22 00:00:00-05:00,92.62000274658203,93.3499984741211,90.87000274658203,93.19999694824219,62192000.0,0.0,0.0,0.8
AMZN,2022-11-23 00:00:00-05:00,93.23999786376953,94.58000183105469,92.83000183105469,94.12999725341797,59414700.0,0.0,0.0,1.0
AMZN,2022-11-25 00:00:00-05:00,93.79000091552734,94.43000030517578,93.06999969482422,93.41000366210938,35088600.0,0.0,0.0,-0.76
AMZN,2022-11-28 00:00:00-05:00,93.93000030517578,96.4000015258789,93.43000030517578,93.94999694824219,74943100.0,0.0,0.0,0.58
AMZN,2022-11-29 00:00:00-05:00,94.04000091552734,94.41000366210938,91.44000244140625,92.41999816894531,65567300.0,0.0,0.0,-1.63
AMZN,2022-11-30 00:00:00-05:00,92.47000122070312,96.54000091552734,91.52999877929688,96.54000091552734,102805800.0,0.0,0.0,4.46
AMZN,2022-12-01 00:00:00-05:00,96.98999786376953,97.2300033569336,94.91999816894531,95.5,68488000.0,0.0,0.0,-1.08
AMZN,2022-12-02 00:00:00-05:00,94.4800033569336,95.36000061035156,93.77999877929688,94.12999725341797,72496400.0,0.0,0.0,-1.43
AMZN,2022-12-05 00:00:00-05:00,93.05000305175781,94.05999755859375,90.81999969482422,91.01000213623047,71535500.0,0.0,0.0,-3.31
AMZN,2022-12-06 00:00:00-05:00,90.5,91.04000091552734,87.9000015258789,88.25,75503600.0,0.0,0.0,-3.03
AMZN,2022-12-07 00:00:00-05:00,88.33999633789062,89.88999938964844,87.4800033569336,88.45999908447266,68086900.0,0.0,0.0,0.24
AMZN,2022-12-08 00:00:00-05:00,89.23999786376953,90.86000061035156,87.87999725341797,90.3499984741211,73305900.0,0.0,0.0,2.14
AMZN,2022-12-09 00:00:00-05:00,88.9000015258789,90.30000305175781,88.62999725341797,89.08999633789062,67398500.0,0.0,0.0,-1.39
AMZN,2022-12-12 00:00:00-05:00,89.20999908447266,90.58000183105469,87.87000274658203,90.55000305175781,61999800.0,0.0,0.0,1.64
AMZN,2022-12-13 00:00:00-05:00,95.2300033569336,96.25,90.5199966430664,92.48999786376953,100212000.0,0.0,0.0,2.14
AMZN,2022-12-14 00:00:00-05:00,92.5,93.45999908447266,89.87000274658203,91.58000183105469,70298000.0,0.0,0.0,-0.98
AMZN,2022-12-15 00:00:00-05:00,89.88999938964844,89.97000122070312,87.47000122070312,88.44999694824219,84802900.0,0.0,0.0,-3.42
AMZN,2022-12-16 00:00:00-05:00,88.2699966430664,89.3499984741211,86.7300033569336,87.86000061035156,146144100.0,0.0,0.0,-0.67
AMZN,2022-12-19 00:00:00-05:00,87.51000213623047,87.62999725341797,84.51000213623047,84.91999816894531,83531500.0,0.0,0.0,-3.35
AMZN,2022-12-20 00:00:00-05:00,85.33000183105469,86.61000061035156,84.33000183105469,85.19000244140625,74348300.0,0.0,0.0,0.32
AMZN,2022-12-21 00:00:00-05:00,86.18000030517578,87.2300033569336,85.20999908447266,86.7699966430664,59267200.0,0.0,0.0,1.85
AMZN,2022-12-22 00:00:00-05:00,85.5199966430664,85.68000030517578,82.25,83.79000091552734,81431300.0,0.0,0.0,-3.43
AMZN,2022-12-23 00:00:00-05:00,83.25,85.77999877929688,82.93000030517578,85.25,57433700.0,0.0,0.0,1.74
AMZN,2022-12-27 00:00:00-05:00,84.97000122070312,85.3499984741211,83.0,83.04000091552734,57284000.0,0.0,0.0,-2.59
AMZN,2022-12-28 00:00:00-05:00,82.80000305175781,83.4800033569336,81.69000244140625,81.81999969482422,58228600.0,0.0,0.0,-1.47
AMZN,2022-12-29 00:00:00-05:00,82.87000274658203,84.55000305175781,82.55000305175781,84.18000030517578,54995900.0,0.0,0.0,2.88
AMZN,2022-12-30 00:00:00-05:00,83.12000274658203,84.05000305175781,82.47000122070312,84.0,62401200.0,0.0,0.0,-0.21
AMZN,2023-01-03 00:00:00-05:00,85.45999908447266,86.95999908447266,84.20999908447266,85.81999969482422,76706000.0,0.0,0.0,2.17
AMZN,2023-01-04 00:00:00-05:00,86.55000305175781,86.9800033569336,83.36000061035156,85.13999938964844,68885100.0,0.0,0.0,-0.79
AMZN,2023-01-05 00:00:00-05:00,85.33000183105469,85.41999816894531,83.06999969482422,83.12000274658203,67930800.0,0.0,0.0,-2.37
AMZN,2023-01-06 00:00:00-05:00,83.02999877929688,86.4000015258789,81.43000030517578,86.08000183105469,83303400.0,0.0,0.0,3.56
AMZN,2023-01-09 00:00:00-05:00,87.45999908447266,89.4800033569336,87.08000183105469,87.36000061035156,65266100.0,0.0,0.0,1.49
AMZN,2023-01-10 00:00:00-05:00,87.56999969482422,90.19000244140625,87.29000091552734,89.87000274658203,67756600.0,0.0,0.0,2.87
AMZN,2023-01-11 00:00:00-05:00,90.93000030517578,95.26000213623047,90.93000030517578,95.08999633789062,103126200.0,0.0,0.0,5.81
AMZN,2023-01-12 00:00:00-05:00,96.93000030517578,97.19000244140625,93.5,95.2699966430664,85254800.0,0.0,0.0,0.19
AMZN,2023-01-13 00:00:00-05:00,94.18000030517578,98.37000274658203,94.12000274658203,98.12000274658203,85549400.0,0.0,0.0,2.99
AMZN,2023-01-17 00:00:00-05:00,98.68000030517578,98.88999938964844,95.7300033569336,96.05000305175781,72755000.0,0.0,0.0,-2.11
AMZN,2023-01-18 00:00:00-05:00,97.25,99.31999969482422,95.37999725341797,95.45999908447266,79570400.0,0.0,0.0,-0.61
AMZN,2023-01-19 00:00:00-05:00,94.73999786376953,95.44000244140625,92.86000061035156,93.68000030517578,69002700.0,0.0,0.0,-1.86
AMZN,2023-01-20 00:00:00-05:00,93.86000061035156,97.3499984741211,93.19999694824219,97.25,67481500.0,0.0,0.0,3.81
AMZN,2023-01-23 00:00:00-05:00,97.55999755859375,97.77999877929688,95.86000061035156,97.5199966430664,76501100.0,0.0,0.0,0.28
AMZN,2023-01-24 00:00:00-05:00,96.93000030517578,98.08999633789062,96.0,96.31999969482422,66929500.0,0.0,0.0,-1.23
AMZN,2023-01-25 00:00:00-05:00,92.55999755859375,97.23999786376953,91.5199966430664,97.18000030517578,94261600.0,0.0,0.0,0.89
AMZN,2023-01-26 00:00:00-05:00,98.23999786376953,99.48999786376953,96.91999816894531,99.22000122070312,68523600.0,0.0,0.0,2.1
AMZN,2023-01-27 00:00:00-05:00,99.52999877929688,103.48999786376953,99.52999877929688,102.23999786376953,87775600.0,0.0,0.0,3.04
AMZN,2023-01-30 00:00:00-05:00,101.08999633789062,101.73999786376953,99.01000213623047,100.55000305175781,70691900.0,0.0,0.0,-1.65
AMZN,2023-01-31 00:00:00-05:00,101.16000366210938,103.3499984741211,101.13999938964844,103.12999725341797,66527300.0,0.0,0.0,2.57
AMZN,2023-02-01 00:00:00-05:00,102.52999877929688,106.23999786376953,101.23999786376953,105.1500015258789,80450100.0,0.0,0.0,1.96
AMZN,2023-02-02 00:00:00-05:00,110.25,114.0,108.87999725341797,112.91000366210938,158154200.0,0.0,0.0,7.38
AMZN,2023-02-03 00:00:00-05:00,105.26000213623047,108.77999877929688,102.5199966430664,103.38999938964844,144374800.0,0.0,0.0,-8.43
AMZN,2023-02-06 00:00:00-05:00,102.93000030517578,103.94999694824219,100.6500015258789,102.18000030517578,81945200.0,0.0,0.0,-1.17
AMZN,2023-02-07 00:00:00-05:00,101.16999816894531,102.41000366210938,98.08000183105469,102.11000061035156,119501300.0,0.0,0.0,-0.07
AMZN,2023-02-08 00:00:00-05:00,102.04000091552734,102.66999816894531,98.77999877929688,100.05000305175781,75878300.0,0.0,0.0,-2.02
AMZN,2023-02-09 00:00:00-05:00,101.31999969482422,101.77999877929688,97.56999969482422,98.23999786376953,64622500.0,0.0,0.0,-1.81
AMZN,2023-02-10 00:00:00-05:00,97.55999755859375,98.81999969482422,96.2300033569336,97.61000061035156,52740100.0,0.0,0.0,-0.64
AMZN,2023-02-13 00:00:00-05:00,97.8499984741211,99.68000030517578,96.91000366210938,99.54000091552734,52841500.0,0.0,0.0,1.98
AMZN,2023-02-14 00:00:00-05:00,98.41000366210938,100.91999816894531,97.5199966430664,99.69999694824219,56202900.0,0.0,0.0,0.16
AMZN,2023-02-15 00:00:00-05:00,99.08999633789062,101.16999816894531,98.44999694824219,101.16000366210938,47957600.0,0.0,0.0,1.46
AMZN,2023-02-16 00:00:00-05:00,99.20999908447266,100.62999725341797,98.0999984741211,98.1500015258789,56339200.0,0.0,0.0,-2.98
AMZN,2023-02-17 00:00:00-05:00,97.80000305175781,97.94000244140625,95.6500015258789,97.19999694824219,60029400.0,0.0,0.0,-0.97
AMZN,2023-02-21 00:00:00-05:00,95.33999633789062,95.61000061035156,94.2699966430664,94.58000183105469,56580400.0,0.0,0.0,-2.7
AMZN,2023-02-22 00:00:00-05:00,95.0999984741211,97.01000213623047,94.80000305175781,95.79000091552734,59534100.0,0.0,0.0,1.28
AMZN,2023-02-23 00:00:00-05:00,96.12000274658203,96.43000030517578,93.66999816894531,95.81999969482422,48467000.0,0.0,0.0,0.03
AMZN,2023-02-24 00:00:00-05:00,93.52999877929688,94.13999938964844,92.31999969482422,93.5,57053800.0,0.0,0.0,-2.42
AMZN,2023-02-27 00:00:00-05:00,94.27999877929688,94.77999877929688,93.13999938964844,93.76000213623047,47470300.0,0.0,0.0,0.28
AMZN,2023-02-28 00:00:00-05:00,93.13999938964844,94.69000244140625,92.91999816894531,94.2300033569336,43959300.0,0.0,0.0,0.5
AMZN,2023-03-01 00:00:00-05:00,93.87000274658203,94.68000030517578,91.58999633789062,92.16999816894531,52299500.0,0.0,0.0,-2.19
AMZN,2023-03-02 00:00:00-05:00,91.41000366210938,92.2300033569336,90.38999938964844,92.12999725341797,55509400.0,0.0,0.0,-0.04
AMZN,2023-03-03 00:00:00-05:00,92.73999786376953,94.94000244140625,92.66000366210938,94.9000015258789,55759600.0,0.0,0.0,3.01
AMZN,2023-03-06 00:00:00-05:00,95.19000244140625,96.55000305175781,93.73999786376953,93.75,52112400.0,0.0,0.0,-1.21
AMZN,2023-03-07 00:00:00-05:00,94.05999755859375,95.08999633789062,92.77999877929688,93.55000305175781,49100700.0,0.0,0.0,-0.21
AMZN,2023-03-08 00:00:00-05:00,93.5999984741211,94.16999816894531,92.18000030517578,93.91999816894531,44899100.0,0.0,0.0,0.4
AMZN,2023-03-09 00:00:00-05:00,93.68000030517578,96.20999908447266,92.18000030517578,92.25,56218700.0,0.0,0.0,-1.78
AMZN,2023-03-10 00:00:00-05:00,92.66999816894531,93.56999969482422,90.25,90.7300033569336,69827500.0,0.0,0.0,-1.65
AMZN,2023-03-13 00:00:00-04:00,89.97000122070312,94.0199966430664,88.12000274658203,92.43000030517578,72397100.0,0.0,0.0,1.87
AMZN,2023-03-14 00:00:00-04:00,93.83000183105469,95.06999969482422,92.70999908447266,94.87999725341797,60912700.0,0.0,0.0,2.65
AMZN,2023-03-15 00:00:00-04:00,93.22000122070312,96.66999816894531,93.06999969482422,96.19999694824219,70731800.0,0.0,0.0,1.39
AMZN,2023-03-16 00:00:00-04:00,95.75,100.98999786376953,95.61000061035156,100.04000091552734,84446900.0,0.0,0.0,3.99
AMZN,2023-03-17 00:00:00-04:00,99.79000091552734,100.66000366210938,97.45999908447266,98.94999694824219,87300200.0,0.0,0.0,-1.09
AMZN,2023-03-20 00:00:00-04:00,98.41000366210938,98.4800033569336,95.69999694824219,97.70999908447266,62388900.0,0.0,0.0,-1.25
AMZN,2023-03-21 00:00:00-04:00,98.13999938964844,100.8499984741211,98.0,100.61000061035156,58597300.0,0.0,0.0,2.97
AMZN,2023-03-22 00:00:00-04:00,100.44999694824219,102.0999984741211,98.61000061035156,98.69999694824219,57475400.0,0.0,0.0,-1.9
AMZN,2023-03-23 00:00:00-04:00,100.43000030517578,101.05999755859375,97.62000274658203,98.70999908447266,57559300.0,0.0,0.0,0.01
AMZN,2023-03-24 00:00:00-04:00,98.06999969482422,98.30000305175781,96.4000015258789,98.12999725341797,56095400.0,0.0,0.0,-0.59
AMZN,2023-03-27 00:00:00-04:00,99.06999969482422,99.33999633789062,97.08000183105469,98.04000091552734,46721300.0,0.0,0.0,-0.09
AMZN,2023-03-28 00:00:00-04:00,98.11000061035156,98.44000244140625,96.29000091552734,97.23999786376953,38720100.0,0.0,0.0,-0.82
AMZN,2023-03-29 00:00:00-04:00,98.69000244140625,100.41999816894531,98.55999755859375,100.25,49783300.0,0.0,0.0,3.1
AMZN,2023-03-30 00:00:00-04:00,101.55000305175781,103.04000091552734,101.01000213623047,102.0,53633400.0,0.0,0.0,1.75
AMZN,2023-03-31 00:00:00-04:00,102.16000366210938,103.48999786376953,101.94999694824219,103.29000091552734,56750300.0,0.0,0.0,1.26
AMZN,2023-04-03 00:00:00-04:00,102.30000305175781,103.29000091552734,101.43000030517578,102.41000366210938,41135700.0,0.0,0.0,-0.85
AMZN,2023-04-04 00:00:00-04:00,102.75,104.19999694824219,102.11000061035156,103.94999694824219,48662500.0,0.0,0.0,1.5
AMZN,2023-04-05 00:00:00-04:00,103.91000366210938,103.91000366210938,100.75,101.0999984741211,45175400.0,0.0,0.0,-2.74
AMZN,2023-04-06 00:00:00-04:00,100.75,102.37999725341797,99.80000305175781,102.05999755859375,43808000.0,0.0,0.0,0.95
AMZN,2023-04-10 00:00:00-04:00,100.95999908447266,102.19999694824219,99.56999969482422,102.16999816894531,37261200.0,0.0,0.0,0.11
AMZN,2023-04-11 00:00:00-04:00,100.80000305175781,101.0,99.01000213623047,99.91999816894531,60417800.0,0.0,0.0,-2.2
AMZN,2023-04-12 00:00:00-04:00,100.4000015258789,100.51000213623047,97.70999908447266,97.83000183105469,56735000.0,0.0,0.0,-2.09
AMZN,2023-04-13 00:00:00-04:00,98.94999694824219,102.56999969482422,98.70999908447266,102.4000015258789,67925100.0,0.0,0.0,4.67
AMZN,2023-04-14 00:00:00-04:00,102.06999969482422,103.19999694824219,101.11000061035156,102.51000213623047,51450500.0,0.0,0.0,0.11
AMZN,2023-04-17 00:00:00-04:00,103.16000366210938,103.7300033569336,101.58999633789062,102.73999786376953,39919500.0,0.0,0.0,0.22
AMZN,2023-04-18 00:00:00-04:00,103.94999694824219,104.19999694824219,101.5199966430664,102.30000305175781,39790500.0,0.0,0.0,-0.43
AMZN,2023-04-19 00:00:00-04:00,101.58000183105469,105.12000274658203,101.38999938964844,104.30000305175781,58398900.0,0.0,0.0,1.96
AMZN,2023-04-20 00:00:00-04:00,103.52999877929688,105.25,103.20999908447266,103.80999755859375,57696900.0,0.0,0.0,-0.47
AMZN,2023-04-21 00:00:00-04:00,106.0999984741211,108.1500015258789,105.08000183105469,106.95999908447266,86774200.0,0.0,0.0,3.03
AMZN,2023-04-24 00:00:00-04:00,107.66000366210938,109.2300033569336,105.06999969482422,106.20999908447266,69575600.0,0.0,0.0,-0.7
AMZN,2023-04-25 00:00:00-04:00,104.91000366210938,105.44999694824219,102.44999694824219,102.56999969482422,65026800.0,0.0,0.0,-3.43
AMZN,2023-04-26 00:00:00-04:00,105.04000091552734,106.62000274658203,104.0999984741211,104.9800033569336,73803800.0,0.0,0.0,2.35
AMZN,2023-04-27 00:00:00-04:00,108.16000366210938,110.86000061035156,106.80000305175781,109.81999969482422,149961200.0,0.0,0.0,4.61
AMZN,2023-04-28 00:00:00-04:00,107.7300033569336,109.4800033569336,104.33000183105469,105.44999694824219,130715900.0,0.0,0.0,-3.98
AMZN,2023-05-01 00:00:00-04:00,104.94999694824219,105.2300033569336,101.81999969482422,102.05000305175781,74728100.0,0.0,0.0,-3.22
AMZN,2023-05-02 00:00:00-04:00,101.47000122070312,103.9000015258789,101.1500015258789,103.62999725341797,73469400.0,0.0,0.0,1.55
AMZN,2023-05-03 00:00:00-04:00,103.73999786376953,105.95999908447266,103.27999877929688,103.6500015258789,65051900.0,0.0,0.0,0.02
AMZN,2023-05-04 00:00:00-04:00,104.04000091552734,105.38999938964844,103.30999755859375,104.0,45345500.0,0.0,0.0,0.34
AMZN,2023-05-05 00:00:00-04:00,104.2699966430664,105.76000213623047,103.55000305175781,105.66000366210938,56951700.0,0.0,0.0,1.6
AMZN,2023-05-08 00:00:00-04:00,105.04000091552734,106.0999984741211,104.69999694824219,105.83000183105469,49430900.0,0.0,0.0,0.16
AMZN,2023-05-09 00:00:00-04:00,105.4800033569336,106.79000091552734,105.16000366210938,106.62000274658203,44089400.0,0.0,0.0,0.75
AMZN,2023-05-10 00:00:00-04:00,108.0999984741211,110.66999816894531,108.05000305175781,110.19000244140625,78627600.0,0.0,0.0,3.35
AMZN,2023-05-11 00:00:00-04:00,111.02999877929688,113.27999877929688,110.48999786376953,112.18000030517578,74924800.0,0.0,0.0,1.81
AMZN,2023-05-12 00:00:00-04:00,112.16000366210938,112.63999938964844,109.31999969482422,110.26000213623047,49852700.0,0.0,0.0,-1.71
AMZN,2023-05-15 00:00:00-04:00,111.1500015258789,112.29000091552734,109.25,111.19999694824219,53011100.0,0.0,0.0,0.85
AMZN,2023-05-16 00:00:00-04:00,111.05000305175781,114.79000091552734,111.05000305175781,113.4000015258789,71472900.0,0.0,0.0,1.98
AMZN,2023-05-17 00:00:00-04:00,114.88999938964844,115.83000183105469,114.22000122070312,115.5,65655200.0,0.0,0.0,1.85
AMZN,2023-05-18 00:00:00-04:00,116.69000244140625,118.5999984741211,116.33999633789062,118.1500015258789,73174100.0,0.0,0.0,2.29
AMZN,2023-05-19 00:00:00-04:00,118.16000366210938,118.30999755859375,115.69999694824219,116.25,55056300.0,0.0,0.0,-1.61
AMZN,2023-05-22 00:00:00-04:00,116.7699966430664,116.7699966430664,114.25,115.01000213623047,70741100.0,0.0,0.0,-1.07
AMZN,2023-05-23 00:00:00-04:00,114.2699966430664,117.13999938964844,113.77999877929688,114.98999786376953,67576300.0,0.0,0.0,-0.02
AMZN,2023-05-24 00:00:00-04:00,115.3499984741211,117.33999633789062,115.0199966430664,116.75,63487900.0,0.0,0.0,1.53
AMZN,2023-05-25 00:00:00-04:00,116.62999725341797,116.87000274658203,114.30999755859375,115.0,66496700.0,0.0,0.0,-1.5
AMZN,2023-05-26 00:00:00-04:00,116.04000091552734,121.5,116.0199966430664,120.11000061035156,96779900.0,0.0,0.0,4.44
AMZN,2023-05-30 00:00:00-04:00,122.37000274658203,122.91999816894531,119.86000061035156,121.66000366210938,64314800.0,0.0,0.0,1.29
AMZN,2023-05-31 00:00:00-04:00,121.44999694824219,122.04000091552734,119.16999816894531,120.58000183105469,72800800.0,0.0,0.0,-0.89
AMZN,2023-06-01 00:00:00-04:00,120.69000244140625,123.48999786376953,119.93000030517578,122.7699966430664,54375100.0,0.0,0.0,1.82
AMZN,2023-06-02 00:00:00-04:00,124.91999816894531,126.38999938964844,124.0199966430664,124.25,61264400.0,0.0,0.0,1.21
AMZN,2023-06-05 00:00:00-04:00,123.36000061035156,125.80000305175781,123.02999877929688,125.30000305175781,47950100.0,0.0,0.0,0.85
AMZN,2023-06-06 00:00:00-04:00,125.06999969482422,127.4000015258789,125.0,126.61000061035156,45695200.0,0.0,0.0,1.05
AMZN,2023-06-07 00:00:00-04:00,127.01000213623047,127.37000274658203,120.62999725341797,121.2300033569336,95663300.0,0.0,0.0,-4.25
AMZN,2023-06-08 00:00:00-04:00,123.01000213623047,125.62999725341797,122.26000213623047,124.25,62159300.0,0.0,0.0,2.49
AMZN,2023-06-09 00:00:00-04:00,124.08000183105469,125.80000305175781,123.19000244140625,123.43000030517578,51396000.0,0.0,0.0,-0.66
AMZN,2023-06-12 00:00:00-04:00,124.0199966430664,126.77999877929688,123.52999877929688,126.56999969482422,51338000.0,0.0,0.0,2.54
AMZN,2023-06-13 00:00:00-04:00,128.1199951171875,128.41000366210938,125.18000030517578,126.66000366210938,50564800.0,0.0,0.0,0.07
AMZN,2023-06-14 00:00:00-04:00,126.69999694824219,126.94999694824219,124.12000274658203,126.41999816894531,52422500.0,0.0,0.0,-0.19
AMZN,2023-06-15 00:00:00-04:00,125.20999908447266,127.69000244140625,124.31999969482422,127.11000061035156,60458500.0,0.0,0.0,0.55
AMZN,2023-06-16 00:00:00-04:00,127.70999908447266,127.9000015258789,125.30000305175781,125.48999786376953,84247100.0,0.0,0.0,-1.27
AMZN,2023-06-20 00:00:00-04:00,124.97000122070312,127.25,124.5,125.77999877929688,56930100.0,0.0,0.0,0.23
AMZN,2023-06-21 00:00:00-04:00,125.63999938964844,126.7300033569336,123.8499984741211,124.83000183105469,52137700.0,0.0,0.0,-0.76
AMZN,2023-06-22 00:00:00-04:00,125.30999755859375,130.3300018310547,125.13999938964844,130.14999389648438,90354600.0,0.0,0.0,4.26
AMZN,2023-06-23 00:00:00-04:00,129.11000061035156,130.83999633789062,128.27999877929688,129.3300018310547,71927800.0,0.0,0.0,-0.63
AMZN,2023-06-26 00:00:00-04:00,129.3300018310547,131.49000549316406,127.0999984741211,127.33000183105469,59989300.0,0.0,0.0,-1.55
AMZN,2023-06-27 00:00:00-04:00,128.6300048828125,130.08999633789062,127.55000305175781,129.17999267578125,46801000.0,0.0,0.0,1.45
AMZN,2023-06-28 00:00:00-04:00,128.94000244140625,131.47999572753906,128.44000244140625,129.0399932861328,52149500.0,0.0,0.0,-0.11
AMZN,2023-06-29 00:00:00-04:00,128.77000427246094,129.25999450683594,127.26000213623047,127.9000015258789,40761000.0,0.0,0.0,-0.88
AMZN,2023-06-30 00:00:00-04:00,129.47000122070312,131.25,128.9499969482422,130.36000061035156,54350700.0,0.0,0.0,1.92
AMZN,2023-07-03 00:00:00-04:00,130.82000732421875,131.85000610351562,130.07000732421875,130.22000122070312,28264800.0,0.0,0.0,-0.11
AMZN,2023-07-05 00:00:00-04:00,130.24000549316406,131.39999389648438,129.63999938964844,130.3800048828125,35895400.0,0.0,0.0,0.12
AMZN,2023-07-06 00:00:00-04:00,128.25,128.72999572753906,127.37000274658203,128.36000061035156,40639900.0,0.0,0.0,-1.55
AMZN,2023-07-07 00:00:00-04:00,128.58999633789062,130.97000122070312,128.1300048828125,129.77999877929688,41992300.0,0.0,0.0,1.11
AMZN,2023-07-10 00:00:00-04:00,129.07000732421875,129.27999877929688,125.91999816894531,127.12999725341797,61889300.0,0.0,0.0,-2.04
AMZN,2023-07-11 00:00:00-04:00,127.75,129.77000427246094,127.3499984741211,128.77999877929688,49951500.0,0.0,0.0,1.3
AMZN,2023-07-12 00:00:00-04:00,130.30999755859375,131.25999450683594,128.8300018310547,130.8000030517578,54022800.0,0.0,0.0,1.57
AMZN,2023-07-13 00:00:00-04:00,134.0399932861328,134.6699981689453,132.7100067138672,134.3000030517578,61170900.0,0.0,0.0,2.68
AMZN,2023-07-14 00:00:00-04:00,134.05999755859375,136.64999389648438,134.05999755859375,134.67999267578125,54487100.0,0.0,0.0,0.28
AMZN,2023-07-17 00:00:00-04:00,134.55999755859375,135.6199951171875,133.2100067138672,133.55999755859375,48450200.0,0.0,0.0,-0.83
AMZN,2023-07-18 00:00:00-04:00,132.7100067138672,133.86000061035156,131.35000610351562,132.8300018310547,54882900.0,0.0,0.0,-0.55
AMZN,2023-07-19 00:00:00-04:00,133.38999938964844,135.99000549316406,132.52999877929688,135.36000061035156,54531000.0,0.0,0.0,1.9
AMZN,2023-07-20 00:00:00-04:00,134.07000732421875,134.7899932861328,129.3300018310547,129.9600067138672,59820600.0,0.0,0.0,-3.99
AMZN,2023-07-21 00:00:00-04:00,131.33999633789062,131.3699951171875,128.4199981689453,130.0,133307300.0,0.0,0.0,0.03
AMZN,2023-07-24 00:00:00-04:00,130.30999755859375,131.66000366210938,128.35000610351562,128.8000030517578,45591100.0,0.0,0.0,-0.92
AMZN,2023-07-25 00:00:00-04:00,129.30999755859375,129.5800018310547,128.52999877929688,129.1300048828125,39236700.0,0.0,0.0,0.26
AMZN,2023-07-26 00:00:00-04:00,126.51000213623047,129.0800018310547,126.11000061035156,128.14999389648438,53910100.0,0.0,0.0,-0.76
AMZN,2023-07-27 00:00:00-04:00,131.0,132.6300048828125,127.79000091552734,128.25,52610700.0,0.0,0.0,0.08
AMZN,2023-07-28 00:00:00-04:00,129.69000244140625,133.00999450683594,129.3300018310547,132.2100067138672,46317400.0,0.0,0.0,3.09
AMZN,2023-07-31 00:00:00-04:00,133.1999969482422,133.8699951171875,132.3800048828125,133.67999267578125,41901500.0,0.0,0.0,1.11
AMZN,2023-08-01 00:00:00-04:00,133.5500030517578,133.69000244140625,131.6199951171875,131.69000244140625,42098500.0,0.0,0.0,-1.49
AMZN,2023-08-02 00:00:00-04:00,130.14999389648438,130.22999572753906,126.81999969482422,128.2100067138672,51027600.0,0.0,0.0,-2.64
AMZN,2023-08-03 00:00:00-04:00,127.4800033569336,129.83999633789062,126.41000366210938,128.91000366210938,88585200.0,0.0,0.0,0.55
AMZN,2023-08-04 00:00:00-04:00,141.05999755859375,143.6300048828125,139.32000732421875,139.57000732421875,153128500.0,0.0,0.0,8.27
AMZN,2023-08-07 00:00:00-04:00,140.99000549316406,142.5399932861328,138.9499969482422,142.22000122070312,71213100.0,0.0,0.0,1.9
AMZN,2023-08-08 00:00:00-04:00,140.6199951171875,140.83999633789062,138.4199981689453,139.94000244140625,51710500.0,0.0,0.0,-1.6
AMZN,2023-08-09 00:00:00-04:00,139.97000122070312,140.32000732421875,137.10000610351562,137.85000610351562,50017300.0,0.0,0.0,-1.49
AMZN,2023-08-10 00:00:00-04:00,139.07000732421875,140.41000366210938,137.49000549316406,138.55999755859375,58928400.0,0.0,0.0,0.52
AMZN,2023-08-11 00:00:00-04:00,137.39999389648438,139.3300018310547,137.0,138.41000366210938,42905800.0,0.0,0.0,-0.11
AMZN,2023-08-14 00:00:00-04:00,138.3000030517578,140.58999633789062,137.75,140.57000732421875,47148700.0,0.0,0.0,1.56
AMZN,2023-08-15 00:00:00-04:00,140.0500030517578,141.27999877929688,137.22999572753906,137.6699981689453,42781500.0,0.0,0.0,-2.06
AMZN,2023-08-16 00:00:00-04:00,137.19000244140625,137.27000427246094,135.00999450683594,135.07000732421875,41675900.0,0.0,0.0,-1.89
AMZN,2023-08-17 00:00:00-04:00,135.4600067138672,136.08999633789062,133.52999877929688,133.97999572753906,48354100.0,0.0,0.0,-0.81
AMZN,2023-08-18 00:00:00-04:00,131.6199951171875,134.07000732421875,131.14999389648438,133.22000122070312,48497700.0,0.0,0.0,-0.57
AMZN,2023-08-21 00:00:00-04:00,133.74000549316406,135.19000244140625,132.7100067138672,134.67999267578125,41442500.0,0.0,0.0,1.1
AMZN,2023-08-22 00:00:00-04:00,135.0800018310547,135.64999389648438,133.72999572753906,134.25,32905400.0,0.0,0.0,-0.32
AMZN,2023-08-23 00:00:00-04:00,134.5,135.9499969482422,133.22000122070312,135.52000427246094,42801000.0,0.0,0.0,0.95
AMZN,2023-08-24 00:00:00-04:00,136.39999389648438,136.77999877929688,131.8300018310547,131.83999633789062,43646300.0,0.0,0.0,-2.72
AMZN,2023-08-25 00:00:00-04:00,132.47000122070312,133.8699951171875,130.5800018310547,133.25999450683594,44147500.0,0.0,0.0,1.08
AMZN,2023-08-28 00:00:00-04:00,133.77999877929688,133.9499969482422,131.85000610351562,133.13999938964844,34108400.0,0.0,0.0,-0.09
AMZN,2023-08-29 00:00:00-04:00,133.3800048828125,135.13999938964844,133.25,134.91000366210938,38646100.0,0.0,0.0,1.33
AMZN,2023-08-30 00:00:00-04:00,134.92999267578125,135.67999267578125,133.9199981689453,135.07000732421875,36137000.0,0.0,0.0,0.12
AMZN,2023-08-31 00:00:00-04:00,135.05999755859375,138.7899932861328,135.0,138.00999450683594,58781300.0,0.0,0.0,2.18
AMZN,2023-09-01 00:00:00-04:00,139.4600067138672,139.9600067138672,136.8800048828125,138.1199951171875,40991500.0,0.0,0.0,0.08
AMZN,2023-09-05 00:00:00-04:00,137.72999572753906,137.8000030517578,135.82000732421875,137.27000427246094,40636700.0,0.0,0.0,-0.62
AMZN,2023-09-06 00:00:00-04:00,136.32000732421875,137.4499969482422,134.61000061035156,135.36000061035156,41785500.0,0.0,0.0,-1.39
AMZN,2023-09-07 00:00:00-04:00,133.89999389648438,138.02999877929688,133.16000366210938,137.85000610351562,48498900.0,0.0,0.0,1.84
AMZN,2023-09-08 00:00:00-04:00,136.86000061035156,138.85000610351562,136.75,138.22999572753906,38348200.0,0.0,0.0,0.28
AMZN,2023-09-11 00:00:00-04:00,138.75,143.6199951171875,138.63999938964844,143.10000610351562,56764500.0,0.0,0.0,3.52
AMZN,2023-09-12 00:00:00-04:00,142.32000732421875,143.0,140.61000061035156,141.22999572753906,42668500.0,0.0,0.0,-1.31
AMZN,2023-09-13 00:00:00-04:00,140.9499969482422,144.97999572753906,140.8699951171875,144.85000610351562,60465200.0,0.0,0.0,2.56
AMZN,2023-09-14 00:00:00-04:00,145.0800018310547,145.86000061035156,142.9499969482422,144.72000122070312,64033600.0,0.0,0.0,-0.09
AMZN,2023-09-15 00:00:00-04:00,142.69000244140625,143.57000732421875,140.08999633789062,140.38999938964844,102909300.0,0.0,0.0,-2.99
AMZN,2023-09-18 00:00:00-04:00,140.47999572753906,141.75,139.22000122070312,139.97999572753906,42823500.0,0.0,0.0,-0.29
AMZN,2023-09-19 00:00:00-04:00,138.6999969482422,138.83999633789062,135.55999755859375,137.6300048828125,61482500.0,0.0,0.0,-1.68
AMZN,2023-09-20 00:00:00-04:00,138.5500030517578,139.3699951171875,135.1999969482422,135.2899932861328,46263700.0,0.0,0.0,-1.7
AMZN,2023-09-21 00:00:00-04:00,131.94000244140625,132.24000549316406,129.30999755859375,129.3300018310547,70343300.0,0.0,0.0,-4.41
AMZN,2023-09-22 00:00:00-04:00,131.11000061035156,132.02999877929688,128.52000427246094,129.1199951171875,59904300.0,0.0,0.0,-0.16
AMZN,2023-09-25 00:00:00-04:00,129.36000061035156,131.77999877929688,128.77000427246094,131.27000427246094,46017800.0,0.0,0.0,1.67
AMZN,2023-09-26 00:00:00-04:00,130.1199951171875,130.38999938964844,125.27999877929688,125.9800033569336,73048200.0,0.0,0.0,-4.03
AMZN,2023-09-27 00:00:00-04:00,125.76000213623047,127.4800033569336,124.12999725341797,125.9800033569336,66553400.0,0.0,0.0,0.0
AMZN,2023-09-28 00:00:00-04:00,124.04000091552734,126.58000183105469,123.04000091552734,125.9800033569336,54555000.0,0.0,0.0,0.0
AMZN,2023-09-29 00:00:00-04:00,128.1999969482422,129.14999389648438,126.31999969482422,127.12000274658203,62411700.0,0.0,0.0,0.9
AMZN,2023-10-02 00:00:00-04:00,127.27999877929688,130.47000122070312,126.54000091552734,129.4600067138672,48029700.0,0.0,0.0,1.84
AMZN,2023-10-03 00:00:00-04:00,128.05999755859375,128.52000427246094,124.25,124.72000122070312,51565000.0,0.0,0.0,-3.66
AMZN,2023-10-04 00:00:00-04:00,126.05999755859375,127.36000061035156,125.68000030517578,127.0,44203900.0,0.0,0.0,1.83
AMZN,2023-10-05 00:00:00-04:00,126.70999908447266,126.7300033569336,124.33000183105469,125.95999908447266,39660600.0,0.0,0.0,-0.82
AMZN,2023-10-06 00:00:00-04:00,124.16000366210938,128.4499969482422,124.12999725341797,127.95999908447266,46836700.0,0.0,0.0,1.59
AMZN,2023-10-09 00:00:00-04:00,126.22000122070312,128.7899932861328,124.76000213623047,128.25999450683594,38773700.0,0.0,0.0,0.23
AMZN,2023-10-10 00:00:00-04:00,128.82000732421875,130.74000549316406,128.0500030517578,129.47999572753906,42178600.0,0.0,0.0,0.95
AMZN,2023-10-11 00:00:00-04:00,129.74000549316406,132.0500030517578,129.61000061035156,131.8300018310547,40741800.0,0.0,0.0,1.81
AMZN,2023-10-12 00:00:00-04:00,132.1699981689453,134.47999572753906,131.22999572753906,132.3300018310547,55528600.0,0.0,0.0,0.38
AMZN,2023-10-13 00:00:00-04:00,132.97999572753906,133.30999755859375,128.9499969482422,129.7899932861328,45786600.0,0.0,0.0,-1.92
AMZN,2023-10-16 00:00:00-04:00,130.69000244140625,133.07000732421875,130.42999267578125,132.5500030517578,42832900.0,0.0,0.0,2.13
AMZN,2023-10-17 00:00:00-04:00,130.38999938964844,132.5800018310547,128.7100067138672,131.47000122070312,49344600.0,0.0,0.0,-0.81
AMZN,2023-10-18 00:00:00-04:00,129.89999389648438,130.6699981689453,127.51000213623047,128.1300048828125,42699500.0,0.0,0.0,-2.54
AMZN,2023-10-19 00:00:00-04:00,130.57000732421875,132.24000549316406,127.47000122070312,128.39999389648438,60961400.0,0.0,0.0,0.21
AMZN,2023-10-20 00:00:00-04:00,128.0500030517578,128.1699981689453,124.97000122070312,125.16999816894531,56406400.0,0.0,0.0,-2.52
AMZN,2023-10-23 00:00:00-04:00,124.62999725341797,127.87999725341797,123.9800033569336,126.55999755859375,48260000.0,0.0,0.0,1.11
AMZN,2023-10-24 00:00:00-04:00,127.73999786376953,128.8000030517578,126.33999633789062,128.55999755859375,46477400.0,0.0,0.0,1.58
AMZN,2023-10-25 00:00:00-04:00,126.04000091552734,126.33999633789062,120.79000091552734,121.38999938964844,74577500.0,0.0,0.0,-5.58
AMZN,2023-10-26 00:00:00-04:00,120.62999725341797,121.63999938964844,118.3499984741211,119.56999969482422,100419500.0,0.0,0.0,-1.5
AMZN,2023-10-27 00:00:00-04:00,126.19999694824219,130.02000427246094,125.5199966430664,127.73999786376953,125309300.0,0.0,0.0,6.83
AMZN,2023-10-30 00:00:00-04:00,129.72000122070312,133.0,128.55999755859375,132.7100067138672,72485500.0,0.0,0.0,3.89
AMZN,2023-10-31 00:00:00-04:00,132.75,133.57000732421875,131.7100067138672,133.08999633789062,51589400.0,0.0,0.0,0.29
AMZN,2023-11-01 00:00:00-04:00,133.9600067138672,137.35000610351562,133.7100067138672,137.0,61529400.0,0.0,0.0,2.94
AMZN,2023-11-02 00:00:00-04:00,138.72999572753906,138.80999755859375,136.47000122070312,138.07000732421875,52236700.0,0.0,0.0,0.78
AMZN,2023-11-03 00:00:00-04:00,138.99000549316406,139.49000549316406,137.4499969482422,138.60000610351562,44059800.0,0.0,0.0,0.38
AMZN,2023-11-06 00:00:00-05:00,138.75999450683594,140.72999572753906,138.36000061035156,139.74000549316406,44970400.0,0.0,0.0,0.82
AMZN,2023-11-07 00:00:00-05:00,140.5500030517578,143.3699951171875,140.5,142.7100067138672,53553500.0,0.0,0.0,2.13
AMZN,2023-11-08 00:00:00-05:00,142.97000122070312,143.1199951171875,141.22000122070312,142.0800018310547,44521700.0,0.0,0.0,-0.44
AMZN,2023-11-09 00:00:00-05:00,142.02000427246094,142.64999389648438,139.83999633789062,140.60000610351562,36235400.0,0.0,0.0,-1.04
AMZN,2023-11-10 00:00:00-05:00,140.4600067138672,143.64999389648438,139.91000366210938,143.55999755859375,49287800.0,0.0,0.0,2.11
AMZN,2023-11-13 00:00:00-05:00,142.0800018310547,143.22999572753906,140.6699981689453,142.58999633789062,35680600.0,0.0,0.0,-0.68
AMZN,2023-11-14 00:00:00-05:00,145.0,147.25999450683594,144.67999267578125,145.8000030517578,56674600.0,0.0,0.0,2.25
AMZN,2023-11-15 00:00:00-05:00,147.05999755859375,147.2899932861328,142.58999633789062,143.1999969482422,63875700.0,0.0,0.0,-1.78
AMZN,2023-11-16 00:00:00-05:00,140.91000366210938,143.32000732421875,139.52000427246094,142.8300018310547,49653500.0,0.0,0.0,-0.26
AMZN,2023-11-17 00:00:00-05:00,142.66000366210938,145.22999572753906,142.5399932861328,145.17999267578125,49636700.0,0.0,0.0,1.65
AMZN,2023-11-20 00:00:00-05:00,145.1300048828125,146.6300048828125,144.72999572753906,146.1300048828125,41951200.0,0.0,0.0,0.65
AMZN,2023-11-21 00:00:00-05:00,143.91000366210938,144.0500030517578,141.5,143.89999389648438,71226000.0,0.0,0.0,-1.53
AMZN,2023-11-22 00:00:00-05:00,144.57000732421875,147.74000549316406,144.57000732421875,146.7100067138672,45669100.0,0.0,0.0,1.95
AMZN,2023-11-24 00:00:00-05:00,146.6999969482422,147.1999969482422,145.32000732421875,146.74000549316406,22378400.0,0.0,0.0,0.02
AMZN,2023-11-27 00:00:00-05:00,147.52999877929688,149.25999450683594,146.8800048828125,147.72999572753906,53762400.0,0.0,0.0,0.67
AMZN,2023-11-28 00:00:00-05:00,146.97999572753906,147.60000610351562,145.52999877929688,147.02999877929688,42711700.0,0.0,0.0,-0.47
AMZN,2023-11-29 00:00:00-05:00,147.85000610351562,148.5399932861328,145.97000122070312,146.32000732421875,40610900.0,0.0,0.0,-0.48
AMZN,2023-11-30 00:00:00-05:00,144.75999450683594,146.92999267578125,144.3300018310547,146.08999633789062,65814000.0,0.0,0.0,-0.16
AMZN,2023-12-01 00:00:00-05:00,146.0,147.25,145.5500030517578,147.02999877929688,39951800.0,0.0,0.0,0.64
AMZN,2023-12-04 00:00:00-05:00,145.25,145.35000610351562,142.80999755859375,144.83999633789062,48294200.0,0.0,0.0,-1.49
AMZN,2023-12-05 00:00:00-05:00,143.5500030517578,148.57000732421875,143.1300048828125,146.8800048828125,46822400.0,0.0,0.0,1.41
AMZN,2023-12-06 00:00:00-05:00,147.5800018310547,147.85000610351562,144.27999877929688,144.52000427246094,39679000.0,0.0,0.0,-1.61
AMZN,2023-12-07 00:00:00-05:00,146.14999389648438,147.9199981689453,145.33999633789062,146.8800048828125,52352800.0,0.0,0.0,1.63
AMZN,2023-12-08 00:00:00-05:00,145.47999572753906,147.83999633789062,145.39999389648438,147.4199981689453,41906000.0,0.0,0.0,0.37
AMZN,2023-12-11 00:00:00-05:00,145.66000366210938,146.19000244140625,143.63999938964844,145.88999938964844,50907300.0,0.0,0.0,-1.04
AMZN,2023-12-12 00:00:00-05:00,145.52000427246094,147.5,145.3000030517578,147.47999572753906,44944300.0,0.0,0.0,1.09
AMZN,2023-12-13 00:00:00-05:00,148.1199951171875,149.4600067138672,146.82000732421875,148.83999633789062,52766200.0,0.0,0.0,0.92
AMZN,2023-12-14 00:00:00-05:00,149.92999267578125,150.5399932861328,145.52000427246094,147.4199981689453,58400800.0,0.0,0.0,-0.95
AMZN,2023-12-15 00:00:00-05:00,148.3800048828125,150.57000732421875,147.8800048828125,149.97000122070312,110089300.0,0.0,0.0,1.73
AMZN,2023-12-18 00:00:00-05:00,150.55999755859375,154.85000610351562,150.0500030517578,154.07000732421875,62512800.0,0.0,0.0,2.73
AMZN,2023-12-19 00:00:00-05:00,154.39999389648438,155.1199951171875,152.69000244140625,153.7899932861328,43171300.0,0.0,0.0,-0.18
AMZN,2023-12-20 00:00:00-05:00,152.89999389648438,155.6300048828125,151.55999755859375,152.1199951171875,50322100.0,0.0,0.0,-1.09
AMZN,2023-12-21 00:00:00-05:00,153.3000030517578,153.97000122070312,152.10000610351562,153.83999633789062,36305700.0,0.0,0.0,1.13
AMZN,2023-12-22 00:00:00-05:00,153.77000427246094,154.35000610351562,152.7100067138672,153.4199981689453,29514100.0,0.0,0.0,-0.27
AMZN,2023-12-26 00:00:00-05:00,153.55999755859375,153.97999572753906,153.02999877929688,153.41000366210938,25067200.0,0.0,0.0,-0.01
AMZN,2023-12-27 00:00:00-05:00,153.55999755859375,154.77999877929688,153.1199951171875,153.33999633789062,31434700.0,0.0,0.0,-0.05
AMZN,2023-12-28 00:00:00-05:00,153.72000122070312,154.0800018310547,152.9499969482422,153.3800048828125,27057000.0,0.0,0.0,0.03
AMZN,2023-12-29 00:00:00-05:00,153.10000610351562,153.88999938964844,151.02999877929688,151.94000244140625,39823200.0,0.0,0.0,-0.94
AMZN,2024-01-02 00:00:00-05:00,151.5399932861328,152.3800048828125,148.38999938964844,149.92999267578125,47339400.0,0.0,0.0,-1.32
AMZN,2024-01-03 00:00:00-05:00,149.1999969482422,151.0500030517578,148.3300018310547,148.47000122070312,49425500.0,0.0,0.0,-0.97
AMZN,2024-01-04 00:00:00-05:00,145.58999633789062,147.3800048828125,144.0500030517578,144.57000732421875,56039800.0,0.0,0.0,-2.63
AMZN,2024-01-05 00:00:00-05:00,144.69000244140625,146.58999633789062,144.52999877929688,145.24000549316406,45153100.0,0.0,0.0,0.46
AMZN,2024-01-08 00:00:00-05:00,146.74000549316406,149.39999389648438,146.14999389648438,149.10000610351562,46757100.0,0.0,0.0,2.66
AMZN,2024-01-09 00:00:00-05:00,148.3300018310547,151.7100067138672,148.2100067138672,151.3699951171875,43812600.0,0.0,0.0,1.52
AMZN,2024-01-10 00:00:00-05:00,152.05999755859375,154.4199981689453,151.8800048828125,153.72999572753906,44421800.0,0.0,0.0,1.56
AMZN,2024-01-11 00:00:00-05:00,155.0399932861328,157.1699981689453,153.1199951171875,155.17999267578125,49072700.0,0.0,0.0,0.94
AMZN,2024-01-12 00:00:00-05:00,155.38999938964844,156.1999969482422,154.00999450683594,154.6199951171875,40484200.0,0.0,0.0,-0.36
AMZN,2024-01-16 00:00:00-05:00,153.52999877929688,154.99000549316406,152.14999389648438,153.16000366210938,41384600.0,0.0,0.0,-0.94
AMZN,2024-01-17 00:00:00-05:00,151.49000549316406,152.14999389648438,149.91000366210938,151.7100067138672,34953400.0,0.0,0.0,-0.95
AMZN,2024-01-18 00:00:00-05:00,152.77000427246094,153.77999877929688,151.82000732421875,153.5,37850200.0,0.0,0.0,1.18
AMZN,2024-01-19 00:00:00-05:00,153.8300018310547,155.75999450683594,152.74000549316406,155.33999633789062,51651600.0,0.0,0.0,1.2
AMZN,2024-01-22 00:00:00-05:00,156.88999938964844,157.0500030517578,153.89999389648438,154.77999877929688,43687500.0,0.0,0.0,-0.36
AMZN,2024-01-23 00:00:00-05:00,154.85000610351562,156.2100067138672,153.92999267578125,156.02000427246094,37986000.0,0.0,0.0,0.8
AMZN,2024-01-24 00:00:00-05:00,157.8000030517578,158.50999450683594,156.47999572753906,156.8699951171875,48547300.0,0.0,0.0,0.54
AMZN,2024-01-25 00:00:00-05:00,156.9499969482422,158.50999450683594,154.5500030517578,157.75,43638600.0,0.0,0.0,0.56
AMZN,2024-01-26 00:00:00-05:00,158.4199981689453,160.72000122070312,157.91000366210938,159.1199951171875,51047400.0,0.0,0.0,0.87
AMZN,2024-01-29 00:00:00-05:00,159.33999633789062,161.2899932861328,158.89999389648438,161.25999450683594,45270400.0,0.0,0.0,1.34
AMZN,2024-01-30 00:00:00-05:00,160.6999969482422,161.72999572753906,158.49000549316406,159.0,45207400.0,0.0,0.0,-1.4
AMZN,2024-01-31 00:00:00-05:00,157.0,159.00999450683594,154.80999755859375,155.1999969482422,50284400.0,0.0,0.0,-2.39
AMZN,2024-02-01 00:00:00-05:00,155.8699951171875,159.75999450683594,155.6199951171875,159.27999877929688,76542400.0,0.0,0.0,2.63
AMZN,2024-02-02 00:00:00-05:00,169.19000244140625,172.5,167.3300018310547,171.80999755859375,117218300.0,0.0,0.0,7.87
AMZN,2024-02-05 00:00:00-05:00,170.1999969482422,170.5500030517578,167.6999969482422,170.30999755859375,55081300.0,0.0,0.0,-0.87
AMZN,2024-02-06 00:00:00-05:00,169.38999938964844,170.7100067138672,167.64999389648438,169.14999389648438,42505500.0,0.0,0.0,-0.68
AMZN,2024-02-07 00:00:00-05:00,169.47999572753906,170.8800048828125,168.94000244140625,170.52999877929688,47174100.0,0.0,0.0,0.82
AMZN,2024-02-08 00:00:00-05:00,169.64999389648438,171.42999267578125,168.8800048828125,169.83999633789062,42316500.0,0.0,0.0,-0.4
AMZN,2024-02-09 00:00:00-05:00,170.89999389648438,175.0,170.5800018310547,174.4499969482422,56986000.0,0.0,0.0,2.71
AMZN,2024-02-12 00:00:00-05:00,174.8000030517578,175.38999938964844,171.5399932861328,172.33999633789062,51050400.0,0.0,0.0,-1.21
AMZN,2024-02-13 00:00:00-05:00,167.72999572753906,170.9499969482422,165.75,168.63999938964844,56345100.0,0.0,0.0,-2.15
AMZN,2024-02-14 00:00:00-05:00,169.2100067138672,171.2100067138672,168.27999877929688,170.97999572753906,42815500.0,0.0,0.0,1.39
AMZN,2024-02-15 00:00:00-05:00,170.5800018310547,171.1699981689453,167.58999633789062,169.8000030517578,49855200.0,0.0,0.0,-0.69
AMZN,2024-02-16 00:00:00-05:00,168.74000549316406,170.4199981689453,167.1699981689453,169.50999450683594,48107700.0,0.0,0.0,-0.17
AMZN,2024-02-20 00:00:00-05:00,167.8300018310547,168.7100067138672,165.74000549316406,167.0800018310547,41980300.0,0.0,0.0,-1.43
AMZN,2024-02-21 00:00:00-05:00,168.94000244140625,170.22999572753906,167.13999938964844,168.58999633789062,44420100.0,0.0,0.0,0.9
AMZN,2024-02-22 00:00:00-05:00,173.10000610351562,174.8000030517578,171.77000427246094,174.5800018310547,55392400.0,0.0,0.0,3.55
AMZN,2024-02-23 00:00:00-05:00,174.27999877929688,175.75,173.6999969482422,174.99000549316406,59715200.0,0.0,0.0,0.23
AMZN,2024-02-26 00:00:00-05:00,175.6999969482422,176.3699951171875,174.25999450683594,174.72999572753906,44368600.0,0.0,0.0,-0.15
AMZN,2024-02-27 00:00:00-05:00,174.0800018310547,174.6199951171875,172.86000061035156,173.5399932861328,31141700.0,0.0,0.0,-0.68
AMZN,2024-02-28 00:00:00-05:00,172.44000244140625,174.0500030517578,172.27000427246094,173.16000366210938,28180500.0,0.0,0.0,-0.22
AMZN,2024-02-29 00:00:00-05:00,173.00999450683594,177.22000122070312,172.85000610351562,176.75999450683594,53805400.0,0.0,0.0,2.08
AMZN,2024-03-01 00:00:00-05:00,176.75,178.72999572753906,176.07000732421875,178.22000122070312,31981200.0,0.0,0.0,0.83
AMZN,2024-03-04 00:00:00-05:00,177.52999877929688,180.13999938964844,177.49000549316406,177.5800018310547,37381500.0,0.0,0.0,-0.36
AMZN,2024-03-05 00:00:00-05:00,176.92999267578125,176.92999267578125,173.3000030517578,174.1199951171875,37228300.0,0.0,0.0,-1.95
AMZN,2024-03-06 00:00:00-05:00,175.5399932861328,176.4600067138672,173.25999450683594,173.50999450683594,32090900.0,0.0,0.0,-0.35
AMZN,2024-03-07 00:00:00-05:00,174.8300018310547,177.99000549316406,173.72000122070312,176.82000732421875,34063300.0,0.0,0.0,1.91
AMZN,2024-03-08 00:00:00-05:00,176.44000244140625,178.7899932861328,174.3300018310547,175.35000610351562,37893200.0,0.0,0.0,-0.83
AMZN,2024-03-11 00:00:00-04:00,174.30999755859375,174.47000122070312,171.47000122070312,171.9600067138672,28484800.0,0.0,0.0,-1.93
AMZN,2024-03-12 00:00:00-04:00,173.5,176.75999450683594,171.97999572753906,175.38999938964844,36610600.0,0.0,0.0,1.99
AMZN,2024-03-13 00:00:00-04:00,175.89999389648438,177.6199951171875,175.5500030517578,176.55999755859375,30772600.0,0.0,0.0,0.67
AMZN,2024-03-14 00:00:00-04:00,177.69000244140625,179.52999877929688,176.47000122070312,178.75,43705800.0,0.0,0.0,1.24
AMZN,2024-03-15 00:00:00-04:00,176.63999938964844,177.92999267578125,173.89999389648438,174.4199981689453,72147400.0,0.0,0.0,-2.42
AMZN,2024-03-18 00:00:00-04:00,175.8000030517578,176.69000244140625,174.27999877929688,174.47999572753906,31250700.0,0.0,0.0,0.03
AMZN,2024-03-19 00:00:00-04:00,174.22000122070312,176.08999633789062,173.52000427246094,175.89999389648438,26880900.0,0.0,0.0,0.81
AMZN,2024-03-20 00:00:00-04:00,176.13999938964844,178.52999877929688,174.63999938964844,178.14999389648438,29947200.0,0.0,0.0,1.28
AMZN,2024-03-21 00:00:00-04:00,179.99000549316406,181.4199981689453,178.14999389648438,178.14999389648438,32824300.0,0.0,0.0,0.0
AMZN,2024-03-22 00:00:00-04:00,177.75,179.25999450683594,176.75,178.8699951171875,27995400.0,0.0,0.0,0.4
AMZN,2024-03-25 00:00:00-04:00,178.00999450683594,180.99000549316406,177.24000549316406,179.7100067138672,29815500.0,0.0,0.0,0.47
AMZN,2024-03-26 00:00:00-04:00,180.14999389648438,180.4499969482422,177.9499969482422,178.3000030517578,29659000.0,0.0,0.0,-0.78
AMZN,2024-03-27 00:00:00-04:00,179.8800048828125,180.0,177.30999755859375,179.8300018310547,33272600.0,0.0,0.0,0.86
AMZN,2024-03-28 00:00:00-04:00,180.1699981689453,181.6999969482422,179.25999450683594,180.3800048828125,38051600.0,0.0,0.0,0.31
AMZN,2024-04-01 00:00:00-04:00,180.7899932861328,183.0,179.9499969482422,180.97000122070312,29174500.0,0.0,0.0,0.33
AMZN,2024-04-02 00:00:00-04:00,179.07000732421875,180.7899932861328,178.3800048828125,180.69000244140625,32611500.0,0.0,0.0,-0.15
AMZN,2024-04-03 00:00:00-04:00,179.89999389648438,182.8699951171875,179.8000030517578,182.41000366210938,31046600.0,0.0,0.0,0.95
AMZN,2024-04-04 00:00:00-04:00,184.0,185.10000610351562,180.0,180.0,41624300.0,0.0,0.0,-1.32
AMZN,2024-04-05 00:00:00-04:00,182.3800048828125,186.27000427246094,181.97000122070312,185.07000732421875,42374000.0,0.0,0.0,2.82
AMZN,2024-04-08 00:00:00-04:00,186.89999389648438,187.2899932861328,184.80999755859375,185.19000244140625,39221300.0,0.0,0.0,0.06
AMZN,2024-04-09 00:00:00-04:00,187.24000549316406,187.33999633789062,184.1999969482422,185.6699981689453,36520100.0,0.0,0.0,0.26
AMZN,2024-04-10 00:00:00-04:00,182.77000427246094,186.27000427246094,182.6699981689453,185.9499969482422,35879200.0,0.0,0.0,0.15
AMZN,2024-04-11 00:00:00-04:00,186.74000549316406,189.77000427246094,185.50999450683594,189.0500030517578,40020700.0,0.0,0.0,1.67
AMZN,2024-04-12 00:00:00-04:00,187.72000122070312,188.3800048828125,185.0800018310547,186.1300048828125,38608800.0,0.0,0.0,-1.54
AMZN,2024-04-15 00:00:00-04:00,187.42999267578125,188.69000244140625,183.0,183.6199951171875,48052400.0,0.0,0.0,-1.35
AMZN,2024-04-16 00:00:00-04:00,183.27000427246094,184.8300018310547,182.25999450683594,183.32000732421875,32891300.0,0.0,0.0,-0.16
AMZN,2024-04-17 00:00:00-04:00,184.30999755859375,184.57000732421875,179.82000732421875,181.27999877929688,31359700.0,0.0,0.0,-1.11
AMZN,2024-04-18 00:00:00-04:00,181.47000122070312,182.38999938964844,178.64999389648438,179.22000122070312,30723800.0,0.0,0.0,-1.14
AMZN,2024-04-19 00:00:00-04:00,178.74000549316406,179.0,173.44000244140625,174.6300048828125,56000700.0,0.0,0.0,-2.56
AMZN,2024-04-22 00:00:00-04:00,176.94000244140625,178.8699951171875,174.55999755859375,177.22999572753906,37924900.0,0.0,0.0,1.49
AMZN,2024-04-23 00:00:00-04:00,178.0800018310547,179.92999267578125,175.97999572753906,179.5399932861328,37046500.0,0.0,0.0,1.3
AMZN,2024-04-24 00:00:00-04:00,179.94000244140625,180.32000732421875,176.17999267578125,176.58999633789062,34185100.0,0.0,0.0,-1.64
AMZN,2024-04-25 00:00:00-04:00,169.67999267578125,173.9199981689453,166.32000732421875,173.6699981689453,49249400.0,0.0,0.0,-1.65
AMZN,2024-04-26 00:00:00-04:00,177.8000030517578,180.82000732421875,176.1300048828125,179.6199951171875,43919800.0,0.0,0.0,3.43
AMZN,2024-04-29 00:00:00-04:00,182.75,183.52999877929688,179.38999938964844,180.9600067138672,54063900.0,0.0,0.0,0.75
AMZN,2024-04-30 00:00:00-04:00,181.08999633789062,182.99000549316406,174.8000030517578,175.0,94639800.0,0.0,0.0,-3.29
AMZN,2024-05-01 00:00:00-04:00,181.63999938964844,185.14999389648438,176.55999755859375,179.0,94645100.0,0.0,0.0,2.29
AMZN,2024-05-02 00:00:00-04:00,180.85000610351562,185.10000610351562,179.91000366210938,184.72000122070312,54303500.0,0.0,0.0,3.2
AMZN,2024-05-03 00:00:00-04:00,186.99000549316406,187.8699951171875,185.4199981689453,186.2100067138672,39172000.0,0.0,0.0,0.81
AMZN,2024-05-06 00:00:00-04:00,186.27999877929688,188.75,184.8000030517578,188.6999969482422,34725300.0,0.0,0.0,1.34
AMZN,2024-05-07 00:00:00-04:00,188.9199981689453,189.94000244140625,187.30999755859375,188.75999450683594,34048900.0,0.0,0.0,0.03
AMZN,2024-05-08 00:00:00-04:00,187.44000244140625,188.42999267578125,186.38999938964844,188.0,26136400.0,0.0,0.0,-0.4
AMZN,2024-05-09 00:00:00-04:00,188.8800048828125,191.6999969482422,187.44000244140625,189.5,43368400.0,0.0,0.0,0.8
AMZN,2024-05-10 00:00:00-04:00,189.16000366210938,189.88999938964844,186.92999267578125,187.47999572753906,34141800.0,0.0,0.0,-1.07
AMZN,2024-05-13 00:00:00-04:00,188.0,188.30999755859375,185.36000061035156,186.57000732421875,24898600.0,0.0,0.0,-0.49
AMZN,2024-05-14 00:00:00-04:00,183.82000732421875,187.72000122070312,183.4499969482422,187.07000732421875,38698200.0,0.0,0.0,0.27
AMZN,2024-05-15 00:00:00-04:00,185.97000122070312,186.72000122070312,182.72999572753906,185.99000549316406,75459900.0,0.0,0.0,-0.58
AMZN,2024-05-16 00:00:00-04:00,185.60000610351562,187.30999755859375,183.4600067138672,183.6300048828125,38834500.0,0.0,0.0,-1.27
AMZN,2024-05-17 00:00:00-04:00,183.75999450683594,185.3000030517578,183.35000610351562,184.6999969482422,33175700.0,0.0,0.0,0.58
AMZN,2024-05-20 00:00:00-04:00,184.33999633789062,186.6699981689453,183.27999877929688,183.5399932861328,30511800.0,0.0,0.0,-0.63
AMZN,2024-05-21 00:00:00-04:00,182.3000030517578,183.25999450683594,180.75,183.14999389648438,50839100.0,0.0,0.0,-0.21
AMZN,2024-05-22 00:00:00-04:00,183.8800048828125,185.22000122070312,181.97000122070312,183.1300048828125,28148800.0,0.0,0.0,-0.01
AMZN,2024-05-23 00:00:00-04:00,183.66000366210938,184.75999450683594,180.0800018310547,181.0500030517578,33670200.0,0.0,0.0,-1.14
AMZN,2024-05-24 00:00:00-04:00,181.64999389648438,182.44000244140625,180.3000030517578,180.75,27471600.0,0.0,0.0,-0.17
AMZN,2024-05-28 00:00:00-04:00,179.92999267578125,182.24000549316406,179.49000549316406,182.14999389648438,29927000.0,0.0,0.0,0.77
AMZN,2024-05-29 00:00:00-04:00,181.6999969482422,184.0800018310547,181.5500030517578,182.02000427246094,32009300.0,0.0,0.0,-0.07
AMZN,2024-05-30 00:00:00-04:00,181.30999755859375,181.33999633789062,178.36000061035156,179.32000732421875,29184700.0,0.0,0.0,-1.48
AMZN,2024-05-31 00:00:00-04:00,178.3000030517578,179.2100067138672,173.8699951171875,176.44000244140625,58903900.0,0.0,0.0,-1.61
AMZN,2024-06-03 00:00:00-04:00,177.6999969482422,178.6999969482422,175.9199981689453,178.33999633789062,30786600.0,0.0,0.0,1.08
AMZN,2024-06-04 00:00:00-04:00,177.63999938964844,179.82000732421875,176.44000244140625,179.33999633789062,27198400.0,0.0,0.0,0.56
AMZN,2024-06-05 00:00:00-04:00,180.10000610351562,181.5,178.75,181.27999877929688,32116400.0,0.0,0.0,1.08
AMZN,2024-06-06 00:00:00-04:00,181.75,185.0,181.49000549316406,185.0,31371200.0,0.0,0.0,2.05
AMZN,2024-06-07 00:00:00-04:00,184.89999389648438,186.2899932861328,183.36000061035156,184.3000030517578,28021500.0,0.0,0.0,-0.38
AMZN,2024-06-10 00:00:00-04:00,184.07000732421875,187.22999572753906,183.7899932861328,187.05999755859375,34445600.0,0.0,0.0,1.5
AMZN,2024-06-11 00:00:00-04:00,187.05999755859375,187.77000427246094,184.5399932861328,187.22999572753906,27265100.0,0.0,0.0,0.09
AMZN,2024-06-12 00:00:00-04:00,188.02000427246094,188.35000610351562,185.42999267578125,186.88999938964844,33984200.0,0.0,0.0,-0.18
AMZN,2024-06-13 00:00:00-04:00,186.08999633789062,187.6699981689453,182.6699981689453,183.8300018310547,39721500.0,0.0,0.0,-1.64
AMZN,2024-06-14 00:00:00-04:00,183.0800018310547,183.72000122070312,182.22999572753906,183.66000366210938,25456400.0,0.0,0.0,-0.09
AMZN,2024-06-17 00:00:00-04:00,182.52000427246094,185.0,181.22000122070312,184.05999755859375,35601900.0,0.0,0.0,0.22
AMZN,2024-06-18 00:00:00-04:00,183.74000549316406,184.2899932861328,181.42999267578125,182.80999755859375,36659200.0,0.0,0.0,-0.68
AMZN,2024-06-20 00:00:00-04:00,182.91000366210938,186.50999450683594,182.72000122070312,186.10000610351562,44726800.0,0.0,0.0,1.8
AMZN,2024-06-21 00:00:00-04:00,187.8000030517578,189.27999877929688,185.86000061035156,189.0800018310547,70792500.0,0.0,0.0,1.6
AMZN,2024-06-24 00:00:00-04:00,189.3300018310547,191.0,185.3300018310547,185.57000732421875,50610400.0,0.0,0.0,-1.86
AMZN,2024-06-25 00:00:00-04:00,186.80999755859375,188.83999633789062,185.4199981689453,186.33999633789062,45366400.0,0.0,0.0,0.41
AMZN,2024-06-26 00:00:00-04:00,186.9199981689453,194.8000030517578,186.25999450683594,193.61000061035156,65103900.0,0.0,0.0,3.9
AMZN,2024-06-27 00:00:00-04:00,195.00999450683594,199.83999633789062,194.1999969482422,197.85000610351562,74397500.0,0.0,0.0,2.19
AMZN,2024-06-28 00:00:00-04:00,197.72999572753906,198.85000610351562,192.5,193.25,76930200.0,0.0,0.0,-2.32
AMZN,2024-07-01 00:00:00-04:00,193.49000549316406,198.3000030517578,192.82000732421875,197.1999969482422,41192000.0,0.0,0.0,2.04
AMZN,2024-07-02 00:00:00-04:00,197.27999877929688,200.42999267578125,195.92999267578125,200.0,45600000.0,0.0,0.0,1.42
AMZN,2024-07-03 00:00:00-04:00,199.94000244140625,200.02999877929688,196.75999450683594,197.58999633789062,31597900.0,0.0,0.0,-1.21
AMZN,2024-07-05 00:00:00-04:00,198.64999389648438,200.5500030517578,198.1699981689453,200.0,39858900.0,0.0,0.0,1.22
AMZN,2024-07-08 00:00:00-04:00,200.0399932861328,201.1999969482422,197.9600067138672,199.2899932861328,34767300.0,0.0,0.0,-0.36
AMZN,2024-07-09 00:00:00-04:00,199.39999389648438,200.57000732421875,199.0500030517578,199.33999633789062,32700100.0,0.0,0.0,0.03
AMZN,2024-07-10 00:00:00-04:00,200.0,200.11000061035156,197.69000244140625,199.7899932861328,32883800.0,0.0,0.0,0.23
AMZN,2024-07-11 00:00:00-04:00,200.08999633789062,200.27000427246094,192.86000061035156,195.0500030517578,44565000.0,0.0,0.0,-2.37
AMZN,2024-07-12 00:00:00-04:00,194.8000030517578,196.47000122070312,193.8300018310547,194.49000549316406,30598500.0,0.0,0.0,-0.29
AMZN,2024-07-15 00:00:00-04:00,194.55999755859375,196.19000244140625,190.8300018310547,192.72000122070312,40683200.0,0.0,0.0,-0.91
AMZN,2024-07-16 00:00:00-04:00,195.58999633789062,196.6199951171875,192.24000549316406,193.02000427246094,33994700.0,0.0,0.0,0.16
AMZN,2024-07-17 00:00:00-04:00,191.35000610351562,191.5800018310547,185.99000549316406,187.92999267578125,48076100.0,0.0,0.0,-2.64
AMZN,2024-07-18 00:00:00-04:00,189.58999633789062,189.67999267578125,181.4499969482422,183.75,51043600.0,0.0,0.0,-2.22
AMZN,2024-07-19 00:00:00-04:00,181.13999938964844,184.92999267578125,180.11000061035156,183.1300048828125,43081800.0,0.0,0.0,-0.34
AMZN,2024-07-22 00:00:00-04:00,185.0,185.05999755859375,182.47999572753906,182.5500030517578,39931900.0,0.0,0.0,-0.32
AMZN,2024-07-23 00:00:00-04:00,184.10000610351562,189.38999938964844,183.55999755859375,186.41000366210938,47537700.0,0.0,0.0,2.11
AMZN,2024-07-24 00:00:00-04:00,183.1999969482422,185.4499969482422,180.41000366210938,180.8300018310547,41532400.0,0.0,0.0,-2.99
AMZN,2024-07-25 00:00:00-04:00,182.91000366210938,183.89999389648438,176.8000030517578,179.85000610351562,44464200.0,0.0,0.0,-0.54
AMZN,2024-07-26 00:00:00-04:00,180.38999938964844,183.19000244140625,180.24000549316406,182.5,29506000.0,0.0,0.0,1.47
AMZN,2024-07-29 00:00:00-04:00,183.83999633789062,184.75,182.3800048828125,183.1999969482422,33270100.0,0.0,0.0,0.38
AMZN,2024-07-30 00:00:00-04:00,184.72000122070312,185.86000061035156,179.3800048828125,181.7100067138672,39508600.0,0.0,0.0,-0.81
AMZN,2024-07-31 00:00:00-04:00,185.0500030517578,187.94000244140625,184.4600067138672,186.97999572753906,41667300.0,0.0,0.0,2.9
AMZN,2024-08-01 00:00:00-04:00,189.2899932861328,190.60000610351562,181.8699951171875,184.07000732421875,70435600.0,0.0,0.0,-1.56
AMZN,2024-08-02 00:00:00-04:00,166.75,168.77000427246094,160.5500030517578,167.89999389648438,141448400.0,0.0,0.0,-8.78
AMZN,2024-08-05 00:00:00-04:00,154.2100067138672,162.9600067138672,151.61000061035156,161.02000427246094,83149400.0,0.0,0.0,-4.1
AMZN,2024-08-06 00:00:00-04:00,161.7100067138672,165.0800018310547,158.5399932861328,161.92999267578125,59950800.0,0.0,0.0,0.57
AMZN,2024-08-07 00:00:00-04:00,166.5500030517578,167.5800018310547,161.42999267578125,162.77000427246094,48408200.0,0.0,0.0,0.52
AMZN,2024-08-08 00:00:00-04:00,165.1699981689453,166.69000244140625,162.5500030517578,165.8000030517578,44616200.0,0.0,0.0,1.86
AMZN,2024-08-09 00:00:00-04:00,166.39999389648438,168.5500030517578,165.85000610351562,166.94000244140625,36401000.0,0.0,0.0,0.69
AMZN,2024-08-12 00:00:00-04:00,168.13999938964844,168.5500030517578,166.11000061035156,166.8000030517578,30072800.0,0.0,0.0,-0.08
AMZN,2024-08-13 00:00:00-04:00,167.80999755859375,171.0399932861328,167.10000610351562,170.22999572753906,39237900.0,0.0,0.0,2.06
AMZN,2024-08-14 00:00:00-04:00,172.11000061035156,172.27999877929688,168.86000061035156,170.10000610351562,28843800.0,0.0,0.0,-0.08
AMZN,2024-08-15 00:00:00-04:00,174.86000061035156,177.91000366210938,173.99000549316406,177.58999633789062,51698500.0,0.0,0.0,4.4
AMZN,2024-08-16 00:00:00-04:00,177.0399932861328,178.33999633789062,176.25999450683594,177.05999755859375,31489200.0,0.0,0.0,-0.3
AMZN,2024-08-19 00:00:00-04:00,177.63999938964844,178.3000030517578,176.16000366210938,178.22000122070312,31129800.0,0.0,0.0,0.66
AMZN,2024-08-20 00:00:00-04:00,177.9199981689453,179.00999450683594,177.42999267578125,178.8800048828125,26255200.0,0.0,0.0,0.37
AMZN,2024-08-21 00:00:00-04:00,179.9199981689453,182.38999938964844,178.88999938964844,180.11000061035156,35599100.0,0.0,0.0,0.69
AMZN,2024-08-22 00:00:00-04:00,181.3800048828125,181.47000122070312,175.67999267578125,176.1300048828125,32047500.0,0.0,0.0,-2.21
AMZN,2024-08-23 00:00:00-04:00,177.33999633789062,178.97000122070312,175.24000549316406,177.0399932861328,29150100.0,0.0,0.0,0.52
AMZN,2024-08-26 00:00:00-04:00,176.6999969482422,177.47000122070312,174.3000030517578,175.5,22366200.0,0.0,0.0,-0.87
AMZN,2024-08-27 00:00:00-04:00,174.14999389648438,174.88999938964844,172.25,173.1199951171875,29842000.0,0.0,0.0,-1.36
AMZN,2024-08-28 00:00:00-04:00,173.69000244140625,173.69000244140625,168.9199981689453,170.8000030517578,29045000.0,0.0,0.0,-1.34
AMZN,2024-08-29 00:00:00-04:00,173.22000122070312,174.2899932861328,170.80999755859375,172.1199951171875,26407800.0,0.0,0.0,0.77
AMZN,2024-08-30 00:00:00-04:00,172.77999877929688,178.89999389648438,172.60000610351562,178.5,43429400.0,0.0,0.0,3.71
AMZN,2024-09-03 00:00:00-04:00,177.5500030517578,178.25999450683594,175.25999450683594,176.25,37817500.0,0.0,0.0,-1.26
AMZN,2024-09-04 00:00:00-04:00,174.47999572753906,175.97999572753906,172.5399932861328,173.3300018310547,30309200.0,0.0,0.0,-1.66
AMZN,2024-09-05 00:00:00-04:00,175.0,179.8800048828125,175.0,177.88999938964844,40170500.0,0.0,0.0,2.63
AMZN,2024-09-06 00:00:00-04:00,177.24000549316406,178.3800048828125,171.16000366210938,171.38999938964844,41466500.0,0.0,0.0,-3.65
AMZN,2024-09-09 00:00:00-04:00,174.52999877929688,175.85000610351562,173.50999450683594,175.39999389648438,29037400.0,0.0,0.0,2.34
AMZN,2024-09-10 00:00:00-04:00,177.49000549316406,180.5,176.7899932861328,179.5500030517578,36233800.0,0.0,0.0,2.37
AMZN,2024-09-11 00:00:00-04:00,180.10000610351562,184.99000549316406,175.72999572753906,184.52000427246094,42564700.0,0.0,0.0,2.77
AMZN,2024-09-12 00:00:00-04:00,184.8000030517578,187.41000366210938,183.5399932861328,187.0,33544200.0,0.0,0.0,1.34
AMZN,2024-09-13 00:00:00-04:00,187.0,188.5,185.91000366210938,186.49000549316406,26495400.0,0.0,0.0,-0.27
AMZN,2024-09-16 00:00:00-04:00,185.2899932861328,185.80999755859375,183.36000061035156,184.88999938964844,26065500.0,0.0,0.0,-0.86
AMZN,2024-09-17 00:00:00-04:00,186.85000610351562,189.4499969482422,186.13999938964844,186.8800048828125,26091700.0,0.0,0.0,1.08
AMZN,2024-09-18 00:00:00-04:00,186.4499969482422,188.8000030517578,185.05999755859375,186.42999267578125,34448100.0,0.0,0.0,-0.24
AMZN,2024-09-19 00:00:00-04:00,190.0399932861328,190.99000549316406,188.47000122070312,189.8699951171875,39543200.0,0.0,0.0,1.85
AMZN,2024-09-20 00:00:00-04:00,190.22999572753906,191.83999633789062,187.41000366210938,191.60000610351562,100378600.0,0.0,0.0,0.91
AMZN,2024-09-23 00:00:00-04:00,191.63999938964844,194.4499969482422,190.57000732421875,193.8800048828125,36993100.0,0.0,0.0,1.19
AMZN,2024-09-24 00:00:00-04:00,194.27000427246094,195.3699951171875,190.1300048828125,193.9600067138672,43478900.0,0.0,0.0,0.04
AMZN,2024-09-25 00:00:00-04:00,193.75,193.9499969482422,192.16000366210938,192.52999877929688,26391100.0,0.0,0.0,-0.74
AMZN,2024-09-26 00:00:00-04:00,194.30999755859375,194.52999877929688,189.5399932861328,191.16000366210938,36334900.0,0.0,0.0,-0.71
AMZN,2024-09-27 00:00:00-04:00,190.67999267578125,190.89999389648438,187.33999633789062,187.97000122070312,36002300.0,0.0,0.0,-1.67
AMZN,2024-09-30 00:00:00-04:00,187.13999938964844,188.49000549316406,184.64999389648438,186.3300018310547,41583900.0,0.0,0.0,-0.87
AMZN,2024-10-01 00:00:00-04:00,184.89999389648438,186.19000244140625,183.4499969482422,185.1300048828125,36044900.0,0.0,0.0,-0.64
AMZN,2024-10-02 00:00:00-04:00,184.44000244140625,186.60000610351562,184.0399932861328,184.75999450683594,23704100.0,0.0,0.0,-0.2
AMZN,2024-10-03 00:00:00-04:00,183.0500030517578,183.44000244140625,180.8800048828125,181.9600067138672,30204300.0,0.0,0.0,-1.52
AMZN,2024-10-04 00:00:00-04:00,185.75,187.60000610351562,183.60000610351562,186.50999450683594,40890300.0,0.0,0.0,2.5
AMZN,2024-10-07 00:00:00-04:00,182.9499969482422,183.60000610351562,180.25,180.8000030517578,42364200.0,0.0,0.0,-3.06
AMZN,2024-10-08 00:00:00-04:00,181.9199981689453,183.08999633789062,180.9199981689453,182.72000122070312,26372100.0,0.0,0.0,1.06
AMZN,2024-10-09 00:00:00-04:00,182.82000732421875,185.85000610351562,182.0500030517578,185.1699981689453,26343100.0,0.0,0.0,1.34
AMZN,2024-10-10 00:00:00-04:00,187.1300048828125,188.1300048828125,185.8300018310547,186.64999389648438,27785000.0,0.0,0.0,0.8
AMZN,2024-10-11 00:00:00-04:00,186.6300048828125,189.92999267578125,186.3000030517578,188.82000732421875,25751600.0,0.0,0.0,1.16
AMZN,2024-10-14 00:00:00-04:00,189.77999877929688,189.8300018310547,187.36000061035156,187.5399932861328,22614400.0,0.0,0.0,-0.68
AMZN,2024-10-15 00:00:00-04:00,187.6300048828125,188.41000366210938,184.5800018310547,187.69000244140625,32178900.0,0.0,0.0,0.08
AMZN,2024-10-16 00:00:00-04:00,187.0500030517578,187.77999877929688,185.61000061035156,186.88999938964844,23456800.0,0.0,0.0,-0.43
AMZN,2024-10-17 00:00:00-04:00,188.22000122070312,188.94000244140625,186.0,187.52999877929688,25039400.0,0.0,0.0,0.34
AMZN,2024-10-18 00:00:00-04:00,187.14999389648438,190.74000549316406,186.27999877929688,188.99000549316406,37417700.0,0.0,0.0,0.78
AMZN,2024-10-21 00:00:00-04:00,188.0500030517578,189.4600067138672,186.39999389648438,189.07000732421875,24639400.0,0.0,0.0,0.04
AMZN,2024-10-22 00:00:00-04:00,188.35000610351562,191.52000427246094,186.97999572753906,189.6999969482422,29650600.0,0.0,0.0,0.33
AMZN,2024-10-23 00:00:00-04:00,188.85000610351562,189.16000366210938,183.69000244140625,184.7100067138672,31937100.0,0.0,0.0,-2.63
AMZN,2024-10-24 00:00:00-04:00,185.25,187.11000061035156,183.86000061035156,186.3800048828125,21647400.0,0.0,0.0,0.9
AMZN,2024-10-25 00:00:00-04:00,187.85000610351562,190.4499969482422,187.52999877929688,187.8300018310547,29362100.0,0.0,0.0,0.78
AMZN,2024-10-28 00:00:00-04:00,189.57000732421875,190.2100067138672,188.2100067138672,188.38999938964844,27930800.0,0.0,0.0,0.3
AMZN,2024-10-29 00:00:00-04:00,188.5800018310547,191.4600067138672,187.82000732421875,190.8300018310547,35690200.0,0.0,0.0,1.3
AMZN,2024-10-30 00:00:00-04:00,194.6999969482422,195.61000061035156,192.4199981689453,192.72999572753906,37707600.0,0.0,0.0,1.0
AMZN,2024-10-31 00:00:00-04:00,190.50999450683594,190.60000610351562,185.22999572753906,186.39999389648438,75146800.0,0.0,0.0,-3.28
AMZN,2024-11-01 00:00:00-04:00,199.0,200.5,197.02000427246094,197.92999267578125,99687800.0,0.0,0.0,6.19
AMZN,2024-11-04 00:00:00-05:00,196.4499969482422,197.3300018310547,194.30999755859375,195.77999877929688,38492100.0,0.0,0.0,-1.09
AMZN,2024-11-05 00:00:00-05:00,196.0399932861328,199.82000732421875,195.99000549316406,199.5,30564800.0,0.0,0.0,1.9
AMZN,2024-11-06 00:00:00-05:00,200.00999450683594,207.5500030517578,199.13999938964844,207.08999633789062,72292200.0,0.0,0.0,3.8
AMZN,2024-11-07 00:00:00-05:00,207.44000244140625,212.25,207.19000244140625,210.0500030517578,52878400.0,0.0,0.0,1.43
AMZN,2024-11-08 00:00:00-05:00,209.72000122070312,209.9600067138672,207.44000244140625,208.17999267578125,36075800.0,0.0,0.0,-0.89
AMZN,2024-11-11 00:00:00-05:00,208.5,209.64999389648438,205.58999633789062,206.83999633789062,35456000.0,0.0,0.0,-0.64
AMZN,2024-11-12 00:00:00-05:00,208.3699951171875,209.5399932861328,206.00999450683594,208.91000366210938,38942900.0,0.0,0.0,1.0
AMZN,2024-11-13 00:00:00-05:00,209.39999389648438,215.08999633789062,209.13999938964844,214.10000610351562,46212900.0,0.0,0.0,2.48
AMZN,2024-11-14 00:00:00-05:00,214.16000366210938,215.89999389648438,210.8800048828125,211.47999572753906,42620300.0,0.0,0.0,-1.22
AMZN,2024-11-15 00:00:00-05:00,206.75999450683594,207.33999633789062,199.61000061035156,202.61000061035156,86591100.0,0.0,0.0,-4.19
AMZN,2024-11-18 00:00:00-05:00,204.14999389648438,204.6699981689453,200.9499969482422,201.6999969482422,36409900.0,0.0,0.0,-0.45
AMZN,2024-11-19 00:00:00-05:00,199.3300018310547,205.3000030517578,198.77999877929688,204.61000061035156,31197900.0,0.0,0.0,1.44
AMZN,2024-11-20 00:00:00-05:00,202.97999572753906,203.1300048828125,199.4499969482422,202.8800048828125,32769000.0,0.0,0.0,-0.85
AMZN,2024-11-21 00:00:00-05:00,203.49000549316406,203.49000549316406,195.75,198.3800048828125,58800000.0,0.0,0.0,-2.22
AMZN,2024-11-22 00:00:00-05:00,198.25,199.25999450683594,196.75,197.1199951171875,31530800.0,0.0,0.0,-0.64
AMZN,2024-11-25 00:00:00-05:00,199.27999877929688,201.9499969482422,199.0,201.4499969482422,40685700.0,0.0,0.0,2.2
AMZN,2024-11-26 00:00:00-05:00,201.89999389648438,208.0,201.7899932861328,207.86000061035156,41673700.0,0.0,0.0,3.18
AMZN,2024-11-27 00:00:00-05:00,206.97999572753906,207.63999938964844,205.0500030517578,205.74000549316406,28061600.0,0.0,0.0,-1.02
AMZN,2024-11-29 00:00:00-05:00,205.8300018310547,208.1999969482422,204.58999633789062,207.88999938964844,24892400.0,0.0,0.0,1.05
AMZN,2024-12-02 00:00:00-05:00,209.9600067138672,212.99000549316406,209.50999450683594,210.7100067138672,39523200.0,0.0,0.0,1.36
AMZN,2024-12-03 00:00:00-05:00,210.30999755859375,214.02000427246094,209.64999389648438,213.44000244140625,32214800.0,0.0,0.0,1.3
AMZN,2024-12-04 00:00:00-05:00,215.9600067138672,220.0,215.75,218.16000366210938,48745700.0,0.0,0.0,2.21
AMZN,2024-12-05 00:00:00-05:00,218.02999877929688,222.14999389648438,217.3000030517578,220.5500030517578,41140200.0,0.0,0.0,1.1
AMZN,2024-12-06 00:00:00-05:00,220.75,227.14999389648438,220.60000610351562,227.02999877929688,44178100.0,0.0,0.0,2.94
AMZN,2024-12-09 00:00:00-05:00,227.2100067138672,230.0800018310547,225.6699981689453,226.08999633789062,46819400.0,0.0,0.0,-0.41
AMZN,2024-12-10 00:00:00-05:00,226.08999633789062,229.05999755859375,224.1999969482422,225.0399932861328,31199900.0,0.0,0.0,-0.46
AMZN,2024-12-11 00:00:00-05:00,226.41000366210938,231.1999969482422,226.25999450683594,230.25999450683594,35385800.0,0.0,0.0,2.32
AMZN,2024-12-12 00:00:00-05:00,229.8300018310547,231.08999633789062,227.6300048828125,228.97000122070312,28204100.0,0.0,0.0,-0.56
AMZN,2024-12-13 00:00:00-05:00,228.39999389648438,230.1999969482422,225.86000061035156,227.4600067138672,28768100.0,0.0,0.0,-0.66
AMZN,2024-12-16 00:00:00-05:00,230.22999572753906,233.0,228.00999450683594,232.92999267578125,37552100.0,0.0,0.0,2.4
AMZN,2024-12-17 00:00:00-05:00,232.38999938964844,232.72999572753906,227.85000610351562,231.14999389648438,35948100.0,0.0,0.0,-0.76
AMZN,2024-12-18 00:00:00-05:00,230.77000427246094,231.39999389648438,220.11000061035156,220.52000427246094,43281400.0,0.0,0.0,-4.6
AMZN,2024-12-19 00:00:00-05:00,224.91000366210938,226.08999633789062,222.9199981689453,223.2899932861328,39918700.0,0.0,0.0,1.26
AMZN,2024-12-20 00:00:00-05:00,219.83999633789062,226.2100067138672,218.72999572753906,224.9199981689453,88279200.0,0.0,0.0,0.73
AMZN,2024-12-23 00:00:00-05:00,225.00999450683594,226.8800048828125,223.89999389648438,225.05999755859375,28070000.0,0.0,0.0,0.06
AMZN,2024-12-24 00:00:00-05:00,226.94000244140625,229.13999938964844,226.1300048828125,229.0500030517578,15007500.0,0.0,0.0,1.77
AMZN,2024-12-26 00:00:00-05:00,228.5,228.5,226.6699981689453,227.0500030517578,16146700.0,0.0,0.0,-0.87
AMZN,2024-12-27 00:00:00-05:00,225.60000610351562,226.02999877929688,220.89999389648438,223.75,27367100.0,0.0,0.0,-1.45
AMZN,2024-12-30 00:00:00-05:00,220.05999755859375,223.0,218.42999267578125,221.3000030517578,28321200.0,0.0,0.0,-1.09
AMZN,2024-12-31 00:00:00-05:00,222.97000122070312,223.22999572753906,218.94000244140625,219.38999938964844,24819700.0,0.0,0.0,-0.86
AMZN,2025-01-02 00:00:00-05:00,222.02999877929688,225.14999389648438,218.19000244140625,220.22000122070312,33956600.0,0.0,0.0,0.38
AMZN,2025-01-03 00:00:00-05:00,222.50999450683594,225.36000061035156,221.6199951171875,224.19000244140625,27515600.0,0.0,0.0,1.8
AMZN,2025-01-06 00:00:00-05:00,226.77999877929688,228.83999633789062,224.83999633789062,227.61000061035156,31849800.0,0.0,0.0,1.53
AMZN,2025-01-07 00:00:00-05:00,227.89999389648438,228.3800048828125,221.4600067138672,222.11000061035156,28084200.0,0.0,0.0,-2.42
AMZN,2025-01-08 00:00:00-05:00,223.19000244140625,223.52000427246094,220.1999969482422,222.1300048828125,25033300.0,0.0,0.0,0.01
AMZN,2025-01-10 00:00:00-05:00,221.4600067138672,221.7100067138672,216.5,218.94000244140625,36811500.0,0.0,0.0,-1.44
AMZN,2025-01-13 00:00:00-05:00,218.05999755859375,219.39999389648438,216.47000122070312,218.4600067138672,27262700.0,0.0,0.0,-0.22
AMZN,2025-01-14 00:00:00-05:00,220.44000244140625,221.82000732421875,216.1999969482422,217.75999450683594,24711700.0,0.0,0.0,-0.32
AMZN,2025-01-15 00:00:00-05:00,222.8300018310547,223.57000732421875,220.75,223.35000610351562,31291300.0,0.0,0.0,2.57
AMZN,2025-01-16 00:00:00-05:00,224.4199981689453,224.64999389648438,220.30999755859375,220.66000366210938,24757300.0,0.0,0.0,-1.2
AMZN,2025-01-17 00:00:00-05:00,225.83999633789062,226.50999450683594,223.0800018310547,225.94000244140625,42370100.0,0.0,0.0,2.39
AMZN,2025-01-21 00:00:00-05:00,228.89999389648438,231.77999877929688,226.94000244140625,230.7100067138672,39951500.0,0.0,0.0,2.11
AMZN,2025-01-22 00:00:00-05:00,232.02000427246094,235.44000244140625,231.19000244140625,235.00999450683594,41448200.0,0.0,0.0,1.86
AMZN,2025-01-23 00:00:00-05:00,234.10000610351562,235.52000427246094,231.50999450683594,235.4199981689453,26404400.0,0.0,0.0,0.17
AMZN,2025-01-24 00:00:00-05:00,234.5,236.39999389648438,232.92999267578125,234.85000610351562,25890700.0,0.0,0.0,-0.24
AMZN,2025-01-27 00:00:00-05:00,226.2100067138672,235.61000061035156,225.86000061035156,235.4199981689453,49428300.0,0.0,0.0,0.24
AMZN,2025-01-28 00:00:00-05:00,234.2899932861328,241.77000427246094,233.97999572753906,238.14999389648438,41587200.0,0.0,0.0,1.16
AMZN,2025-01-29 00:00:00-05:00,239.02000427246094,240.38999938964844,236.14999389648438,237.07000732421875,26091700.0,0.0,0.0,-0.45
AMZN,2025-01-30 00:00:00-05:00,237.13999938964844,237.9499969482422,232.22000122070312,234.63999938964844,32020700.0,0.0,0.0,-1.03
AMZN,2025-01-31 00:00:00-05:00,236.5,240.2899932861328,236.41000366210938,237.67999267578125,36110200.0,0.0,0.0,1.3
AMZN,2025-02-03 00:00:00-05:00,234.05999755859375,239.25,232.89999389648438,237.4199981689453,37285900.0,0.0,0.0,-0.11
AMZN,2025-02-04 00:00:00-05:00,239.00999450683594,242.52000427246094,238.02999877929688,242.05999755859375,29713800.0,0.0,0.0,1.95
AMZN,2025-02-05 00:00:00-05:00,237.02000427246094,238.32000732421875,235.1999969482422,236.1699981689453,38727300.0,0.0,0.0,-2.43
AMZN,2025-02-06 00:00:00-05:00,238.00999450683594,239.66000366210938,236.00999450683594,238.8300018310547,60897100.0,0.0,0.0,1.13
AMZN,2025-02-07 00:00:00-05:00,232.5,234.80999755859375,228.05999755859375,229.14999389648438,77539300.0,0.0,0.0,-4.05
AMZN,2025-02-10 00:00:00-05:00,230.5500030517578,233.9199981689453,229.1999969482422,233.13999938964844,35419900.0,0.0,0.0,1.74
AMZN,2025-02-11 00:00:00-05:00,231.9199981689453,233.44000244140625,230.1300048828125,232.75999450683594,23713700.0,0.0,0.0,-0.16
AMZN,2025-02-12 00:00:00-05:00,230.4600067138672,231.17999267578125,228.16000366210938,228.92999267578125,32285200.0,0.0,0.0,-1.65
AMZN,2025-02-13 00:00:00-05:00,228.85000610351562,230.4199981689453,227.52000427246094,230.3699951171875,31346500.0,0.0,0.0,0.63
AMZN,2025-02-14 00:00:00-05:00,229.1999969482422,229.88999938964844,227.22999572753906,228.67999267578125,27031100.0,0.0,0.0,-0.73
AMZN,2025-02-18 00:00:00-05:00,228.82000732421875,229.3000030517578,223.72000122070312,226.64999389648438,42975100.0,0.0,0.0,-0.89
AMZN,2025-02-19 00:00:00-05:00,225.52000427246094,226.8300018310547,223.7100067138672,226.6300048828125,28566700.0,0.0,0.0,-0.01
AMZN,2025-02-20 00:00:00-05:00,224.77999877929688,225.1300048828125,221.80999755859375,222.8800048828125,30001700.0,0.0,0.0,-1.65
AMZN,2025-02-21 00:00:00-05:00,223.27999877929688,223.30999755859375,214.74000549316406,216.5800018310547,55323900.0,0.0,0.0,-2.83
AMZN,2025-02-24 00:00:00-05:00,217.4499969482422,217.72000122070312,212.4199981689453,212.7100067138672,42387600.0,0.0,0.0,-1.79
AMZN,2025-02-25 00:00:00-05:00,211.6300048828125,213.33999633789062,204.16000366210938,212.8000030517578,58958000.0,0.0,0.0,0.04
AMZN,2025-02-26 00:00:00-05:00,214.94000244140625,218.16000366210938,213.08999633789062,214.35000610351562,39120600.0,0.0,0.0,0.73
AMZN,2025-02-27 00:00:00-05:00,218.35000610351562,219.97000122070312,208.3699951171875,208.74000549316406,40548600.0,0.0,0.0,-2.62
AMZN,2025-02-28 00:00:00-05:00,208.64999389648438,212.6199951171875,206.99000549316406,212.27999877929688,51771700.0,0.0,0.0,1.7
AMZN,2025-03-03 00:00:00-05:00,213.35000610351562,214.00999450683594,202.5500030517578,205.02000427246094,42948400.0,0.0,0.0,-3.42
AMZN,2025-03-04 00:00:00-05:00,200.11000061035156,206.8000030517578,197.42999267578125,203.8000030517578,60853100.0,0.0,0.0,-0.6
AMZN,2025-03-05 00:00:00-05:00,204.8000030517578,209.97999572753906,203.25999450683594,208.36000061035156,38610100.0,0.0,0.0,2.24
AMZN,2025-03-06 00:00:00-05:00,204.39999389648438,205.77000427246094,198.3000030517578,200.6999969482422,49863800.0,0.0,0.0,-3.68
AMZN,2025-03-07 00:00:00-05:00,199.49000549316406,202.27000427246094,192.52999877929688,199.25,59802800.0,0.0,0.0,-0.72
AMZN,2025-03-10 00:00:00-04:00,195.60000610351562,196.72999572753906,190.85000610351562,194.5399932861328,62350900.0,0.0,0.0,-2.36
AMZN,2025-03-11 00:00:00-04:00,193.89999389648438,200.17999267578125,193.39999389648438,196.58999633789062,54002900.0,0.0,0.0,1.05
AMZN,2025-03-12 00:00:00-04:00,200.72000122070312,201.52000427246094,195.2899932861328,198.88999938964844,43679300.0,0.0,0.0,1.17
AMZN,2025-03-13 00:00:00-04:00,198.1699981689453,198.8800048828125,191.82000732421875,193.88999938964844,41270800.0,0.0,0.0,-2.51
AMZN,2025-03-14 00:00:00-04:00,197.41000366210938,198.64999389648438,195.32000732421875,197.9499969482422,38096700.0,0.0,0.0,2.09
AMZN,2025-03-17 00:00:00-04:00,198.77000427246094,199.0,194.32000732421875,195.74000549316406,47341800.0,0.0,0.0,-1.12
AMZN,2025-03-18 00:00:00-04:00,192.52000427246094,194.0,189.3800048828125,192.82000732421875,40414900.0,0.0,0.0,-1.49
AMZN,2025-03-19 00:00:00-04:00,193.3800048828125,195.97000122070312,191.9600067138672,195.5399932861328,39442900.0,0.0,0.0,1.41
AMZN,2025-03-20 00:00:00-04:00,193.07000732421875,199.32000732421875,192.3000030517578,194.9499969482422,38921100.0,0.0,0.0,-0.3
AMZN,2025-03-21 00:00:00-04:00,192.89999389648438,196.99000549316406,192.52000427246094,196.2100067138672,60056900.0,0.0,0.0,0.65
AMZN,2025-03-24 00:00:00-04:00,200.0,203.63999938964844,199.9499969482422,203.25999450683594,41625400.0,0.0,0.0,3.59
AMZN,2025-03-25 00:00:00-04:00,203.60000610351562,206.2100067138672,203.22000122070312,205.7100067138672,31171200.0,0.0,0.0,1.21
AMZN,2025-03-26 00:00:00-04:00,205.83999633789062,206.00999450683594,199.92999267578125,201.1300048828125,32855300.0,0.0,0.0,-2.23
AMZN,2025-03-27 00:00:00-04:00,200.88999938964844,203.7899932861328,199.27999877929688,201.36000061035156,27317700.0,0.0,0.0,0.11
AMZN,2025-03-28 00:00:00-04:00,198.4199981689453,199.25999450683594,191.8800048828125,192.72000122070312,52548200.0,0.0,0.0,-4.29
AMZN,2025-03-31 00:00:00-04:00,188.19000244140625,191.3300018310547,184.39999389648438,190.25999450683594,63547600.0,0.0,0.0,-1.28
AMZN,2025-04-01 00:00:00-04:00,187.86000061035156,193.92999267578125,187.1999969482422,192.1699981689453,41267300.0,0.0,0.0,1.0
AMZN,2025-04-02 00:00:00-04:00,187.66000366210938,198.33999633789062,187.66000366210938,196.00999450683594,53679200.0,0.0,0.0,2.0
AMZN,2025-04-03 00:00:00-04:00,183.0,184.1300048828125,176.9199981689453,178.41000366210938,95553600.0,0.0,0.0,-8.98
AMZN,2025-04-04 00:00:00-04:00,167.14999389648438,178.13999938964844,166.0,171.0,123159400.0,0.0,0.0,-4.15
AMZN,2025-04-07 00:00:00-04:00,162.0,183.41000366210938,161.3800048828125,175.25999450683594,109327100.0,0.0,0.0,2.49
AMZN,2025-04-08 00:00:00-04:00,185.22999572753906,185.89999389648438,168.57000732421875,170.66000366210938,87710400.0,0.0,0.0,-2.62
AMZN,2025-04-09 00:00:00-04:00,172.1199951171875,192.64999389648438,169.92999267578125,191.10000610351562,116804300.0,0.0,0.0,11.98
AMZN,2025-04-10 00:00:00-04:00,185.44000244140625,186.8699951171875,175.85000610351562,181.22000122070312,68302000.0,0.0,0.0,-5.17
AMZN,2025-04-11 00:00:00-04:00,179.92999267578125,185.86000061035156,178.0,184.8699951171875,50594300.0,0.0,0.0,2.01
AMZN,2025-04-14 00:00:00-04:00,186.83999633789062,187.44000244140625,179.22999572753906,182.1199951171875,48002500.0,0.0,0.0,-1.49
AMZN,2025-04-15 00:00:00-04:00,181.41000366210938,182.35000610351562,177.92999267578125,179.58999633789062,43642000.0,0.0,0.0,-1.39
AMZN,2025-04-16 00:00:00-04:00,176.2899932861328,179.10000610351562,171.41000366210938,174.3300018310547,51875300.0,0.0,0.0,-2.93
AMZN,2025-04-17 00:00:00-04:00,176.0,176.2100067138672,172.0,172.61000061035156,44726500.0,0.0,0.0,-0.99
AMZN,2025-04-21 00:00:00-04:00,169.60000610351562,169.60000610351562,165.2899932861328,167.32000732421875,48126100.0,0.0,0.0,-3.06
AMZN,2025-04-22 00:00:00-04:00,169.85000610351562,176.77999877929688,169.35000610351562,173.17999267578125,56607200.0,0.0,0.0,3.5
AMZN,2025-04-23 00:00:00-04:00,183.4499969482422,187.3800048828125,180.19000244140625,180.60000610351562,63470100.0,0.0,0.0,4.28
AMZN,2025-04-24 00:00:00-04:00,180.9199981689453,186.74000549316406,180.17999267578125,186.5399932861328,43763200.0,0.0,0.0,3.29
AMZN,2025-04-25 00:00:00-04:00,187.6199951171875,189.94000244140625,185.49000549316406,188.99000549316406,36414300.0,0.0,0.0,1.31
AMZN,2025-04-28 00:00:00-04:00,190.11000061035156,190.22000122070312,184.88999938964844,187.6999969482422,33224700.0,0.0,0.0,-0.68
AMZN,2025-04-29 00:00:00-04:00,183.99000549316406,188.02000427246094,183.67999267578125,187.38999938964844,41667300.0,0.0,0.0,-0.17
AMZN,2025-04-30 00:00:00-04:00,182.1699981689453,185.0500030517578,178.85000610351562,184.4199981689453,55176500.0,0.0,0.0,-1.58
AMZN,2025-05-01 00:00:00-04:00,190.6300048828125,191.80999755859375,187.5,190.1999969482422,74266000.0,0.0,0.0,3.13
AMZN,2025-05-02 00:00:00-04:00,191.44000244140625,192.8800048828125,186.39999389648438,189.97999572753906,77903500.0,0.0,0.0,-0.12
AMZN,2025-05-05 00:00:00-04:00,186.50999450683594,188.17999267578125,185.52999877929688,186.35000610351562,35217500.0,0.0,0.0,-1.91
AMZN,2025-05-06 00:00:00-04:00,184.57000732421875,187.92999267578125,183.85000610351562,185.00999450683594,29314100.0,0.0,0.0,-0.72
AMZN,2025-05-07 00:00:00-04:00,185.55999755859375,190.99000549316406,185.00999450683594,188.7100067138672,43948600.0,0.0,0.0,2.0
AMZN,2025-05-08 00:00:00-04:00,191.42999267578125,194.3300018310547,188.82000732421875,192.0800018310547,41043600.0,0.0,0.0,1.79
AMZN,2025-05-09 00:00:00-04:00,193.3800048828125,194.69000244140625,191.16000366210938,193.05999755859375,29663100.0,0.0,0.0,0.51
AMZN,2025-05-12 00:00:00-04:00,210.7100067138672,211.66000366210938,205.75,208.63999938964844,75205000.0,0.0,0.0,8.07
AMZN,2025-05-13 00:00:00-04:00,211.0800018310547,214.83999633789062,210.10000610351562,211.3699951171875,56193700.0,0.0,0.0,1.31
AMZN,2025-05-14 00:00:00-04:00,211.4499969482422,211.92999267578125,208.85000610351562,210.25,38492100.0,0.0,0.0,-0.53
AMZN,2025-05-15 00:00:00-04:00,206.4499969482422,206.8800048828125,202.6699981689453,205.1699981689453,64347300.0,0.0,0.0,-2.42
AMZN,2025-05-16 00:00:00-04:00,206.85000610351562,206.85000610351562,204.3699951171875,205.58999633789062,43318500.0,0.0,0.0,0.2
AMZN,2025-05-19 00:00:00-04:00,201.64999389648438,206.6199951171875,201.25999450683594,206.16000366210938,34314800.0,0.0,0.0,0.28
AMZN,2025-05-20 00:00:00-04:00,204.6300048828125,205.58999633789062,202.64999389648438,204.07000732421875,29470400.0,0.0,0.0,-1.01
AMZN,2025-05-21 00:00:00-04:00,201.61000061035156,203.4600067138672,200.05999755859375,201.1199951171875,42460900.0,0.0,0.0,-1.45
AMZN,2025-05-22 00:00:00-04:00,201.3800048828125,205.75999450683594,200.16000366210938,203.10000610351562,38938900.0,0.0,0.0,0.98
AMZN,2025-05-23 00:00:00-04:00,198.89999389648438,202.3699951171875,197.85000610351562,200.99000549316406,33393500.0,0.0,0.0,-1.04
AMZN,2025-05-27 00:00:00-04:00,203.08999633789062,206.69000244140625,202.19000244140625,206.02000427246094,34892000.0,0.0,0.0,2.5
AMZN,2025-05-28 00:00:00-04:00,205.9199981689453,207.66000366210938,204.41000366210938,204.72000122070312,28549800.0,0.0,0.0,-0.63
AMZN,2025-05-29 00:00:00-04:00,208.02999877929688,208.80999755859375,204.22999572753906,205.6999969482422,34650000.0,0.0,0.0,0.48
AMZN,2025-05-30 00:00:00-04:00,204.83999633789062,205.99000549316406,201.6999969482422,205.00999450683594,51679400.0,0.0,0.0,-0.34
AMZN,2025-06-02 00:00:00-04:00,204.97999572753906,207.0,202.67999267578125,206.64999389648438,29113300.0,0.0,0.0,0.8
AMZN,2025-06-03 00:00:00-04:00,207.11000061035156,208.9499969482422,205.02999877929688,205.7100067138672,33139100.0,0.0,0.0,-0.45
AMZN,2025-06-04 00:00:00-04:00,206.5500030517578,208.17999267578125,205.17999267578125,207.22999572753906,29915600.0,0.0,0.0,0.74
AMZN,2025-06-05 00:00:00-04:00,209.5500030517578,212.80999755859375,207.55999755859375,207.91000366210938,51864200.0,0.0,0.0,0.33
AMZN,2025-06-06 00:00:00-04:00,212.39999389648438,213.8699951171875,210.5,213.57000732421875,39832500.0,0.0,0.0,2.72
AMZN,2025-06-09 00:00:00-04:00,214.75,217.85000610351562,212.8800048828125,216.97999572753906,38102500.0,0.0,0.0,1.6
AMZN,2025-06-10 00:00:00-04:00,216.77999877929688,217.69000244140625,214.14999389648438,217.61000061035156,31303300.0,0.0,0.0,0.29
AMZN,2025-06-11 00:00:00-04:00,217.41000366210938,218.39999389648438,212.88999938964844,213.1999969482422,39326000.0,0.0,0.0,-2.03
AMZN,2025-06-12 00:00:00-04:00,211.77999877929688,213.5800018310547,211.3300018310547,213.24000549316406,27640000.0,0.0,0.0,0.02
AMZN,2025-06-13 00:00:00-04:00,209.9600067138672,214.0500030517578,209.6199951171875,212.10000610351562,29337800.0,0.0,0.0,-0.53
AMZN,2025-06-16 00:00:00-04:00,212.30999755859375,217.05999755859375,211.60000610351562,216.10000610351562,33284200.0,0.0,0.0,1.89
AMZN,2025-06-17 00:00:00-04:00,215.1999969482422,217.41000366210938,214.55999755859375,214.82000732421875,32086300.0,0.0,0.0,-0.59
AMZN,2025-06-18 00:00:00-04:00,215.08999633789062,217.9600067138672,212.33999633789062,212.52000427246094,44360500.0,0.0,0.0,-1.07
AMZN,2025-06-20 00:00:00-04:00,214.67999267578125,214.88999938964844,208.27000427246094,209.69000244140625,75350700.0,0.0,0.0,-1.33
AMZN,2025-06-23 00:00:00-04:00,209.7899932861328,210.38999938964844,207.30999755859375,208.47000122070312,37311700.0,0.0,0.0,-0.58
AMZN,2025-06-24 00:00:00-04:00,212.13999938964844,214.33999633789062,211.0500030517578,212.77000427246094,38378800.0,0.0,0.0,2.06
AMZN,2025-06-25 00:00:00-04:00,214.6199951171875,216.02999877929688,211.11000061035156,211.99000549316406,31755700.0,0.0,0.0,-0.37
AMZN,2025-06-26 00:00:00-04:00,213.1199951171875,218.0399932861328,212.00999450683594,217.1199951171875,50480800.0,0.0,0.0,2.42
AMZN,2025-06-27 00:00:00-04:00,219.9199981689453,223.3000030517578,216.74000549316406,223.3000030517578,119217100.0,0.0,0.0,2.85
AMZN,2025-06-30 00:00:00-04:00,223.52000427246094,223.82000732421875,219.1199951171875,219.38999938964844,58887800.0,0.0,0.0,-1.75
AMZN,2025-07-01 00:00:00-04:00,219.5,221.8800048828125,217.92999267578125,220.4600067138672,39256800.0,0.0,0.0,0.49
AMZN,2025-07-02 00:00:00-04:00,219.72999572753906,221.60000610351562,219.05999755859375,219.9199981689453,30894200.0,0.0,0.0,-0.24
AMZN,2025-07-03 00:00:00-04:00,221.82000732421875,224.00999450683594,221.36000061035156,223.41000366210938,29632400.0,0.0,0.0,1.59
AMZN,2025-07-07 00:00:00-04:00,223.0,224.2899932861328,222.3699951171875,223.47000122070312,36604100.0,0.0,0.0,0.03
AMZN,2025-07-08 00:00:00-04:00,223.9199981689453,224.0,218.42999267578125,219.36000061035156,45692000.0,0.0,0.0,-1.84
AMZN,2025-07-09 00:00:00-04:00,221.07000732421875,224.2899932861328,220.47000122070312,222.5399932861328,38155100.0,0.0,0.0,1.45
AMZN,2025-07-10 00:00:00-04:00,221.5500030517578,222.7899932861328,219.6999969482422,222.25999450683594,30370600.0,0.0,0.0,-0.13
AMZN,2025-07-11 00:00:00-04:00,223.5800018310547,226.67999267578125,222.3699951171875,225.02000427246094,50518300.0,0.0,0.0,1.24
AMZN,2025-07-14 00:00:00-04:00,225.07000732421875,226.66000366210938,224.24000549316406,225.69000244140625,35702600.0,0.0,0.0,0.3
AMZN,2025-07-15 00:00:00-04:00,226.1999969482422,227.27000427246094,225.4600067138672,226.35000610351562,34907300.0,0.0,0.0,0.29
AMZN,2025-07-16 00:00:00-04:00,225.8800048828125,226.10000610351562,222.17999267578125,223.19000244140625,39535900.0,0.0,0.0,-1.4
AMZN,2025-07-17 00:00:00-04:00,223.32000732421875,224.5,222.50999450683594,223.8800048828125,31855800.0,0.0,0.0,0.31
AMZN,2025-07-18 00:00:00-04:00,225.13999938964844,226.39999389648438,222.97999572753906,226.1300048828125,37833800.0,0.0,0.0,1.01
AMZN,2025-07-21 00:00:00-04:00,225.83999633789062,229.69000244140625,225.64999389648438,229.3000030517578,40297600.0,0.0,0.0,1.4
AMZN,2025-07-22 00:00:00-04:00,229.67999267578125,230.0,226.35000610351562,227.47000122070312,37483700.0,0.0,0.0,-0.8
AMZN,2025-07-23 00:00:00-04:00,228.47000122070312,228.7899932861328,227.08999633789062,228.2899932861328,28294900.0,0.0,0.0,0.36
AMZN,2025-07-24 00:00:00-04:00,229.1699981689453,236.0,228.63999938964844,232.22999572753906,42902300.0,0.0,0.0,1.73
AMZN,2025-07-25 00:00:00-04:00,232.22000122070312,232.47999572753906,231.17999267578125,231.44000244140625,28712100.0,0.0,0.0,-0.34
AMZN,2025-07-28 00:00:00-04:00,233.35000610351562,234.2899932861328,232.25,232.7899932861328,26300100.0,0.0,0.0,0.58
AMZN,2025-07-29 00:00:00-04:00,234.14999389648438,234.72000122070312,230.30999755859375,231.00999450683594,33716200.0,0.0,0.0,-0.76
AMZN,2025-07-30 00:00:00-04:00,231.63999938964844,231.8000030517578,229.2899932861328,230.19000244140625,32993300.0,0.0,0.0,-0.35
AMZN,2025-07-31 00:00:00-04:00,235.77000427246094,236.52999877929688,231.39999389648438,234.11000061035156,104357300.0,0.0,0.0,1.7
AMZN,2025-08-01 00:00:00-04:00,217.2100067138672,220.44000244140625,212.8000030517578,214.75,122258800.0,0.0,0.0,-8.27
AMZN,2025-08-04 00:00:00-04:00,217.39999389648438,217.44000244140625,211.4199981689453,211.64999389648438,77890100.0,0.0,0.0,-1.44
AMZN,2025-08-05 00:00:00-04:00,213.0500030517578,216.3000030517578,212.8699951171875,213.75,51505100.0,0.0,0.0,0.99
AMZN,2025-08-06 00:00:00-04:00,214.6999969482422,222.64999389648438,213.74000549316406,222.30999755859375,54823000.0,0.0,0.0,4.0
AMZN,2025-08-07 00:00:00-04:00,221.0,226.22000122070312,220.82000732421875,223.1300048828125,40603500.0,0.0,0.0,0.37
AMZN,2025-08-08 00:00:00-04:00,223.13999938964844,223.8000030517578,221.8800048828125,222.69000244140625,32970500.0,0.0,0.0,-0.2
AMZN,2025-08-11 00:00:00-04:00,221.77999877929688,223.0500030517578,220.39999389648438,221.3000030517578,31646200.0,0.0,0.0,-0.62
AMZN,2025-08-12 00:00:00-04:00,222.22999572753906,223.5,219.0500030517578,221.47000122070312,37185800.0,0.0,0.0,0.08
AMZN,2025-08-13 00:00:00-04:00,222.0,224.9199981689453,222.0,224.55999755859375,36508300.0,0.0,0.0,1.4
AMZN,2025-08-14 00:00:00-04:00,227.39999389648438,233.11000061035156,227.02000427246094,230.97999572753906,61545800.0,0.0,0.0,2.86
AMZN,2025-08-15 00:00:00-04:00,232.5800018310547,234.0800018310547,229.80999755859375,231.02999877929688,39649200.0,0.0,0.0,0.02
AMZN,2025-08-18 00:00:00-04:00,230.22999572753906,231.91000366210938,228.3300018310547,231.49000549316406,25248900.0,0.0,0.0,0.2
AMZN,2025-08-19 00:00:00-04:00,230.08999633789062,230.52999877929688,227.1199951171875,228.00999450683594,29891000.0,0.0,0.0,-1.5
AMZN,2025-08-20 00:00:00-04:00,227.1199951171875,227.27000427246094,220.9199981689453,223.80999755859375,36604300.0,0.0,0.0,-1.84
AMZN,2025-08-21 00:00:00-04:00,222.64999389648438,222.77999877929688,220.5,221.9499969482422,32140500.0,0.0,0.0,-0.83
AMZN,2025-08-22 00:00:00-04:00,222.7899932861328,229.13999938964844,220.82000732421875,228.83999633789062,37315300.0,0.0,0.0,3.1
AMZN,2025-08-25 00:00:00-04:00,227.35000610351562,229.60000610351562,227.30999755859375,227.94000244140625,22633700.0,0.0,0.0,-0.39
AMZN,2025-08-26 00:00:00-04:00,227.11000061035156,229.0,226.02000427246094,228.7100067138672,26105400.0,0.0,0.0,0.34
AMZN,2025-08-27 00:00:00-04:00,228.57000732421875,229.8699951171875,227.80999755859375,229.1199951171875,21254500.0,0.0,0.0,0.18
AMZN,2025-08-28 00:00:00-04:00,229.00999450683594,232.7100067138672,228.02000427246094,231.60000610351562,33679600.0,0.0,0.0,1.08
AMZN,2025-08-29 00:00:00-04:00,231.32000732421875,231.80999755859375,228.16000366210938,229.0,26199200.0,0.0,0.0,-1.12
AMZN,2025-09-02 00:00:00-04:00,223.52000427246094,226.1699981689453,221.8300018310547,225.33999633789062,38843900.0,0.0,0.0,-1.6
AMZN,2025-09-03 00:00:00-04:00,225.2100067138672,227.1699981689453,224.36000061035156,225.99000549316406,29223100.0,0.0,0.0,0.29
AMZN,2025-09-04 00:00:00-04:00,231.19000244140625,235.77000427246094,230.77999877929688,235.67999267578125,59391800.0,0.0,0.0,4.29
AMZN,2025-09-05 00:00:00-04:00,235.19000244140625,236.0,231.92999267578125,232.3300018310547,36721800.0,0.0,0.0,-1.42
AMZN,2025-09-08 00:00:00-04:00,234.94000244140625,237.60000610351562,233.75,235.83999633789062,33947100.0,0.0,0.0,1.51
AMZN,2025-09-09 00:00:00-04:00,236.36000061035156,238.85000610351562,235.0800018310547,238.24000549316406,27033800.0,0.0,0.0,1.02
AMZN,2025-09-10 00:00:00-04:00,237.52000427246094,237.67999267578125,229.10000610351562,230.3300018310547,60907700.0,0.0,0.0,-3.32
AMZN,2025-09-11 00:00:00-04:00,231.49000549316406,231.52999877929688,229.33999633789062,229.9499969482422,37485600.0,0.0,0.0,-0.16
AMZN,2025-09-12 00:00:00-04:00,230.35000610351562,230.7899932861328,226.2899932861328,228.14999389648438,38496200.0,0.0,0.0,-0.78
AMZN,2025-09-15 00:00:00-04:00,230.6300048828125,233.72999572753906,230.32000732421875,231.42999267578125,33243300.0,0.0,0.0,1.44
AMZN,2025-09-16 00:00:00-04:00,232.94000244140625,235.89999389648438,232.22999572753906,234.0500030517578,38203900.0,0.0,0.0,1.13
AMZN,2025-09-17 00:00:00-04:00,233.77000427246094,234.3000030517578,228.7100067138672,231.6199951171875,42815200.0,0.0,0.0,-1.04
AMZN,2025-09-18 00:00:00-04:00,232.5,233.47999572753906,228.7899932861328,231.22999572753906,37931700.0,0.0,0.0,-0.17
AMZN,2025-09-19 00:00:00-04:00,232.3699951171875,234.16000366210938,229.6999969482422,231.47999572753906,97943200.0,0.0,0.0,0.11
AMZN,2025-09-22 00:00:00-04:00,230.55999755859375,230.57000732421875,227.50999450683594,227.6300048828125,45914500.0,0.0,0.0,-1.66
AMZN,2025-09-23 00:00:00-04:00,227.8300018310547,227.86000061035156,220.07000732421875,220.7100067138672,70956200.0,0.0,0.0,-3.04
AMZN,2025-09-24 00:00:00-04:00,224.14999389648438,224.55999755859375,219.4499969482422,220.2100067138672,49509000.0,0.0,0.0,-0.23
AMZN,2025-09-25 00:00:00-04:00,220.05999755859375,220.6699981689453,216.47000122070312,218.14999389648438,52226300.0,0.0,0.0,-0.94
AMZN,2025-09-26 00:00:00-04:00,219.0800018310547,221.0500030517578,218.02000427246094,219.77999877929688,41650100.0,0.0,0.0,0.75
AMZN,2025-09-29 00:00:00-04:00,220.0800018310547,222.60000610351562,219.3000030517578,222.1699981689453,44259200.0,0.0,0.0,1.09
AMZN,2025-09-30 00:00:00-04:00,222.02999877929688,222.24000549316406,217.88999938964844,219.57000732421875,48396400.0,0.0,0.0,-1.17
AMZN,2025-10-01 00:00:00-04:00,217.36000061035156,222.14999389648438,216.61000061035156,220.6300048828125,43933800.0,0.0,0.0,0.48
AMZN,2025-10-02 00:00:00-04:00,221.00999450683594,222.80999755859375,218.9499969482422,222.41000366210938,41258600.0,0.0,0.0,0.81
AMZN,2025-10-03 00:00:00-04:00,223.44000244140625,224.1999969482422,219.33999633789062,219.50999450683594,43639000.0,0.0,0.0,-1.3
AMZN,2025-10-06 00:00:00-04:00,221.0,221.72999572753906,216.02999877929688,220.89999389648438,43690900.0,0.0,0.0,0.63
AMZN,2025-10-07 00:00:00-04:00,220.8800048828125,222.88999938964844,220.1699981689453,221.77999877929688,31194700.0,0.0,0.0,0.4
AMZN,2025-10-08 00:00:00-04:00,222.9199981689453,226.72999572753906,221.19000244140625,225.22000122070312,46686000.0,0.0,0.0,1.55
AMZN,2025-10-09 00:00:00-04:00,225.0,228.2100067138672,221.75,227.74000549316406,46412100.0,0.0,0.0,1.12
AMZN,2025-10-10 00:00:00-04:00,226.2100067138672,228.25,216.0,216.3699951171875,72367500.0,0.0,0.0,-4.99
AMZN,2025-10-13 00:00:00-04:00,217.6999969482422,220.67999267578125,217.0399932861328,220.07000732421875,37809700.0,0.0,0.0,1.71
AMZN,2025-10-14 00:00:00-04:00,215.55999755859375,219.32000732421875,212.60000610351562,216.38999938964844,45665600.0,0.0,0.0,-1.67
AMZN,2025-10-15 00:00:00-04:00,216.6199951171875,217.7100067138672,212.66000366210938,215.57000732421875,45909500.0,0.0,0.0,-0.38
AMZN,2025-10-16 00:00:00-04:00,215.6699981689453,218.58999633789062,212.80999755859375,214.47000122070312,42414600.0,0.0,0.0,-0.51
AMZN,2025-10-17 00:00:00-04:00,214.55999755859375,214.8000030517578,211.02999877929688,213.0399932861328,45986900.0,0.0,0.0,-0.67
AMZN,2025-10-20 00:00:00-04:00,213.8800048828125,216.69000244140625,213.58999633789062,216.47999572753906,38882800.0,0.0,0.0,1.61
AMZN,2025-10-21 00:00:00-04:00,218.42999267578125,223.32000732421875,217.99000549316406,222.02999877929688,50494600.0,0.0,0.0,2.56
AMZN,2025-10-22 00:00:00-04:00,219.3000030517578,220.00999450683594,216.52000427246094,217.9499969482422,44308500.0,0.0,0.0,-1.84
AMZN,2025-10-23 00:00:00-04:00,219.0,221.3000030517578,218.17999267578125,221.08999633789062,31540000.0,0.0,0.0,1.44
AMZN,2025-10-24 00:00:00-04:00,221.97000122070312,225.39999389648438,221.89999389648438,224.2100067138672,38685100.0,0.0,0.0,1.41
AMZN,2025-10-27 00:00:00-04:00,227.66000366210938,228.39999389648438,225.5399932861328,226.97000122070312,38267000.0,0.0,0.0,1.23
AMZN,2025-10-28 00:00:00-04:00,228.22000122070312,231.49000549316406,226.2100067138672,229.25,47100000.0,0.0,0.0,1.0
AMZN,2025-10-29 00:00:00-04:00,231.6699981689453,232.82000732421875,227.75999450683594,230.3000030517578,52036200.0,0.0,0.0,0.46
AMZN,2025-10-30 00:00:00-04:00,227.05999755859375,228.44000244140625,222.75,222.86000061035156,102252900.0,0.0,0.0,-3.23
AMZN,2025-10-31 00:00:00-04:00,250.10000610351562,250.5,243.97999572753906,244.22000122070312,166340800.0,0.0,0.0,9.58
AMZN,2025-11-03 00:00:00-05:00,255.36000061035156,258.6000061035156,252.89999389648438,254.0,95997800.0,0.0,0.0,4.0
AMZN,2025-11-04 00:00:00-05:00,250.3800048828125,257.010009765625,248.66000366210938,249.32000732421875,51546300.0,0.0,0.0,-1.84
AMZN,2025-11-05 00:00:00-05:00,249.02999877929688,251.0,246.16000366210938,250.1999969482422,40610700.0,0.0,0.0,0.35
AMZN,2025-11-06 00:00:00-05:00,249.16000366210938,250.3800048828125,242.1699981689453,243.0399932861328,46004200.0,0.0,0.0,-2.86
AMZN,2025-11-07 00:00:00-05:00,242.89999389648438,244.89999389648438,238.49000549316406,244.41000366210938,46374300.0,0.0,0.0,0.56
AMZN,2025-11-10 00:00:00-05:00,248.33999633789062,251.75,245.58999633789062,248.39999389648438,36476500.0,0.0,0.0,1.63
AMZN,2025-11-11 00:00:00-05:00,248.41000366210938,249.75,247.22999572753906,249.10000610351562,23564100.0,0.0,0.0,0.28
AMZN,2025-11-12 00:00:00-05:00,250.24000549316406,250.3699951171875,243.75,244.1999969482422,31190100.0,0.0,0.0,-1.97
AMZN,2025-11-13 00:00:00-05:00,243.0500030517578,243.75,236.5,237.5800018310547,41401700.0,0.0,0.0,-2.71
AMZN,2025-11-14 00:00:00-05:00,235.05999755859375,238.72999572753906,232.88999938964844,234.69000244140625,38956700.0,0.0,0.0,-1.22
AMZN,2025-11-17 00:00:00-05:00,233.25,234.60000610351562,229.19000244140625,232.8699951171875,59919000.0,0.0,0.0,-0.78
AMZN,2025-11-18 00:00:00-05:00,228.10000610351562,230.1999969482422,222.4199981689453,222.5500030517578,60608400.0,0.0,0.0,-4.43
AMZN,2025-11-19 00:00:00-05:00,223.74000549316406,223.74000549316406,218.52000427246094,222.69000244140625,58335600.0,0.0,0.0,0.06
AMZN,2025-11-20 00:00:00-05:00,227.0500030517578,227.41000366210938,216.74000549316406,217.13999938964844,50309000.0,0.0,0.0,-2.49
AMZN,2025-11-21 00:00:00-05:00,216.35000610351562,222.2100067138672,215.17999267578125,220.69000244140625,68490500.0,0.0,0.0,1.63
AMZN,2025-11-24 00:00:00-05:00,222.55999755859375,227.3300018310547,222.27000427246094,226.27999877929688,54318400.0,0.0,0.0,2.53
AMZN,2025-11-25 00:00:00-05:00,226.3800048828125,230.52000427246094,223.8000030517578,229.6699981689453,39379300.0,0.0,0.0,1.5
AMZN,2025-11-26 00:00:00-05:00,230.74000549316406,231.75,228.77000427246094,229.16000366210938,38497900.0,0.0,0.0,-0.22
AMZN,2025-11-28 00:00:00-05:00,231.24000549316406,233.2899932861328,230.22000122070312,233.22000122070312,20292300.0,0.0,0.0,1.77
AMZN,2025-12-01 00:00:00-05:00,233.22000122070312,235.8000030517578,232.25,233.8800048828125,42904000.0,0.0,0.0,0.28
AMZN,2025-12-02 00:00:00-05:00,235.00999450683594,238.97000122070312,233.5500030517578,234.4199981689453,45785400.0,0.0,0.0,0.23
AMZN,2025-12-03 00:00:00-05:00,233.35000610351562,233.3800048828125,230.61000061035156,232.3800048828125,35495100.0,0.0,0.0,-0.87
AMZN,2025-12-04 00:00:00-05:00,232.77000427246094,233.5,226.8000030517578,229.11000061035156,45683200.0,0.0,0.0,-1.41
AMZN,2025-12-05 00:00:00-05:00,230.32000732421875,231.24000549316406,228.5500030517578,229.52999877929688,33117400.0,0.0,0.0,0.18
AMZN,2025-12-08 00:00:00-05:00,229.58999633789062,230.8300018310547,226.27000427246094,226.88999938964844,35019200.0,0.0,0.0,-1.15
AMZN,2025-12-09 00:00:00-05:00,226.83999633789062,228.57000732421875,225.11000061035156,227.9199981689453,25841700.0,0.0,0.0,0.45
AMZN,2025-12-10 00:00:00-05:00,228.80999755859375,232.4199981689453,228.4600067138672,231.77999877929688,38790700.0,0.0,0.0,1.69
AMZN,2025-12-11 00:00:00-05:00,230.7100067138672,232.11000061035156,228.69000244140625,230.27999877929688,28249600.0,0.0,0.0,-0.65
AMZN,2025-12-12 00:00:00-05:00,229.8699951171875,230.0800018310547,225.1199951171875,226.19000244140625,35639100.0,0.0,0.0,-1.78
AMZN,2025-12-15 00:00:00-05:00,227.92999267578125,227.92999267578125,221.5,222.5399932861328,47286100.0,0.0,0.0,-1.61
AMZN,2025-12-16 00:00:00-05:00,223.0399932861328,223.66000366210938,221.1300048828125,222.55999755859375,39298900.0,0.0,0.0,0.01
AMZN,2025-12-17 00:00:00-05:00,224.66000366210938,225.19000244140625,220.99000549316406,221.27000427246094,44034400.0,0.0,0.0,-0.58
AMZN,2025-12-18 00:00:00-05:00,225.7100067138672,229.22999572753906,224.41000366210938,226.75999450683594,50272400.0,0.0,0.0,2.48
AMZN,2025-12-19 00:00:00-05:00,226.75999450683594,229.1300048828125,225.5800018310547,227.35000610351562,85544400.0,0.0,0.0,0.26
AMZN,2025-12-22 00:00:00-05:00,228.61000061035156,229.47999572753906,226.7100067138672,228.42999267578125,32261300.0,0.0,0.0,0.48
AMZN,2025-12-23 00:00:00-05:00,229.05999755859375,232.4499969482422,228.72999572753906,232.13999938964844,29230200.0,0.0,0.0,1.62
AMZN,2025-12-24 00:00:00-05:00,232.1300048828125,232.9499969482422,231.3300018310547,232.3800048828125,11420500.0,0.0,0.0,0.1
AMZN,2025-12-26 00:00:00-05:00,232.0399932861328,232.99000549316406,231.17999267578125,232.52000427246094,15994700.0,0.0,0.0,0.06
AMZN,2025-12-29 00:00:00-05:00,231.94000244140625,232.60000610351562,230.77000427246094,232.07000732421875,19797900.0,0.0,0.0,-0.19
AMZN,2025-12-30 00:00:00-05:00,231.2100067138672,232.77000427246094,230.1999969482422,232.52999877929688,21910500.0,0.0,0.0,0.2
AMZN,2025-12-31 00:00:00-05:00,232.91000366210938,232.99000549316406,230.1199951171875,230.82000732421875,24383700.0,0.0,0.0,-0.74
AMZN,2026-01-02 00:00:00-05:00,231.33999633789062,235.4600067138672,224.6999969482422,226.5,51456200.0,0.0,0.0,-1.87
AMZN,2026-01-05 00:00:00-05:00,228.83999633789062,234.0,227.17999267578125,233.05999755859375,49733300.0,0.0,0.0,2.9
AMZN,2026-01-06 00:00:00-05:00,232.10000610351562,243.17999267578125,232.07000732421875,240.92999267578125,53764700.0,0.0,0.0,3.38
AMZN,2026-01-07 00:00:00-05:00,239.61000061035156,245.2899932861328,239.52000427246094,241.55999755859375,42236500.0,0.0,0.0,0.26
AMZN,2026-01-08 00:00:00-05:00,243.05999755859375,246.41000366210938,241.8800048828125,246.2899932861328,39509800.0,0.0,0.0,1.96
AMZN,2026-01-09 00:00:00-05:00,244.57000732421875,247.86000061035156,242.24000549316406,247.3800048828125,34560000.0,0.0,0.0,0.44
AMZN,2026-01-12 00:00:00-05:00,246.72999572753906,248.94000244140625,245.9600067138672,246.47000122070312,35867800.0,0.0,0.0,-0.37
AMZN,2026-01-13 00:00:00-05:00,246.52999877929688,247.66000366210938,240.25,242.60000610351562,38371800.0,0.0,0.0,-1.57
AMZN,2026-01-14 00:00:00-05:00,241.14999389648438,241.27999877929688,236.22000122070312,236.64999389648438,41410600.0,0.0,0.0,-2.45
AMZN,2026-01-15 00:00:00-05:00,239.30999755859375,240.64999389648438,236.6300048828125,238.17999267578125,43003600.0,0.0,0.0,0.65
AMZN,2026-01-16 00:00:00-05:00,239.08999633789062,239.57000732421875,236.41000366210938,239.1199951171875,45888300.0,0.0,0.0,0.39
AMZN,2026-01-20 00:00:00-05:00,233.75999450683594,235.08999633789062,229.33999633789062,231.0,47737900.0,0.0,0.0,-3.4
AMZN,2026-01-21 00:00:00-05:00,231.08999633789062,232.3000030517578,226.8800048828125,231.30999755859375,47276100.0,0.0,0.0,0.13
AMZN,2026-01-22 00:00:00-05:00,234.0500030517578,235.72000122070312,230.89999389648438,234.33999633789062,31913300.0,0.0,0.0,1.31
AMZN,2026-01-23 00:00:00-05:00,234.9600067138672,240.4499969482422,234.57000732421875,239.16000366210938,33778500.0,0.0,0.0,2.06
AMZN,2026-01-26 00:00:00-05:00,239.97999572753906,240.9499969482422,237.5399932861328,238.4199981689453,32825500.0,0.0,0.0,-0.31
AMZN,2026-01-27 00:00:00-05:00,239.69000244140625,244.8800048828125,238.0800018310547,244.67999267578125,38029200.0,0.0,0.0,2.63
AMZN,2026-01-28 00:00:00-05:00,246.3699951171875,247.77999877929688,241.52999877929688,243.00999450683594,40882700.0,0.0,0.0,-0.68
AMZN,2026-01-29 00:00:00-05:00,242.82000732421875,243.0,236.74000549316406,241.72999572753906,47229600.0,0.0,0.0,-0.53
AMZN,2026-01-30 00:00:00-05:00,239.88999938964844,243.32000732421875,237.63999938964844,239.3000030517578,46585000.0,0.0,0.0,-1.01
AMZN,2026-02-02 00:00:00-05:00,238.30999755859375,245.6300048828125,238.1699981689453,242.9600067138672,37546100.0,0.0,0.0,1.53
AMZN,2026-02-03 00:00:00-05:00,244.97999572753906,246.35000610351562,235.4499969482422,238.6199951171875,53831300.0,0.0,0.0,-1.79
AMZN,2026-02-04 00:00:00-05:00,238.86000061035156,238.86000061035156,231.82000732421875,232.99000549316406,51299900.0,0.0,0.0,-2.36
AMZN,2026-02-05 00:00:00-05:00,224.91000366210938,226.30999755859375,220.3800048828125,222.69000244140625,103509200.0,0.0,0.0,-4.42
AMZN,2026-02-06 00:00:00-05:00,202.6999969482422,211.44000244140625,200.30999755859375,210.32000732421875,179210900.0,0.0,0.0,-5.55
AMZN,2026-02-09 00:00:00-05:00,208.97000122070312,212.80999755859375,203.35000610351562,208.72000122070312,91178400.0,0.0,0.0,-0.76
AMZN,2026-02-10 00:00:00-05:00,208.8000030517578,212.64999389648438,206.41000366210938,206.9600067138672,67175000.0,0.0,0.0,-0.84
AMZN,2026-02-11 00:00:00-05:00,208.05999755859375,208.57000732421875,202.49000549316406,204.0800018310547,65545500.0,0.0,0.0,-1.39
AMZN,2026-02-12 00:00:00-05:00,203.9600067138672,203.9600067138672,197.55999755859375,199.60000610351562,83975400.0,0.0,0.0,-2.2
AMZN,2026-02-13 00:00:00-05:00,198.8800048828125,201.16000366210938,197.27999877929688,198.7899932861328,66321600.0,0.0,0.0,-0.41
AMZN,2026-02-17 00:00:00-05:00,198.1300048828125,201.74000549316406,196.0,201.14999389648438,69879200.0,0.0,0.0,1.19
AMZN,2026-02-18 00:00:00-05:00,202.07000732421875,206.86000061035156,201.50999450683594,204.7899932861328,51003300.0,0.0,0.0,1.81
AMZN,2026-02-19 00:00:00-05:00,203.8000030517578,205.63999938964844,202.80999755859375,204.86000061035156,35669600.0,0.0,0.0,0.03
AMZN,2026-02-20 00:00:00-05:00,204.75999450683594,211.1699981689453,203.75,210.11000061035156,65881600.0,0.0,0.0,2.56
AMZN,2026-02-23 00:00:00-05:00,208.10000610351562,208.42999267578125,203.11000061035156,205.27000427246094,53581500.0,0.0,0.0,-2.3
AMZN,2026-02-24 00:00:00-05:00,205.47000122070312,210.36000061035156,203.25,208.55999755859375,41137200.0,0.0,0.0,1.6
AMZN,2026-02-25 00:00:00-05:00,210.4600067138672,211.58999633789062,208.92999267578125,210.63999938964844,41346400.0,0.0,0.0,1.0
AMZN,2026-02-26 00:00:00-05:00,210.72999572753906,211.0500030517578,205.35000610351562,207.9199981689453,47756800.0,0.0,0.0,-1.29
AMZN,2026-02-27 00:00:00-05:00,206.8300018310547,210.3300018310547,205.1999969482422,210.0,57422800.0,0.0,0.0,1.0
AMZN,2026-03-02 00:00:00-05:00,204.5500030517578,209.72999572753906,203.4600067138672,208.38999938964844,46001000.0,0.0,0.0,-0.77
AMZN,2026-03-03 00:00:00-05:00,203.10000610351562,209.17999267578125,202.47999572753906,208.72999572753906,43184900.0,0.0,0.0,0.16
AMZN,2026-03-04 00:00:00-05:00,210.47000122070312,217.5399932861328,210.14999389648438,216.82000732421875,54731100.0,0.0,0.0,3.88
AMZN,2026-03-05 00:00:00-05:00,215.97999572753906,220.47000122070312,215.58999633789062,218.94000244140625,60943400.0,0.0,0.0,0.98
AMZN,2026-03-06 00:00:00-05:00,214.99000549316406,217.32000732421875,212.52999877929688,213.2100067138672,51152700.0,0.0,0.0,-2.62
AMZN,2026-03-09 00:00:00-04:00,210.4499969482422,213.82000732421875,207.11000061035156,213.49000549316406,54642900.0,0.0,0.0,0.13
AMZN,2026-03-10 00:00:00-04:00,214.19000244140625,215.64999389648438,212.42999267578125,214.3300018310547,35678800.0,0.0,0.0,0.39
AMZN,2026-03-11 00:00:00-04:00,215.7100067138672,217.0,211.35000610351562,212.64999389648438,34199300.0,0.0,0.0,-0.78
AMZN,2026-03-12 00:00:00-04:00,210.38999938964844,211.7100067138672,208.14999389648438,209.52999877929688,44349500.0,0.0,0.0,-1.47
AMZN,2026-03-13 00:00:00-04:00,209.61000061035156,210.55999755859375,206.22000122070312,207.6699981689453,35662100.0,0.0,0.0,-0.89
AMZN,2026-03-16 00:00:00-04:00,208.35000610351562,212.72000122070312,207.4499969482422,211.74000549316406,42209300.0,0.0,0.0,1.96
AMZN,2026-03-17 00:00:00-04:00,212.82000732421875,215.6999969482422,212.42999267578125,215.1999969482422,44969900.0,0.0,0.0,1.63
AMZN,2026-03-18 00:00:00-04:00,213.92999267578125,215.13999938964844,208.8300018310547,209.8699951171875,37846600.0,0.0,0.0,-2.48
AMZN,2026-03-19 00:00:00-04:00,207.05999755859375,209.1199951171875,206.0500030517578,208.75999450683594,36440600.0,0.0,0.0,-0.53
AMZN,2026-03-20 00:00:00-04:00,207.39999389648438,207.5399932861328,204.32000732421875,205.3699951171875,63694600.0,0.0,0.0,-1.62
AMZN,2026-03-23 00:00:00-04:00,209.7899932861328,212.8000030517578,209.50999450683594,210.13999938964844,44277400.0,0.0,0.0,2.32
AMZN,2026-03-24 00:00:00-04:00,207.9499969482422,209.35000610351562,206.63999938964844,207.24000549316406,35351400.0,0.0,0.0,-1.38
AMZN,2026-03-25 00:00:00-04:00,211.55999755859375,213.07000732421875,209.89999389648438,211.7100067138672,36388800.0,0.0,0.0,2.16
AMZN,2026-03-26 00:00:00-04:00,210.61000061035156,212.88999938964844,207.1199951171875,207.5399932861328,46746000.0,0.0,0.0,-1.97
AMZN,2026-03-27 00:00:00-04:00,206.4600067138672,206.60000610351562,199.13999938964844,199.33999633789062,56009800.0,0.0,0.0,-3.95
AMZN,2026-03-30 00:00:00-04:00,201.47999572753906,203.8000030517578,199.97999572753906,200.9499969482422,46373800.0,0.0,0.0,0.81
AMZN,2026-03-31 00:00:00-04:00,204.85000610351562,210.27999877929688,204.13999938964844,208.27000427246094,58470100.0,0.0,0.0,3.64
AMZN,2026-04-01 00:00:00-04:00,210.44000244140625,213.5800018310547,208.19000244140625,210.57000732421875,45955400.0,0.0,0.0,1.1
AMZN,2026-04-02 00:00:00-04:00,206.5399932861328,212.2100067138672,204.89999389648438,209.77000427246094,31453000.0,0.0,0.0,-0.38
AMZN,2026-04-06 00:00:00-04:00,209.8000030517578,212.9499969482422,209.58999633789062,212.7899932861328,25385500.0,0.0,0.0,1.44
AMZN,2026-04-07 00:00:00-04:00,211.24000549316406,213.97000122070312,209.0800018310547,213.77000427246094,28154600.0,0.0,0.0,0.46
AMZN,2026-04-08 00:00:00-04:00,223.7899932861328,226.10000610351562,219.6199951171875,221.25,51092700.0,0.0,0.0,3.5
AMZN,2026-04-09 00:00:00-04:00,225.22999572753906,233.8000030517578,223.27000427246094,233.64999389648438,65964200.0,0.0,0.0,5.6
AMZN,2026-04-10 00:00:00-04:00,235.3000030517578,240.42999267578125,235.2100067138672,238.3800048828125,56912800.0,0.0,0.0,2.02
AMZN,2026-04-13 00:00:00-04:00,237.4499969482422,240.0,235.75,239.88999938964844,42166200.0,0.0,0.0,0.63
AMZN,2026-04-14 00:00:00-04:00,241.77999877929688,252.17999267578125,241.77999877929688,249.02000427246094,72685000.0,0.0,0.0,3.81
AMZN,2026-04-15 00:00:00-04:00,249.25,250.44000244140625,247.1999969482422,248.5,43045200.0,0.0,0.0,-0.21
AMZN,2026-04-16 00:00:00-04:00,248.50999450683594,250.0,244.1999969482422,249.6999969482422,41895700.0,0.0,0.0,0.48
AMZN,2026-04-17 00:00:00-04:00,254.99000549316406,256.17999267578125,250.11000061035156,250.55999755859375,52029300.0,0.0,0.0,0.34
AMZN,2026-04-20 00:00:00-04:00,249.19000244140625,250.17999267578125,245.3699951171875,248.27999877929688,39463100.0,0.0,0.0,-0.91
AMZN,2026-04-21 00:00:00-04:00,255.08999633789062,255.08999633789062,249.10000610351562,249.91000366210938,42922400.0,0.0,0.0,0.66
AMZN,2026-04-22 00:00:00-04:00,252.44000244140625,255.94000244140625,250.3300018310547,255.36000061035156,36065100.0,0.0,0.0,2.18
AMZN,2026-04-23 00:00:00-04:00,255.38999938964844,258.7900085449219,253.07000732421875,255.0800018310547,39091400.0,0.0,0.0,-0.11
AMZN,2026-04-24 00:00:00-04:00,259.9800109863281,264.5,257.69000244140625,263.989990234375,53777400.0,0.0,0.0,3.49
AMZN,2026-04-27 00:00:00-04:00,263.4599914550781,264.1499938964844,260.3399963378906,261.1199951171875,44906800.0,0.0,0.0,-1.09
AMZN,2026-04-28 00:00:00-04:00,258.3900146484375,261.0299987792969,256.6300048828125,259.70001220703125,42204400.0,0.0,0.0,-0.54
AMZN,2026-04-29 00:00:00-04:00,257.989990234375,265.9100036621094,257.70001220703125,263.0400085449219,72367900.0,0.0,0.0,1.29
AMZN,2026-04-30 00:00:00-04:00,273.1700134277344,273.8800048828125,256.1600036621094,265.05999755859375,100974900.0,0.0,0.0,0.77
AMZN,2026-05-01 00:00:00-04:00,265.5799865722656,273.32000732421875,262.739990234375,268.260009765625,50825200.0,0.0,0.0,1.21
AMZN,2026-05-04 00:00:00-04:00,268.79998779296875,276.1000061035156,268.79998779296875,272.04998779296875,49083700.0,0.0,0.0,1.41
AMZN,2026-05-05 00:00:00-04:00,276.0799865722656,278.55999755859375,272.3800048828125,273.54998779296875,41908500.0,0.0,0.0,0.55
AMZN,2026-05-06 00:00:00-04:00,272.8900146484375,277.79998779296875,272.2099914550781,274.989990234375,44552000.0,0.0,0.0,0.53
AMZN,2026-05-07 00:00:00-04:00,275.0199890136719,276.6300048828125,270.489990234375,271.1700134277344,35892900.0,0.0,0.0,-1.39
AMZN,2026-05-08 00:00:00-04:00,271.6300048828125,274.0,269.95001220703125,272.67999267578125,34732700.0,0.0,0.0,0.56
AMZN,2026-05-11 00:00:00-04:00,269.8399963378906,273.6300048828125,268.4800109863281,268.989990234375,38176700.0,0.0,0.0,-1.35
AMZN,2026-05-12 00:00:00-04:00,266.7099914550781,267.6499938964844,262.6300048828125,265.82000732421875,36776200.0,0.0,0.0,-1.18
AMZN,2026-05-13 00:00:00-04:00,264.42999267578125,270.7200012207031,263.20001220703125,270.1300048828125,39670900.0,0.0,0.0,1.62
AMZN,2026-05-14 00:00:00-04:00,269.1499938964844,270.7799987792969,266.6300048828125,267.2200012207031,31338400.0,0.0,0.0,-1.08
AMZN,2026-05-15 00:00:00-04:00,262.5,264.3599853515625,260.8900146484375,264.1400146484375,40770300.0,0.0,0.0,-1.15
AMZN,2026-05-18 00:00:00-04:00,263.8699951171875,268.8500061035156,262.5299987792969,264.8599853515625,33690800.0,0.0,0.0,0.27
AMZN,2026-05-19 00:00:00-04:00,262.0400085449219,262.25,255.19000244140625,259.3399963378906,40340700.0,0.0,0.0,-2.08
AMZN,2026-05-20 00:00:00-04:00,260.04998779296875,265.5799865722656,259.5299987792969,265.010009765625,34933200.0,0.0,0.0,2.19
AMZN,2026-05-21 00:00:00-04:00,263.5,269.489990234375,261.3699951171875,268.4599914550781,36591700.0,0.0,0.0,1.3
AMZN,2026-05-22 00:00:00-04:00,268.6600036621094,269.7900085449219,266.239990234375,266.32000732421875,27535500.0,0.0,0.0,-0.8
AMZN,2026-05-26 00:00:00-04:00,267.94000244140625,269.29998779296875,262.07000732421875,265.2900085449219,38028100.0,0.0,0.0,-0.39
AMZN,2026-05-27 00:00:00-04:00,266.1499938964844,272.4100036621094,265.70001220703125,271.8500061035156,40061900.0,0.0,0.0,2.47
AMZN,2026-05-28 00:00:00-04:00,272.2699890136719,274.5,267.44000244140625,274.0,40630400.0,0.0,0.0,0.79
AMZN,2026-05-29 00:00:00-04:00,271.2900085449219,274.75,269.6400146484375,270.6400146484375,54749600.0,0.0,0.0,-1.23
AMZN,2026-06-01 00:00:00-04:00,266.2900085449219,266.6300048828125,260.70001220703125,261.260009765625,53604400.0,0.0,0.0,-3.47
AMZN,2026-06-02 00:00:00-04:00,257.1600036621094,261.20001220703125,254.3699951171875,256.5199890136719,41811000.0,0.0,0.0,-1.81
AMZN,2026-06-03 00:00:00-04:00,254.6999969482422,257.0899963378906,247.7100067138672,250.02000427246094,51394200.0,0.0,0.0,-2.53
AMZN,2026-06-04 00:00:00-04:00,253.1199951171875,255.8300018310547,251.75,253.7899932861328,35609800.0,0.0,0.0,1.51
AMZN,2026-06-05 00:00:00-04:00,254.25999450683594,256.3800048828125,245.77999877929688,246.02999877929688,55607800.0,0.0,0.0,-3.06
AMZN,2026-06-08 00:00:00-04:00,246.67999267578125,249.4199981689453,243.36000061035156,245.22000122070312,33899500.0,0.0,0.0,-0.33
AMZN,2026-06-09 00:00:00-04:00,247.72999572753906,250.42999267578125,240.39999389648438,244.19000244140625,44425400.0,0.0,0.0,-0.42
AMZN,2026-06-10 00:00:00-04:00,243.61000061035156,244.07000732421875,237.4499969482422,238.0,38590200.0,0.0,0.0,-2.53
AMZN,2026-06-11 00:00:00-04:00,237.92999267578125,242.13999938964844,235.17999267578125,241.50999450683594,41335400.0,0.0,0.0,1.47
AMZN,2026-06-12 00:00:00-04:00,243.2100067138672,243.36000061035156,233.58999633789062,238.5500030517578,51186600.0,0.0,0.0,-1.23
AMZN,2026-06-15 00:00:00-04:00,245.02000427246094,247.80999755859375,244.72999572753906,246.02000427246094,41711600.0,0.0,0.0,3.13
AMZN,2026-06-16 00:00:00-04:00,248.0,249.50999450683594,245.4499969482422,246.0,35187400.0,0.0,0.0,-0.01
AMZN,2026-06-17 00:00:00-04:00,244.89999389648438,245.91000366210938,236.0,237.5,44780800.0,0.0,0.0,-3.46
AMZN,2026-06-18 00:00:00-04:00,240.1199951171875,245.72999572753906,236.02000427246094,244.38999938964844,75624400.0,0.0,0.0,2.9
AMZN,2026-06-22 00:00:00-04:00,240.0800018310547,242.0,232.24000549316406,232.7899932861328,68388500.0,0.0,0.0,-4.75
AMZN,2026-06-23 00:00:00-04:00,232.5500030517578,236.8699951171875,232.0,234.11000061035156,60492600.0,0.0,0.0,0.57
AMZN,2026-06-24 00:00:00-04:00,233.85000610351562,242.4199981689453,232.9499969482422,234.27000427246094,70282600.0,0.0,0.0,0.07
AMZN,2026-06-25 00:00:00-04:00,232.02000427246094,232.32000732421875,225.5500030517578,227.00999450683594,77674100.0,0.0,0.0,-3.1
AMZN,2026-06-26 00:00:00-04:00,227.2100067138672,233.89999389648438,226.1300048828125,232.69000244140625,248372100.0,0.0,0.0,2.5
AMZN,2026-06-29 00:00:00-04:00,234.22000122070312,249.7100067138672,233.8000030517578,240.13999938964844,77619200.0,0.0,0.0,3.2
AMZN,2026-06-30 00:00:00-04:00,237.35000610351562,241.5399932861328,237.1699981689453,238.33999633789062,66228300.0,0.0,0.0,-0.75
AMZN,2026-07-01 00:00:00-04:00,239.75,244.89999389648438,234.89999389648438,241.6999969482422,53829900.0,0.0,0.0,1.41
AMZN,2026-07-02 00:00:00-04:00,241.61000061035156,246.72000122070312,241.0800018310547,242.6699981689453,48246400.0,0.0,0.0,0.4
AMZN,2026-07-06 00:00:00-04:00,243.8000030517578,246.0399932861328,240.8800048828125,244.16000366210938,40044000.0,0.0,0.0,0.61
AMZN,2026-07-07 00:00:00-04:00,246.97999572753906,248.92999267578125,242.6999969482422,245.97999572753906,40579600.0,0.0,0.0,0.75
AMZN,2026-07-08 00:00:00-04:00,244.27000427246094,244.8000030517578,240.52000427246094,243.6199951171875,29653000.0,0.0,0.0,-0.96
AMZN,2026-07-09 00:00:00-04:00,239.82000732421875,247.5,238.25,247.0399932861328,38091700.0,0.0,0.0,1.4
AMZN,2026-07-10 00:00:00-04:00,249.5500030517578,251.02999877929688,244.41000366210938,245.33999633789062,31654000.0,0.0,0.0,-0.69
AMZN,2026-07-13 00:00:00-04:00,244.67999267578125,249.64999389648438,244.17999267578125,247.30999755859375,34636100.0,0.0,0.0,0.8
AMZN,2026-07-14 00:00:00-04:00,245.5500030517578,248.55999755859375,243.8000030517578,247.49000549316406,30108100.0,0.0,0.0,0.07
AMZN,2026-07-15 00:00:00-04:00,249.75,256.4800109863281,249.75,254.9600067138672,45240600.0,0.0,0.0,3.02
AMZN,2026-07-16 00:00:00-04:00,255.1199951171875,258.0799865722656,248.0,249.88999938964844,45343700.0,0.0,0.0,-1.99
AMZN,2026-07-17 00:00:00-04:00,244.4600067138672,250.24000549316406,243.58999633789062,247.22999572753906,43572400.0,0.0,0.0,-1.06
AMZN,2026-07-20 00:00:00-04:00,248.75999450683594,252.88999938964844,248.0,249.99000549316406,32406500.0,0.0,0.0,1.12
AMZN,2026-07-21 00:00:00-04:00,249.11000061035156,249.33999633789062,246.4199981689453,247.5500030517578,27732100.0,0.0,0.0,-0.98
AMZN,2026-07-22 00:00:00-04:00,248.27000427246094,248.4499969482422,242.4499969482422,244.85000610351562,34112700.0,0.0,0.0,-1.09
AMZN,2026-07-23 00:00:00-04:00,236.25999450683594,238.35000610351562,232.0500030517578,233.66000366210938,47465300.0,0.0,0.0,-4.57
AMZN,2026-07-24 00:00:00-04:00,234.3800048828125,234.9499969482422,231.33999633789062,232.11000061035156,35017400.0,0.0,0.0,-0.66
AMZN,2026-07-27 00:00:00-04:00,235.6699981689453,235.88999938964844,230.99000549316406,231.38999938964844,34999500.0,0.0,0.0,-0.31
AMZN,2026-07-28 00:00:00-04:00,232.85000610351562,233.11000061035156,228.10000610351562,230.86000061035156,44521600.0,0.0,0.0,-0.23
AMZN,2026-07-29 00:00:00-04:00,229.32000732421875,232.82000732421875,226.16000366210938,226.64999389648438,44957500.0,0.0,0.0,-1.82
AMZN,2026-07-30 00:00:00-04:00,233.35000610351562,239.82000732421875,231.05999755859375,235.5,101839800.0,0.0,0.0,3.9
AMZN,2026-07-31 00:00:00-04:00,265.0,273.2300109863281,262.010009765625,271.5799865722656,129054800.0,0.0,0.0,15.32
AMZN,2026-08-03 00:00:00-04:00,278.2900085449219,287.20001220703125,278.0,284.0199890136719,90830200.0,0.0,0.0,4.58
AMZN,2026-08-04 00:00:00-04:00,276.05999755859375,281.07000732421875,275.82000732421875,277.4200134277344,69748100.0,0.0,0.0,-2.32
AMZN,2026-08-05 00:00:00-04:00,281.5899963378906,282.7900085449219,270.7300109863281,272.6499938964844,45119800.0,0.0,0.0,-1.72
AMZN,2026-08-06 00:00:00-04:00,272.7699890136719,275.4800109863281,271.05999755859375,272.260009765625,30672900.0,0.0,0.0,-0.14
AMZN,2026-08-07 00:00:00-04:00,272.8699951171875,278.30999755859375,272.75,274.4800109863281,33861400.0,0.0,0.0,0.82
AMZN,2026-08-10 00:00:00-04:00,274.010009765625,280.1400146484375,273.6000061035156,278.0899963378906,35731900.0,0.0,0.0,1.32
AMZN,2026-08-11 00:00:00-04:00,278.69000244140625,278.8399963378906,271.3599853515625,272.2699890136719,31895700.0,0.0,0.0,-2.09
AMZN,2026-08-12 00:00:00-04:00,273.17999267578125,273.4599914550781,267.1000061035156,267.2799987792969,29941100.0,0.0,0.0,-1.83
AMZN,2026-08-13 00:00:00-04:00,267.239990234375,269.5799865722656,264.7099914550781,265.1300048828125,32170200.0,0.0,0.0,-0.8
AMZN,2026-08-14 00:00:00-04:00,264.8800048828125,265.80999755859375,262.4200134277344,262.6499938964844,27251700.0,0.0,0.0,-0.94
AMZN,2026-08-17 00:00:00-04:00,265.44000244140625,265.75,258.3399963378906,261.30999755859375,43896500.0,0.0,0.0,-0.51
AMZN,2026-08-18 00:00:00-04:00,260.6300048828125,262.17999267578125,257.7300109863281,259.45001220703125,33171300.0,0.0,0.0,-0.71
AMZN,2026-08-19 00:00:00-04:00,260.8500061035156,266.3999938964844,258.5799865722656,265.8399963378906,35762400.0,0.0,0.0,2.46
AMZN,2026-08-20 00:00:00-04:00,263.1600036621094,263.8399963378906,259.5199890136719,260.1099853515625,28374100.0,0.0,0.0,-2.16
AMZN,2026-08-21 00:00:00-04:00,260.739990234375,261.0899963378906,257.0400085449219,258.6300048828125,35723000.0,0.0,0.0,-0.57
AMZN,2026-08-24 00:00:00-04:00,259.6000061035156,263.32000732421875,259.04998779296875,262.07000732421875,28070500.0,0.0,0.0,1.33
AMZN,2026-08-25 00:00:00-04:00,262.510009765625,263.8900146484375,259.8299865722656,261.05999755859375,25550200.0,0.0,0.0,-0.39
AMZN,2026-08-26 00:00:00-04:00,261.2799987792969,262.04998779296875,258.239990234375,260.2799987792969,21528400.0,0.0,0.0,-0.3
AMZN,2026-08-27 00:00:00-04:00,259.2300109863281,259.6600036621094,255.02000427246094,256.260009765625,35927800.0,0.0,0.0,-1.54
AMZN,2026-08-28 00:00:00-04:00,258.32000732421875,267.55999755859375,257.7799987792969,266.42999267578125,49547400.0,0.0,0.0,3.97
AMZN,2026-08-31 00:00:00-04:00,263.8299865722656,264.3599853515625,257.1199951171875,259.7699890136719,46089400.0,0.0,0.0,-2.5
AMZN,2026-09-01 00:00:00-04:00,254.8300018310547,255.82000732421875,251.92999267578125,254.9199981689453,31700100.0,0.0,0.0,-1.87
AMZN,2026-09-02 00:00:00-04:00,254.25999450683594,256.239990234375,253.39999389648438,254.97999572753906,24013300.0,0.0,0.0,0.02
AMZN,2026-09-03 00:00:00-04:00,256.20001220703125,259.5,256.0,258.8999938964844,26891500.0,0.0,0.0,1.54
AMZN,2026-09-04 00:00:00-04:00,259.07000732421875,261.1199951171875,255.2899932861328,258.510009765625,30698000.0,0.0,0.0,-0.15
GOOGL,2021-07-14 00:00:00-04:00,126.83334666215922,128.18982590812473,126.79022621114098,127.10989379882812,23742000.0,0.0,0.0,
GOOGL,2021-07-15 00:00:00-04:00,127.51827289172718,127.56881955771274,125.41789406106274,125.88871765136719,24218000.0,0.0,0.0,-0.96
GOOGL,2021-07-16 00:00:00-04:00,126.54094428345613,126.6881376328754,125.04471299684245,125.85403442382812,20424000.0,0.0,0.0,
GOOGL,2021-07-19 00:00:00-04:00,124.9812522316888,125.09573845007814,122.41946523144453,123.48303985595703,27968000.0,0.0,0.0,-1.88
GOOGL,2021-07-20 00:00:00-04:00,124.42419961251387,125.92638235763302,123.25755022531956,125.10021209716797,26312000.0,0.0,0.0,1.31
GOOGL,2021-07-21 00:00:00-04:00,125.02487717060785,126.474524368803,124.91584338583961,126.42794036865234,20746000.0,0.0,0.0,
GOOGL,2021-07-22 00:00:00-04:00,126.72033153509673,127.35371505716606,126.37836266317296,127.2927474975586,14302000.0,0.0,0.0,0.68
GOOGL,2021-07-23 00:00:00-04:00,129.2840991163657,132.22651378843682,128.6596466811027,131.84588623046875,41506000.0,0.0,0.0,
GOOGL,2021-07-26 00:00:00-04:00,132.1566459971667,133.05715404694908,131.13866459340358,132.85693359375,30572000.0,0.0,0.0,0.77
GOOGL,2021-07-27 00:00:00-04:00,133.07054257003838,133.2177359147412,128.9604875498707,130.74069213867188,54710000.0,0.0,0.0,-1.59
GOOGL,2021-07-28 00:00:00-04:00,135.11391338631623,137.08146728842348,134.08850576613955,134.8978271484375,95130000.0,0.0,0.0,3.18
GOOGL,2021-07-29 00:00:00-04:00,134.95333000907334,135.45984024693942,134.35167044138507,134.5841064453125,31716000.0,0.0,0.0,-0.23
GOOGL,2021-07-30 00:00:00-04:00,133.84813380324206,134.11526579950234,133.07499070592388,133.54234313964844,25576000.0,0.0,0.0,-0.77
GOOGL,2021-08-02 00:00:00-04:00,133.92942502207725,134.14699347911008,132.61805515773415,133.6692352294922,21634000.0,0.0,0.0,
GOOGL,2021-08-03 00:00:00-04:00,133.94726760946617,134.53902058511594,132.1477335764231,134.43792724609375,20762000.0,0.0,0.0,
GOOGL,2021-08-04 00:00:00-04:00,134.1598811909161,134.45724743917305,133.30495889893086,133.93785095214844,19676000.0,0.0,0.0,
GOOGL,2021-08-05 00:00:00-04:00,134.48795935776522,135.15158472085915,133.66079088435984,135.05393981933594,17870000.0,0.0,0.0,0.83
GOOGL,2021-08-06 00:00:00-04:00,134.8463008593739,135.27301333831355,134.0216127855547,134.5454559326172,20488000.0,0.0,0.0,-0.38
GOOGL,2021-08-09 00:00:00-04:00,134.74766566385927,135.9782545970757,134.14995363195558,135.70962524414062,17760000.0,0.0,0.0,0.87
GOOGL,2021-08-10 00:00:00-04:00,136.13485470912244,136.56158228756237,135.16595290851137,135.6045684814453,19414000.0,0.0,0.0,
GOOGL,2021-08-11 00:00:00-04:00,135.97577128495558,136.47235972924676,135.07376593544024,135.08120727539062,15352000.0,0.0,0.0,
GOOGL,2021-08-12 00:00:00-04:00,134.7803782734539,136.09324556598622,134.23522443439262,135.98817443847656,16506000.0,0.0,0.0,0.67
GOOGL,2021-08-13 00:00:00-04:00,136.04367130953105,136.6448469030297,135.82858330220628,136.5169677734375,15948000.0,0.0,0.0,
GOOGL,2021-08-16 00:00:00-04:00,136.31623668767153,137.14638467025773,134.10980386854092,137.09384155273438,22384000.0,0.0,0.0,
GOOGL,2021-08-17 00:00:00-04:00,136.53927624045247,137.0502482689052,134.8859374907993,135.46034240722656,21716000.0,0.0,0.0,-1.19
GOOGL,2021-08-18 00:00:00-04:00,135.30027185515118,135.89946615420885,134.13213260953893,134.25851440429688,19258000.0,0.0,0.0,
GOOGL,2021-08-19 00:00:00-04:00,133.2539190566179,135.15406239448427,133.0700483663603,134.4874725341797,21782000.0,0.0,0.0,
GOOGL,2021-08-20 00:00:00-04:00,134.80467835737872,136.34502089676778,134.06127020467258,136.22161865234375,31194000.0,0.0,0.0,1.29
GOOGL,2021-08-23 00:00:00-04:00,136.75684366705852,139.63630956779562,136.39802587425726,138.81063842773438,28454000.0,0.0,0.0,1.9
GOOGL,2021-08-24 00:00:00-04:00,139.37561670216243,140.83121539533298,139.10502114709683,140.01991271972656,19268000.0,0.0,0.0,0.87
GOOGL,2021-08-25 00:00:00-04:00,140.3801958031804,140.93973307629327,140.13339139116107,140.8302001953125,15848000.0,0.0,0.0,0.58
GOOGL,2021-08-26 00:00:00-04:00,140.50413099166133,141.16575996618351,140.11457982312106,140.19735717773438,20610000.0,0.0,0.0,-0.45
GOOGL,2021-08-27 00:00:00-04:00,140.40746320935864,143.2423262781944,140.25332765406952,142.73829650878906,28780000.0,0.0,0.0,1.81
GOOGL,2021-08-30 00:00:00-04:00,143.13080955855443,144.6875166286591,142.89589312218945,143.31964111328125,24434000.0,0.0,0.0,
GOOGL,2021-08-31 00:00:00-04:00,143.87127806313893,143.89555316910022,143.01289216673564,143.42572021484375,22448000.0,0.0,0.0,0.07
GOOGL,2021-09-01 00:00:00-04:00,143.72554217822025,144.96851813744988,143.61006529217806,143.93914794921875,21936000.0,0.0,0.0,
GOOGL,2021-09-02 00:00:00-04:00,143.93968027138507,144.24051010678463,141.92652519793006,142.0276336669922,32342000.0,0.0,0.0,-1.33
GOOGL,2021-09-03 00:00:00-04:00,141.82293077721366,142.88798016222196,141.14889962263817,142.47613525390625,19850000.0,0.0,0.0,0.32
GOOGL,2021-09-07 00:00:00-04:00,142.47873701359958,143.20235068582193,142.2652684107505,142.9205322265625,20124000.0,0.0,0.0,
GOOGL,2021-09-08 00:00:00-04:00,142.7417043037918,143.038864380301,141.6520669733978,142.3365478515625,18344000.0,0.0,0.0,-0.41
GOOGL,2021-09-09 00:00:00-04:00,142.48466472180607,142.9502357286335,141.8279196972411,142.18798828125,15314000.0,0.0,0.0,-0.1
GOOGL,2021-09-10 00:00:00-04:00,142.85313246004708,143.35437470340688,139.411396021292,139.548095703125,36840000.0,0.0,0.0,-1.86
GOOGL,2021-09-13 00:00:00-04:00,140.61147464793981,141.60254742162573,139.9185746785746,140.99087524414062,22094000.0,0.0,0.0,1.03
GOOGL,2021-09-14 00:00:00-04:00,141.64760424535336,142.01164800170844,140.41384582258058,141.2008514404297,19674000.0,0.0,0.0,0.15
GOOGL,2021-09-15 00:00:00-04:00,141.42573878807053,143.08891341943206,140.0151653694078,143.068115234375,27408000.0,0.0,0.0,1.32
GOOGL,2021-09-16 00:00:00-04:00,142.59360742775047,142.9398155420837,141.05921246042737,142.25631713867188,26190000.0,0.0,0.0,-0.57
GOOGL,2021-09-17 00:00:00-04:00,141.68228320733095,142.09782363998602,139.14591763546696,139.47280883789062,53384000.0,0.0,0.0,-1.96
GOOGL,2021-09-20 00:00:00-04:00,136.8592025107944,137.68979986076525,135.03704858862534,137.4119415283203,46518000.0,0.0,0.0,-1.48
GOOGL,2021-09-21 00:00:00-04:00,138.4322111594274,138.69175012045008,136.97458497311416,137.72247314453125,25332000.0,0.0,0.0,0.23
GOOGL,2021-09-22 00:00:00-04:00,137.99092214087034,139.55899341584305,137.24551278316375,138.961181640625,25056000.0,0.0,0.0,0.9
GOOGL,2021-09-23 00:00:00-04:00,139.6585564297789,140.36087304097438,139.0780815102405,139.88490295410156,20952000.0,0.0,0.0,0.66
GOOGL,2021-09-24 00:00:00-04:00,139.21381557964799,140.98893199136972,138.91911913905793,140.87451171875,22984000.0,0.0,0.0,0.71
GOOGL,2021-09-27 00:00:00-04:00,139.47725297108025,140.60056632047937,138.74720056418045,139.7422332763672,21882000.0,0.0,0.0,-0.8
GOOGL,2021-09-28 00:00:00-04:00,137.34802029105808,137.7853564830618,134.08408116624037,134.54965209960938,45772000.0,0.0,0.0,-3.72
GOOGL,2021-09-29 00:00:00-04:00,135.6888354361308,135.85822880609126,132.60320680070598,133.08709716796875,30848000.0,0.0,0.0,-1.09
GOOGL,2021-09-30 00:00:00-04:00,132.99596110436238,134.26487713453415,132.2971058010185,132.4159698486328,37996000.0,0.0,0.0,-0.5
GOOGL,2021-10-01 00:00:00-04:00,133.18016825399758,135.61996414886843,132.80920186499142,135.25592041015625,35360000.0,0.0,0.0,2.14
GOOGL,2021-10-04 00:00:00-04:00,134.67896445850013,134.67896445850013,129.81475761711434,132.399658203125,51202000.0,0.0,0.0,-2.11
GOOGL,2021-10-05 00:00:00-04:00,132.77750226995343,135.93099611936512,132.77750226995343,134.74081420898438,32404000.0,0.0,0.0,1.77
GOOGL,2021-10-06 00:00:00-04:00,133.4798722971429,136.45159487147632,133.28176048184653,136.26834106445312,24364000.0,0.0,0.0,1.13
GOOGL,2021-10-07 00:00:00-04:00,137.58278984045617,138.72195890614324,137.3440641883344,137.91265869140625,25110000.0,0.0,0.0,1.21
GOOGL,2021-10-08 00:00:00-04:00,138.26134957359187,139.00824022807984,137.90524110595646,138.4678955078125,26526000.0,0.0,0.0,0.4
GOOGL,2021-10-11 00:00:00-04:00,137.97905719887984,139.3856706303846,137.55012482163005,137.6046142578125,17954000.0,0.0,0.0,-0.62
GOOGL,2021-10-12 00:00:00-04:00,138.16524679321643,138.19200026988304,134.48031058391572,135.16282653808594,36332000.0,0.0,0.0,-1.77
GOOGL,2021-10-13 00:00:00-04:00,136.1073286205011,136.6992001618353,135.23215741372877,136.28514099121094,19654000.0,0.0,0.0,0.83
GOOGL,2021-10-14 00:00:00-04:00,138.1593163407756,140.00524590088978,137.51643176271415,139.8205108642578,31894000.0,0.0,0.0,2.59
GOOGL,2021-10-15 00:00:00-04:00,140.27964359990548,140.38216837162227,139.4282481493286,140.03546142578125,30274000.0,0.0,0.0,0.15
GOOGL,2021-10-18 00:00:00-04:00,139.74673571374697,141.4500255958255,139.73979794647713,141.43218994140625,20396000.0,0.0,0.0,1.0
GOOGL,2021-10-19 00:00:00-04:00,142.03591966092392,142.30833656697075,141.2558517419221,141.8868408203125,20164000.0,0.0,0.0,0.32
GOOGL,2021-10-20 00:00:00-04:00,141.98688902177523,142.19293614617558,140.04387612604899,140.43267822265625,23288000.0,0.0,0.0,-1.02
GOOGL,2021-10-21 00:00:00-04:00,140.4326977195977,140.8160584841013,139.17566195963474,140.54859924316406,26292000.0,0.0,0.0,0.08
GOOGL,2021-10-22 00:00:00-04:00,137.8384069507473,139.2578985837948,134.77357588955476,136.26983642578125,50588000.0,0.0,0.0,-3.04
GOOGL,2021-10-25 00:00:00-04:00,136.2534694690779,136.69922478778497,134.14750193472992,136.1514434814453,34412000.0,0.0,0.0,-0.09
GOOGL,2021-10-26 00:00:00-04:00,137.95080257189426,138.7625665768636,137.0008424939082,137.99537658691406,49236000.0,0.0,0.0,1.35
GOOGL,2021-10-27 00:00:00-04:00,138.0909634675946,147.24881500925127,138.0909634675946,144.83924865722656,85782000.0,0.0,0.0,4.96
GOOGL,2021-10-28 00:00:00-04:00,145.74760253688694,145.77087957264158,143.26373121245243,144.47421264648438,36206000.0,0.0,0.0,-0.25
GOOGL,2021-10-29 00:00:00-04:00,143.71050193740845,146.84467961742357,143.28604362604932,146.65052795410156,43320000.0,0.0,0.0,1.51
GOOGL,2021-11-01 00:00:00-04:00,146.650526252916,146.650526252916,141.87545343779883,142.14439392089844,46924000.0,0.0,0.0,-3.07
GOOGL,2021-11-02 00:00:00-04:00,143.21668904679433,145.22705422331256,142.97498573084604,144.0616455078125,33482000.0,0.0,0.0,1.35
GOOGL,2021-11-03 00:00:00-04:00,144.52523624092677,145.28650117069887,143.22808554087496,145.21617126464844,27494000.0,0.0,0.0,0.8
GOOGL,2021-11-04 00:00:00-04:00,145.73767238396505,148.3220881494984,144.9288710480875,146.86990356445312,38412000.0,0.0,0.0,1.14
GOOGL,2021-11-05 00:00:00-04:00,147.7634258058656,148.91051523572824,146.80010405976353,147.4489288330078,38354000.0,0.0,0.0,0.39
GOOGL,2021-11-08 00:00:00-05:00,148.41274287140487,149.19530477650676,147.03138673691146,147.62623596191406,23052000.0,0.0,0.0,0.12
GOOGL,2021-11-09 00:00:00-05:00,147.8263354686144,148.422167196909,145.85706777321636,147.51480102539062,19530000.0,0.0,0.0,-0.08
GOOGL,2021-11-10 00:00:00-05:00,146.10964321080158,146.67427756177884,143.17507421941508,144.51828002929688,29970000.0,0.0,0.0,-2.03
GOOGL,2021-11-11 00:00:00-05:00,145.1087246464778,146.14487048379442,144.22809666477457,144.3925323486328,16518000.0,0.0,0.0,-0.09
GOOGL,2021-11-12 00:00:00-05:00,145.23347643622148,147.44692595196187,144.04033190788914,147.2765350341797,22360000.0,0.0,0.0,2.0
GOOGL,2021-11-15 00:00:00-05:00,147.49694730851232,148.1398318289553,146.18394111280924,147.05267333984375,23508000.0,0.0,0.0,-0.15
GOOGL,2021-11-16 00:00:00-05:00,146.75303721658253,147.36025044711448,145.92392127932118,146.48211669921875,18904000.0,0.0,0.0,-0.39
GOOGL,2021-11-17 00:00:00-05:00,146.63218759828888,147.15917066321168,145.85211965055908,146.65150451660156,19594000.0,0.0,0.0,0.12
GOOGL,2021-11-18 00:00:00-05:00,146.8441702118311,149.16112717315613,146.49054062936167,148.42611694335938,35608000.0,0.0,0.0,1.21
GOOGL,2021-11-19 00:00:00-05:00,148.56182849438522,149.5434998037264,147.49548317893243,147.52272033691406,33682000.0,0.0,0.0,-0.61
GOOGL,2021-11-22 00:00:00-05:00,147.92487958481476,148.41718888282895,144.7699041651747,144.92294311523438,30594000.0,0.0,0.0,-1.76
GOOGL,2021-11-23 00:00:00-05:00,144.77535729221407,145.27758204342976,142.7565731039976,144.40785217285156,27218000.0,0.0,0.0,-0.36
GOOGL,2021-11-24 00:00:00-05:00,144.10227001877251,144.87095645122443,143.0121488357991,144.74267578125,18040000.0,0.0,0.0,0.23
GOOGL,2021-11-26 00:00:00-05:00,142.98784267338087,143.19487224202962,140.50546790898787,140.84275817871094,30470000.0,0.0,0.0,-2.69
GOOGL,2021-11-29 00:00:00-05:00,142.64264622326615,144.91849043687807,142.53714381167404,144.15872192382812,32596000.0,0.0,0.0,2.35
GOOGL,2021-11-30 00:00:00-05:00,143.64163495599894,144.6237898271877,140.2667519662039,140.55996704101562,42068000.0,0.0,0.0,-2.5
GOOGL,2021-12-01 00:00:00-05:00,142.64264793268592,144.57476289409172,139.5837581329981,139.72193908691406,34020000.0,0.0,0.0,-0.6
GOOGL,2021-12-02 00:00:00-05:00,139.91857980536682,142.50843750575342,138.89283327720514,141.618408203125,29194000.0,0.0,0.0,1.36
GOOGL,2021-12-03 00:00:00-05:00,142.32666783141497,143.03888475918794,138.97852275278916,140.66299438476562,41230000.0,0.0,0.0,-0.67
GOOGL,2021-12-06 00:00:00-05:00,141.6921803830131,142.49652286942776,138.82892367181316,141.80560302734375,30618000.0,0.0,0.0,0.81
GOOGL,2021-12-07 00:00:00-05:00,144.22411313803892,146.14038785227982,143.85858804406124,145.88134765625,32240000.0,0.0,0.0,2.87
GOOGL,2021-12-08 00:00:00-05:00,146.20525307367103,146.9942539766536,145.0259839079488,146.78968811035156,24270000.0,0.0,0.0,0.62
GOOGL,2021-12-09 00:00:00-05:00,146.1998038220425,147.69458257877415,145.72829267560041,146.24685668945312,23270000.0,0.0,0.0,-0.37
GOOGL,2021-12-10 00:00:00-05:00,147.2983475495059,147.57322820089257,145.32115971227452,146.60643005371094,24458000.0,0.0,0.0,0.25
GOOGL,2021-12-13 00:00:00-05:00,146.38849352115918,146.57522371786737,144.1458417908545,144.45193481445312,27070000.0,0.0,0.0,-1.47
GOOGL,2021-12-14 00:00:00-05:00,142.61095145594314,143.11811878414613,139.88389547091273,142.55052185058594,38446000.0,0.0,0.0,-1.32
GOOGL,2021-12-15 00:00:00-05:00,142.057220419799,145.33799793275747,140.3425340803802,145.06063842773438,36370000.0,0.0,0.0,1.76
GOOGL,2021-12-16 00:00:00-05:00,145.78330048560983,146.28502655455804,142.25338234708985,143.08349609375,33650000.0,0.0,0.0,-1.36
GOOGL,2021-12-17 00:00:00-05:00,141.1568032286509,142.47872745262327,139.9681173823491,140.3891143798828,50416000.0,0.0,0.0,-1.88
GOOGL,2021-12-20 00:00:00-05:00,138.6803545036419,140.43813355928052,138.0077539378615,140.27220153808594,27192000.0,0.0,0.0,-0.08
GOOGL,2021-12-21 00:00:00-05:00,140.71450164649497,142.5128946761984,139.17812644459522,142.12013244628906,28756000.0,0.0,0.0,1.32
GOOGL,2021-12-22 00:00:00-05:00,141.71894670487805,145.1190870300756,141.71894670487805,145.03488159179688,26322000.0,0.0,0.0,2.05
GOOGL,2021-12-23 00:00:00-05:00,145.1190840665869,146.84614951123285,145.07153240558975,145.5316619873047,26384000.0,0.0,0.0,0.34
GOOGL,2021-12-27 00:00:00-05:00,145.86796324695013,146.9457052312204,145.78227653939464,146.5123291015625,15976000.0,0.0,0.0,0.67
GOOGL,2021-12-28 00:00:00-05:00,146.8387472271471,146.90115690740393,144.67782149510623,145.30435180664062,18200000.0,0.0,0.0,-0.82
GOOGL,2021-12-29 00:00:00-05:00,145.26221443419607,146.02743941952565,144.27461818483408,145.27261352539062,17788000.0,0.0,0.0,-0.02
GOOGL,2021-12-30 00:00:00-05:00,145.31125094205046,145.9115415190522,144.61835101429233,144.82240295410156,15688000.0,0.0,0.0,-0.31
GOOGL,2021-12-31 00:00:00-05:00,144.6733390453183,145.31572484803414,143.48663330078125,143.48663330078125,18136000.0,0.0,0.0,-0.92
GOOGL,2022-01-03 00:00:00-05:00,143.6877102445083,144.47621238059426,142.35836459751644,143.62481689453125,28646000.0,0.0,0.0,0.1
GOOGL,2022-01-04 00:00:00-05:00,144.02550400377285,145.1042436429634,142.36184561053787,143.0384063720703,28400000.0,0.0,0.0,-0.41
GOOGL,2022-01-05 00:00:00-05:00,143.0587024090049,143.13745135306127,136.3901632285162,136.47633361816406,54618000.0,0.0,0.0,-4.59
GOOGL,2022-01-06 00:00:00-05:00,135.70713337714608,138.6209041200975,135.2712784737683,136.44906616210938,37348000.0,0.0,0.0,-0.02
GOOGL,2022-01-07 00:00:00-05:00,136.8433516114243,137.1435045219938,134.48677792389836,135.72549438476562,29760000.0,0.0,0.0,-0.53
GOOGL,2022-01-10 00:00:00-05:00,133.8047579348391,137.51099140949978,131.90929663777965,137.36239624023438,44408000.0,0.0,0.0,1.21
GOOGL,2022-01-11 00:00:00-05:00,136.70614733101905,138.89432489527653,135.4040389194939,138.41883850097656,28730000.0,0.0,0.0,0.77
GOOGL,2022-01-12 00:00:00-05:00,139.81949281195844,141.26375722339816,139.36829621800032,140.09735107421875,26108000.0,0.0,0.0,1.21
GOOGL,2022-01-13 00:00:00-05:00,140.20582266969564,141.50348717076494,137.10433906437126,137.28067016601562,31436000.0,0.0,0.0,-2.01
GOOGL,2022-01-14 00:00:00-05:00,135.78688828807677,139.41537040651573,135.7071568754875,138.16575622558594,29662000.0,0.0,0.0,0.64
GOOGL,2022-01-18 00:00:00-05:00,134.89139796047724,135.83887907326817,134.1618443053591,134.716064453125,34872000.0,0.0,0.0,-2.5
GOOGL,2022-01-19 00:00:00-05:00,135.2366308573954,136.659099745999,133.74284958736126,133.8428955078125,28648000.0,0.0,0.0,-0.65
GOOGL,2022-01-20 00:00:00-05:00,134.96570256305773,136.3287393505402,131.71116467084525,132.05093383789062,29908000.0,0.0,0.0,-1.34
GOOGL,2022-01-21 00:00:00-05:00,131.34368942250475,133.59426174993882,128.86031646787782,129.12281799316406,55652000.0,0.0,0.0,-2.22
GOOGL,2022-01-24 00:00:00-05:00,124.79051601654032,129.9662707060436,123.32645093172006,129.57102966308594,76622000.0,0.0,0.0,0.35
GOOGL,2022-01-25 00:00:00-05:00,127.52650408806734,128.17928897797395,125.30811164753264,125.73851013183594,46960000.0,0.0,0.0,-2.96
GOOGL,2022-01-26 00:00:00-05:00,129.88307087009878,131.7463372318321,125.94355325697116,128.0148468017578,49130000.0,0.0,0.0,1.81
GOOGL,2022-01-27 00:00:00-05:00,130.06634259125644,131.40212729229407,127.71719042774222,127.78901672363281,31950000.0,0.0,0.0,-0.18
GOOGL,2022-01-28 00:00:00-05:00,128.43685397990885,132.09951167722036,127.27392388510259,132.09405517578125,34362000.0,0.0,0.0,3.37
GOOGL,2022-01-31 00:00:00-05:00,132.8974020956584,134.19604930787796,130.96330681145255,134.02813720703125,39986000.0,0.0,0.0,1.46
GOOGL,2022-02-01 00:00:00-05:00,136.29752469047622,136.49415519096547,133.1019351922104,136.3465576171875,68644000.0,0.0,0.0,1.73
GOOGL,2022-02-02 00:00:00-05:00,149.82431540618072,150.1180141843333,144.15080955105117,146.60494995117188,123200000.0,0.0,0.0,7.52
GOOGL,2022-02-03 00:00:00-05:00,144.3320658335247,148.26414649933386,141.32071281482683,141.7412109375,71518000.0,0.0,0.0,-3.32
GOOGL,2022-02-04 00:00:00-05:00,142.09238293990342,143.50939516923387,139.19049231830002,141.9423065185547,57998000.0,0.0,0.0,0.14
GOOGL,2022-02-07 00:00:00-05:00,142.89028927583428,142.89028927583428,137.59071270904863,137.88888549804688,54974000.0,0.0,0.0,-2.86
GOOGL,2022-02-08 00:00:00-05:00,137.71605080771687,138.68037019357018,135.72252350917645,138.0850372314453,54284000.0,0.0,0.0,0.14
GOOGL,2022-02-09 00:00:00-05:00,139.6347846354997,141.18107530667282,138.8655994195183,140.25735473632812,40144000.0,0.0,0.0,1.57
GOOGL,2022-02-10 00:00:00-05:00,138.38668335599533,140.15088662140656,136.65663990500875,137.31338500976562,39330000.0,0.0,0.0,-2.1
GOOGL,2022-02-11 00:00:00-05:00,137.29356222530336,137.8448048052889,132.1425653416151,133.01675415039062,39958000.0,0.0,0.0,-3.13
GOOGL,2022-02-14 00:00:00-05:00,132.00041169653696,135.01522615488605,132.00041169653696,134.24851989746094,34302000.0,0.0,0.0,0.93
GOOGL,2022-02-15 00:00:00-05:00,136.27375391882413,136.8066922748942,134.54124703407226,135.32083129882812,26680000.0,0.0,0.0,0.8
GOOGL,2022-02-16 00:00:00-05:00,135.35849391777094,136.7844243573178,133.65222627025838,136.43971252441406,25022000.0,0.0,0.0,0.83
GOOGL,2022-02-17 00:00:00-05:00,134.9587533012791,135.82104653317217,131.2297420435824,131.2896728515625,38950000.0,0.0,0.0,-3.77
GOOGL,2022-02-18 00:00:00-05:00,132.20894242873914,132.80627055380495,128.96927736418834,129.173828125,45620000.0,0.0,0.0,-1.61
GOOGL,2022-02-22 00:00:00-05:00,128.61414903757367,130.93456750573523,127.01486532309565,128.5898895263672,44990000.0,0.0,0.0,-0.45
GOOGL,2022-02-23 00:00:00-05:00,130.40757203513712,130.80627441884366,126.32541464727021,126.38534545898438,32786000.0,0.0,0.0,-1.71
GOOGL,2022-02-24 00:00:00-05:00,123.77568492964569,131.74633962573986,123.77568492964569,131.44024658203125,54456000.0,0.0,0.0,4.0
GOOGL,2022-02-25 00:00:00-05:00,132.29316090337787,133.9964508579599,130.50962561545475,133.19210815429688,36406000.0,0.0,0.0,1.33
GOOGL,2022-02-28 00:00:00-05:00,131.79588020023658,134.47190837481307,131.34268834077528,133.78396606445312,38864000.0,0.0,0.0,0.44
GOOGL,2022-03-01 00:00:00-05:00,133.6071366345848,134.9711560163724,131.9627951950794,132.79783630371094,26496000.0,0.0,0.0,-0.74
GOOGL,2022-03-02 00:00:00-05:00,133.35899498471252,133.98750520472257,131.81716337457922,133.3030242919922,23520000.0,0.0,0.0,0.38
GOOGL,2022-03-03 00:00:00-05:00,134.7279858951449,135.15344184945275,131.77162022031976,132.63739013671875,24604000.0,0.0,0.0,-0.5
GOOGL,2022-03-04 00:00:00-05:00,131.67451892195976,132.5898052248612,129.10892100654087,130.6631317138672,30430000.0,0.0,0.0,-1.49
GOOGL,2022-03-07 00:00:00-05:00,130.2486062137015,130.4932720771041,125.10454686818073,125.18726348876953,45112000.0,0.0,0.0,-4.19
GOOGL,2022-03-08 00:00:00-05:00,125.05996493303867,130.01283483137684,124.48988912406125,125.90641021728516,40428000.0,0.0,0.0,0.57
GOOGL,2022-03-09 00:00:00-05:00,130.01287024322227,132.47494665155543,128.6760877542457,132.16241455078125,37026000.0,0.0,0.0,4.97
GOOGL,2022-03-10 00:00:00-05:00,130.02871292731191,132.01580140959095,129.67854460213823,131.18124389648438,27102000.0,0.0,0.0,-0.74
GOOGL,2022-03-11 00:00:00-05:00,132.23024024414997,132.53435325187561,128.4096014176675,128.64634704589844,31526000.0,0.0,0.0,-1.93
GOOGL,2022-03-14 00:00:00-04:00,129.022259756083,129.17975763176182,124.09415576058076,124.76377868652344,38812000.0,0.0,0.0,-3.02
GOOGL,2022-03-15 00:00:00-04:00,125.77913826126164,128.63051531681785,124.53547165916197,127.98019409179688,30920000.0,0.0,0.0,2.58
GOOGL,2022-03-16 00:00:00-04:00,129.50074250154515,132.076226430529,127.52107530797069,132.02423095703125,35576000.0,0.0,0.0,3.16
GOOGL,2022-03-17 00:00:00-04:00,131.89392469445764,132.81664753613904,130.93900699221336,132.57742309570312,28264000.0,0.0,0.0,0.42
GOOGL,2022-03-18 00:00:00-04:00,132.16684745611494,134.9597747513969,131.01183774576378,134.84239196777344,44566000.0,0.0,0.0,1.71
GOOGL,2022-03-21 00:00:00-04:00,134.88004612606667,135.75819522062406,132.8285678332029,134.81863403320312,26832000.0,0.0,0.0,-0.02
GOOGL,2022-03-22 00:00:00-04:00,134.81862924241636,139.72048699983432,134.81862924241636,138.54962158203125,35496000.0,0.0,0.0,2.77
GOOGL,2022-03-23 00:00:00-04:00,137.39506864290857,138.27271864480082,136.53575308435217,136.9720916748047,25154000.0,0.0,0.0,-1.14
GOOGL,2022-03-24 00:00:00-04:00,137.88789810464644,140.28410290416335,136.45206761789734,140.237548828125,26396000.0,0.0,0.0,2.38
GOOGL,2022-03-25 00:00:00-04:00,140.57829116733367,140.6961727306353,138.42032850640626,140.33758544921875,24126000.0,0.0,0.0,0.07
GOOGL,2022-03-28 00:00:00-04:00,139.5723549744933,140.66397236778508,138.49361552555405,140.12213134765625,35050000.0,0.0,0.0,-0.15
GOOGL,2022-03-29 00:00:00-04:00,141.30289109647842,142.43808486861326,140.69962291058357,141.16221618652344,34318000.0,0.0,0.0,0.74
GOOGL,2022-03-30 00:00:00-04:00,141.1172005132046,141.37524314539394,140.2653061368677,140.60061645507812,19884000.0,0.0,0.0,-0.4
GOOGL,2022-03-31 00:00:00-04:00,140.71403164050378,140.76852108166187,137.71408938423252,137.75668334960938,37524000.0,0.0,0.0,-2.02
GOOGL,2022-04-01 00:00:00-04:00,138.18505622759434,139.14689657242798,137.00379203918484,138.8294219970703,25942000.0,0.0,0.0,0.78
GOOGL,2022-04-04 00:00:00-04:00,139.03547918185924,142.35736929122916,138.98792752091472,141.62384033203125,25942000.0,0.0,0.0,2.01
GOOGL,2022-04-05 00:00:00-04:00,141.52232030143693,141.64266561089818,139.05926203677285,139.2657928466797,21418000.0,0.0,0.0,-1.67
GOOGL,2022-04-06 00:00:00-04:00,137.44213448492033,138.0468839879228,134.23960723680352,135.26089477539062,32468000.0,0.0,0.0,-2.88
GOOGL,2022-04-07 00:00:00-04:00,134.72796554964043,135.87159364235194,132.96226616904812,134.6076202392578,26234000.0,0.0,0.0,-0.48
GOOGL,2022-04-08 00:00:00-04:00,134.30549126521612,134.39117797517184,131.71217218120978,132.03114318847656,25142000.0,0.0,0.0,-1.91
GOOGL,2022-04-11 00:00:00-04:00,130.58092905766304,130.84739067393326,127.45566939745935,127.60920715332031,36884000.0,0.0,0.0,-3.35
GOOGL,2022-04-12 00:00:00-04:00,130.35953900322713,130.35953900322713,125.59388309325452,126.51065826416016,32710000.0,0.0,0.0,-0.86
GOOGL,2022-04-13 00:00:00-04:00,126.7934873559408,129.1054869891877,126.53692599863578,128.6696319580078,27928000.0,0.0,0.0,1.71
GOOGL,2022-04-14 00:00:00-04:00,129.24962313577018,129.24962313577018,125.40767198350433,125.53546142578125,31598000.0,0.0,0.0,-2.44
GOOGL,2022-04-18 00:00:00-04:00,125.80290829644117,127.00397332375944,124.9926179121444,126.47303009033203,20808000.0,0.0,0.0,0.75
GOOGL,2022-04-19 00:00:00-04:00,126.48786373209683,129.10445946368372,125.8023852699178,128.7835235595703,26490000.0,0.0,0.0,1.83
GOOGL,2022-04-20 00:00:00-04:00,129.65820601853372,130.16043076840108,126.29818081475312,126.83308410644531,31696000.0,0.0,0.0,-1.51
GOOGL,2022-04-21 00:00:00-04:00,128.03169266207186,128.87219024780205,123.35271317406067,123.63800048828125,36446000.0,0.0,0.0,-2.52
GOOGL,2022-04-22 00:00:00-04:00,123.8217565690258,124.21996776137067,117.80402222276324,118.50782012939453,56884000.0,0.0,0.0,-4.15
GOOGL,2022-04-25 00:00:00-04:00,117.97835219471519,122.11548294345009,117.39391716093655,121.91390228271484,46128000.0,0.0,0.0,2.87
GOOGL,2022-04-26 00:00:00-04:00,121.14175631057378,121.35522489023224,117.39391885369488,117.53160858154297,73054000.0,0.0,0.0,-3.59
GOOGL,2022-04-27 00:00:00-04:00,113.39051664375937,116.13688235648152,111.67385763846296,113.21717071533203,91820000.0,0.0,0.0,-3.67
GOOGL,2022-04-28 00:00:00-04:00,115.31767859411205,118.52168744721978,113.03935526290716,117.40531158447266,48884000.0,0.0,0.0,3.7
GOOGL,2022-04-29 00:00:00-04:00,115.63416187311658,116.80848848076448,112.74168750254856,113.03390502929688,42676000.0,0.0,0.0,-3.72
GOOGL,2022-05-02 00:00:00-04:00,112.33606188665418,115.64507476138449,111.5386493821402,115.4841079711914,35534000.0,0.0,0.0,2.17
GOOGL,2022-05-03 00:00:00-04:00,115.33302506917498,117.32556979563245,114.94076162538525,116.22801208496094,24968000.0,0.0,0.0,0.64
GOOGL,2022-05-04 00:00:00-04:00,115.92837447135338,121.69648551764787,114.0309253703171,121.10858154296875,49916000.0,0.0,0.0,4.2
GOOGL,2022-05-05 00:00:00-04:00,119.07095756816793,119.89808593817084,113.92145713876644,115.40731811523438,45840000.0,0.0,0.0,-4.71
GOOGL,2022-05-06 00:00:00-04:00,114.09876512717945,116.46326613947373,112.94078546602168,114.65546417236328,39710000.0,0.0,0.0,-0.65
GOOGL,2022-05-09 00:00:00-04:00,112.18250256559926,113.99228466247091,110.9447838916454,111.45046997070312,40802000.0,0.0,0.0,-2.8
GOOGL,2022-05-10 00:00:00-04:00,114.41872804342833,115.15422955384565,111.83629934235512,113.31671142578125,39900000.0,0.0,0.0,1.67
GOOGL,2022-05-11 00:00:00-04:00,112.16912984325442,115.26764350397949,112.16912984325442,112.53167724609375,37534000.0,0.0,0.0,-0.69
GOOGL,2022-05-12 00:00:00-04:00,110.32766589353677,113.21766151040819,108.78930297233798,111.78034210205078,53836000.0,0.0,0.0,-0.67
GOOGL,2022-05-13 00:00:00-04:00,113.45341371338583,116.76391499760273,112.53416717091297,114.95661163330078,35038000.0,0.0,0.0,2.84
GOOGL,2022-05-16 00:00:00-04:00,113.87193521225011,115.07498784290695,112.81598893736187,113.36624908447266,25990000.0,0.0,0.0,-1.38
GOOGL,2022-05-17 00:00:00-04:00,115.73916596158637,115.79810674936266,113.78724265802168,115.37512969970703,23054000.0,0.0,0.0,1.77
GOOGL,2022-05-18 00:00:00-04:00,113.91601089828785,114.31224201290831,110.50397497987214,110.84473419189453,35126000.0,0.0,0.0,-3.93
GOOGL,2022-05-19 00:00:00-04:00,110.38115567097562,111.94477566233903,108.96314565159634,109.3435287475586,34144000.0,0.0,0.0,-1.35
GOOGL,2022-05-20 00:00:00-04:00,110.89574757041693,111.12606177172583,104.79926453382097,107.88143157958984,48962000.0,0.0,0.0,-1.34
GOOGL,2022-05-23 00:00:00-04:00,108.55453508974904,111.0904022364091,107.71600998566917,110.43711853027344,37184000.0,0.0,0.0,2.37
GOOGL,2022-05-24 00:00:00-04:00,104.77499864935818,105.45502825992726,100.92413760249049,104.97113037109375,76780000.0,0.0,0.0,-4.95
GOOGL,2022-05-25 00:00:00-04:00,103.99590668358864,105.49613450260898,102.87755077701198,104.80768585205078,40258000.0,0.0,0.0,-0.16
GOOGL,2022-05-26 00:00:00-04:00,104.6808904254116,107.62536770750384,104.23314753165975,106.77645111083984,37948000.0,0.0,0.0,1.88
GOOGL,2022-05-27 00:00:00-04:00,108.45102468801176,111.259301323666,108.109766654316,111.2578125,37914000.0,0.0,0.0,4.2
GOOGL,2022-05-31 00:00:00-04:00,111.68375119356135,114.64408411321045,111.02204847773712,112.68968200683594,50012000.0,0.0,0.0,1.29
GOOGL,2022-06-01 00:00:00-04:00,113.77237100226573,115.99769344115636,112.18249653404207,112.81844329833984,36606000.0,0.0,0.0,0.11
GOOGL,2022-06-02 00:00:00-04:00,112.92544186242007,116.78818338077605,111.88187475947716,116.5137939453125,37992000.0,0.0,0.0,3.28
GOOGL,2022-06-03 00:00:00-04:00,114.96849217131312,115.22505349151253,112.44847324423242,113.46133422851562,26136000.0,0.0,0.0,-2.62
GOOGL,2022-06-06 00:00:00-04:00,115.60442599773029,118.2220192512077,115.06902396731854,115.7193374633789,33542000.0,0.0,0.0,1.99
GOOGL,2022-06-07 00:00:00-04:00,114.3919906788559,116.58165730848161,113.96753234076662,116.04525756835938,31590000.0,0.0,0.0,0.28
GOOGL,2022-06-08 00:00:00-04:00,115.66091419510431,117.45286840813779,115.50093744683771,116.08934020996094,26108000.0,0.0,0.0,0.04
GOOGL,2022-06-09 00:00:00-04:00,115.23099254159975,117.18391328926909,113.69411860375493,113.75305938720703,25798000.0,0.0,0.0,-2.01
GOOGL,2022-06-10 00:00:00-04:00,111.38508794278529,112.21122625756998,109.3256823347158,110.11368560791016,41452000.0,0.0,0.0,-3.2
GOOGL,2022-06-13 00:00:00-04:00,105.7799394786192,107.76603781558968,105.1187355033318,105.38965606689453,47252000.0,0.0,0.0,-4.29
GOOGL,2022-06-14 00:00:00-04:00,105.53079987627487,106.90719827486238,104.80272741507743,105.7095947265625,33706000.0,0.0,0.0,0.3
GOOGL,2022-06-15 00:00:00-04:00,107.52185574417723,110.37322494977526,106.65461223598331,108.72986602783203,39698000.0,0.0,0.0,2.86
GOOGL,2022-06-16 00:00:00-04:00,106.21034141935115,107.62438376681095,104.14697548134566,105.0340347290039,51684000.0,0.0,0.0,-3.4
GOOGL,2022-06-17 00:00:00-04:00,105.03403005332456,107.67490072923101,104.05583519453621,106.1335678100586,51376000.0,0.0,0.0,1.05
GOOGL,2022-06-21 00:00:00-04:00,107.90271168742838,111.42915975533309,107.57631929461657,110.49256896972656,47416000.0,0.0,0.0,4.11
GOOGL,2022-06-22 00:00:00-04:00,109.51439846102454,112.27809328975262,109.34203501668972,110.4366226196289,30774000.0,0.0,0.0,-0.05
GOOGL,2022-06-23 00:00:00-04:00,111.17360664482932,111.6797915400438,109.45892779579324,111.18400573730469,28362000.0,0.0,0.0,0.68
GOOGL,2022-06-24 00:00:00-04:00,111.9299067523176,116.96598437616667,111.88780403394424,116.86296081542969,41164000.0,0.0,0.0,5.11
GOOGL,2022-06-27 00:00:00-04:00,117.15814975964322,117.4617563680841,114.09380358839046,114.74164581298828,36420000.0,0.0,0.0,-1.82
GOOGL,2022-06-28 00:00:00-04:00,114.71093207374939,116.20373069131708,110.79370927446145,110.95170593261719,35792000.0,0.0,0.0,-3.3
GOOGL,2022-06-29 00:00:00-04:00,110.50050890465707,112.09384476980462,109.82740954217135,110.64859771728516,24716000.0,0.0,0.0,-0.27
GOOGL,2022-06-30 00:00:00-04:00,108.9631408714663,109.84277107418012,105.74377534571843,107.9359130859375,43170000.0,0.0,0.0,-2.45
GOOGL,2022-07-01 00:00:00-04:00,106.91561856393403,108.22020580753811,105.72445397417482,107.71253967285156,35476000.0,0.0,0.0,-0.21
GOOGL,2022-07-05 00:00:00-04:00,106.09097052516007,112.30830502629904,104.73487148190064,112.19538116455078,39342000.0,0.0,0.0,4.16
GOOGL,2022-07-06 00:00:00-04:00,112.23402443600865,114.49996109393334,110.42523220637499,113.49205017089844,37432000.0,0.0,0.0,1.16
GOOGL,2022-07-07 00:00:00-04:00,113.99526196361097,118.06602306558507,113.75108733780583,117.6633529663086,40936000.0,0.0,0.0,3.68
GOOGL,2022-07-08 00:00:00-04:00,116.14479715482749,118.55684233619526,115.7995790452909,118.22846984863281,38238000.0,0.0,0.0,0.48
GOOGL,2022-07-11 00:00:00-04:00,116.88574836577106,116.88574836577106,114.24338897628644,114.58612823486328,31196000.0,0.0,0.0,-3.08
GOOGL,2022-07-12 00:00:00-04:00,115.1195582947248,115.87140665042774,112.61836489266997,112.94574737548828,29960000.0,0.0,0.0,-1.43
GOOGL,2022-07-13 00:00:00-04:00,110.64809930840663,113.11958408095617,110.15331111772146,110.30387878417969,43722000.0,0.0,0.0,-2.34
GOOGL,2022-07-14 00:00:00-04:00,109.17163827507503,110.0458193664131,107.35145737456133,109.32715606689453,37004000.0,0.0,0.0,-0.89
GOOGL,2022-07-15 00:00:00-04:00,110.94478208000046,112.0740357874239,109.85465344414168,110.723876953125,46770000.0,0.0,0.0,1.28
GOOGL,2022-07-18 00:00:00-04:00,111.57826967036203,112.60846767496888,107.34852145025161,108.0022964477539,43164600.0,0.0,20.0,-2.46
GOOGL,2022-07-19 00:00:00-04:00,109.80511529781504,112.94523274685736,108.52727405998375,112.73721313476562,36530900.0,0.0,0.0,4.38
GOOGL,2022-07-20 00:00:00-04:00,112.10326311823246,114.31224656898476,111.41977216468759,112.82638549804688,35600400.0,0.0,0.0,0.08
GOOGL,2022-07-21 00:00:00-04:00,113.20279789657461,113.47025711440008,110.06268006419117,113.2622299194336,32676200.0,0.0,0.0,0.39
GOOGL,2022-07-22 00:00:00-04:00,109.95370456594861,111.28106998447005,105.49612194841016,106.88292694091797,48901200.0,0.0,0.0,-5.63
GOOGL,2022-07-25 00:00:00-04:00,107.38813835101456,108.83437558355239,105.29802646271146,106.49662017822266,34690900.0,0.0,0.0,-0.36
GOOGL,2022-07-26 00:00:00-04:00,105.5951837606774,106.18952663157644,103.08903282410867,104.03007507324219,47991000.0,0.0,0.0,-2.32
GOOGL,2022-07-27 00:00:00-04:00,108.2301313204944,112.8363025263019,106.99191366073327,111.99430847167969,59858500.0,0.0,0.0,7.66
GOOGL,2022-07-28 00:00:00-04:00,111.31080355662644,113.26222799633648,110.40937758534383,113.14336395263672,32816600.0,0.0,0.0,1.03
GOOGL,2022-07-29 00:00:00-04:00,112.01410659400565,115.60988739252207,111.99429088237237,115.22356414794922,37223400.0,0.0,0.0,1.84
GOOGL,2022-08-01 00:00:00-04:00,114.21319112150867,115.61980446035776,113.26223338181438,113.77733612060547,26034300.0,0.0,0.0,-1.26
GOOGL,2022-08-02 00:00:00-04:00,112.9254310661027,115.25327835289927,112.64807156741777,114.0447769165039,20236000.0,0.0,0.0,0.24
GOOGL,2022-08-03 00:00:00-04:00,114.61931687482497,117.50189084849441,114.39148908653323,116.96697998046875,28499000.0,0.0,0.0,2.56
GOOGL,2022-08-04 00:00:00-04:00,116.37263636297655,117.66037802315151,115.7881937755093,117.07594299316406,21602900.0,0.0,0.0,0.09
GOOGL,2022-08-05 00:00:00-04:00,115.13442225860744,116.996698705037,114.90658690755124,116.36273193359375,19159500.0,0.0,0.0,-0.61
GOOGL,2022-08-08 00:00:00-04:00,117.27405799513392,119.01747039195752,115.77828910409572,116.1943359375,19138300.0,0.0,0.0,-0.14
GOOGL,2022-08-09 00:00:00-04:00,116.0358421530729,116.21414578212966,114.61932097708862,115.53064727783203,19086500.0,0.0,0.0,-0.57
GOOGL,2022-08-10 00:00:00-04:00,117.66035209997857,119.78017937954965,117.29384463903438,118.5716781616211,30930400.0,0.0,0.0,2.63
GOOGL,2022-08-11 00:00:00-04:00,120.13680567723729,120.34482529677571,117.44244336372742,117.71980285644531,24293700.0,0.0,0.0,-0.72
GOOGL,2022-08-12 00:00:00-04:00,119.12643720187907,120.53305053710938,118.33397493999934,120.53305053710938,19096300.0,0.0,0.0,2.39
GOOGL,2022-08-15 00:00:00-04:00,119.98822567992796,121.14720300149365,119.47313052616087,120.92927551269531,19494800.0,0.0,0.0,0.33
GOOGL,2022-08-16 00:00:00-04:00,120.37454519947742,121.27597113744898,119.50284282881232,120.55284881591797,19041200.0,0.0,0.0,-0.31
GOOGL,2022-08-17 00:00:00-04:00,118.98775310554484,120.1467228864073,118.25472289488862,118.42312622070312,22847000.0,0.0,0.0,-1.77
GOOGL,2022-08-18 00:00:00-04:00,118.30424698639806,119.6811441703863,117.60094038977294,119.03726959228516,17987700.0,0.0,0.0,0.52
GOOGL,2022-08-19 00:00:00-04:00,117.9377392404507,118.02689483126161,115.65942355139303,116.10517883300781,21809500.0,0.0,0.0,-2.46
GOOGL,2022-08-22 00:00:00-04:00,114.11412767246556,114.54007481677039,112.77685421487422,113.16317749023438,21456600.0,0.0,0.0,-2.53
GOOGL,2022-08-23 00:00:00-04:00,112.4103430162746,113.92592005634819,112.36081129232605,112.78675842285156,15870400.0,0.0,0.0,-0.33
GOOGL,2022-08-24 00:00:00-04:00,112.43015094510808,113.6980844778473,111.80609203500424,112.61836242675781,17734600.0,0.0,0.0,-0.15
GOOGL,2022-08-25 00:00:00-04:00,113.1631812740761,115.61980832842583,113.03440936381037,115.55046844482422,16956800.0,0.0,0.0,2.6
GOOGL,2022-08-26 00:00:00-04:00,113.63866138956425,114.03489253906723,109.15136194833346,109.29994201660156,37245700.0,0.0,0.0,-5.41
GOOGL,2022-08-29 00:00:00-04:00,108.95323007744102,109.90418019250721,107.77445217888464,108.38860321044922,21191200.0,0.0,0.0,-0.83
GOOGL,2022-08-30 00:00:00-04:00,109.13154119164547,109.45843244169193,106.7838855317196,107.91313934326172,27513300.0,0.0,0.0,-0.44
GOOGL,2022-08-31 00:00:00-04:00,109.60701580275753,109.80512758191875,107.11076506343836,107.19992065429688,28627000.0,0.0,0.0,-0.66
GOOGL,2022-09-01 00:00:00-04:00,107.25936720846006,109.40891128925564,106.3480408088805,108.70560455322266,28360900.0,0.0,0.0,1.4
GOOGL,2022-09-02 00:00:00-04:00,109.54757518879592,109.69616280050401,106.24896950777163,106.83340454101562,24160700.0,0.0,0.0,-1.72
GOOGL,2022-09-06 00:00:00-04:00,106.28859410286454,107.01170889666186,104.7829173782116,105.80320739746094,25068300.0,0.0,0.0,-0.96
GOOGL,2022-09-07 00:00:00-04:00,106.05085594393181,108.94333792914485,105.8923680249707,108.41832733154297,23167000.0,0.0,0.0,2.47
GOOGL,2022-09-08 00:00:00-04:00,107.0216069332042,108.56689982581639,106.14990460666283,107.3583984375,24238300.0,0.0,0.0,-0.98
GOOGL,2022-09-09 00:00:00-04:00,108.04190122135259,109.94380140559007,107.99236950049534,109.60700988769531,23197700.0,0.0,0.0,2.09
GOOGL,2022-09-12 00:00:00-04:00,109.94381249512503,110.56787898796314,108.89380641286198,109.8150405883789,22966800.0,0.0,0.0,0.19
GOOGL,2022-09-13 00:00:00-04:00,106.78387833563288,107.2791653268789,103.10884221000528,103.33667755126953,38172900.0,0.0,0.0,-5.9
GOOGL,2022-09-14 00:00:00-04:00,103.58431444800893,104.28762102387624,102.68289611125587,104.01026153564453,26395100.0,0.0,0.0,0.65
GOOGL,2022-09-15 00:00:00-04:00,103.0494253696525,104.27773517279051,101.3852605316187,101.93998718261719,34188300.0,0.0,0.0,-1.99
GOOGL,2022-09-16 00:00:00-04:00,101.10789415037412,102.15790023712232,99.98854818162332,101.83101654052734,42797200.0,0.0,0.0,-0.11
GOOGL,2022-09-19 00:00:00-04:00,100.7909000168843,102.35600868106442,100.59278824868812,102.09845733642578,23036800.0,0.0,0.0,0.26
GOOGL,2022-09-20 00:00:00-04:00,101.11780281015771,101.40507019715866,99.57250212292915,100.18666076660156,26517100.0,0.0,0.0,-1.87
GOOGL,2022-09-21 00:00:00-04:00,100.71167174171455,101.91026555304411,98.33429227670972,98.34420013427734,31487300.0,0.0,0.0,-1.84
GOOGL,2022-09-22 00:00:00-04:00,97.88853317629787,100.28572070694902,97.85881716221651,99.19609069824219,34298600.0,0.0,0.0,0.87
GOOGL,2022-09-23 00:00:00-04:00,98.69089840091443,98.72062197326392,96.55126219808672,97.80928802490234,31625400.0,0.0,0.0,-1.4
GOOGL,2022-09-26 00:00:00-04:00,97.17531191386047,98.93853249770274,96.87814423603862,97.2446517944336,27072700.0,0.0,0.0,-0.58
GOOGL,2022-09-27 00:00:00-04:00,98.49277122014274,99.0573980869391,95.95690424751061,96.58096313476562,30072800.0,0.0,0.0,-0.68
GOOGL,2022-09-28 00:00:00-04:00,96.72954699099779,99.7507929809595,96.19463615518136,99.10692596435547,32466300.0,0.0,0.0,2.62
GOOGL,2022-09-29 00:00:00-04:00,97.71022581973406,97.71022581973406,95.05548700550042,96.50172424316406,31047200.0,0.0,0.0,-2.63
GOOGL,2022-09-30 00:00:00-04:00,96.13521832147143,97.96777887388245,94.65925748807376,94.7484130859375,32941500.0,0.0,0.0,-1.82
GOOGL,2022-10-03 00:00:00-04:00,95.84795139144903,98.35410263850108,95.61020816765206,97.7102279663086,27982000.0,0.0,0.0,3.13
GOOGL,2022-10-04 00:00:00-04:00,99.4932599642057,100.88005758771709,99.43382038214075,100.68194580078125,28850800.0,0.0,0.0,3.04
GOOGL,2022-10-05 00:00:00-04:00,98.88899830659031,100.96920207041116,97.86870835694118,100.47391510009766,22176900.0,0.0,0.0,-0.21
GOOGL,2022-10-06 00:00:00-04:00,99.73099708399155,101.95978872839768,99.64184148832554,100.46401977539062,22324000.0,0.0,0.0,-0.01
GOOGL,2022-10-07 00:00:00-04:00,98.90881723510454,99.58240789041014,97.37343199435752,97.74984741210938,27502800.0,0.0,0.0,-2.7
GOOGL,2022-10-10 00:00:00-04:00,98.0668223782474,98.16587826309313,96.09558230714255,96.93756866455078,18225100.0,0.0,0.0,-0.83
GOOGL,2022-10-11 00:00:00-04:00,96.51162053902081,98.31446483110562,95.40217499101496,96.26397705078125,26507100.0,0.0,0.0,-0.69
GOOGL,2022-10-12 00:00:00-04:00,96.3828523219572,97.81918158553775,95.82812574805676,96.64039611816406,21876400.0,0.0,0.0,0.39
GOOGL,2022-10-13 00:00:00-04:00,94.2531257355406,98.83948103016371,93.4903794576078,98.12626647949219,34574500.0,0.0,0.0,1.54
GOOGL,2022-10-14 00:00:00-04:00,99.04747947886027,99.74088572468342,95.46160689416726,95.64981079101562,25410700.0,0.0,0.0,-2.52
GOOGL,2022-10-17 00:00:00-04:00,97.92814174923495,99.9786295328087,97.89842573979583,99.02767944335938,28419200.0,0.0,0.0,3.53
GOOGL,2022-10-18 00:00:00-04:00,102.15789223033175,102.49469131471892,99.0276823713602,99.82013702392578,24060700.0,0.0,0.0,0.8
GOOGL,2022-10-19 00:00:00-04:00,99.06730275919794,100.06777700633921,97.98757322485923,98.69087982177734,23811100.0,0.0,0.0,-1.13
GOOGL,2022-10-20 00:00:00-04:00,99.05739545279849,101.35552672500424,98.45314473593805,99.02767944335938,25323200.0,0.0,0.0,0.34
GOOGL,2022-10-21 00:00:00-04:00,96.92765376947044,100.35503852708132,96.79888188427095,100.1767349243164,32458700.0,0.0,0.0,1.16
GOOGL,2022-10-24 00:00:00-04:00,100.84042777161125,101.78146996975107,99.03758354500583,101.55363464355469,27176400.0,0.0,0.0,1.37
GOOGL,2022-10-25 00:00:00-04:00,101.93006943778678,103.83196976605646,101.751765809669,103.49517822265625,40611400.0,0.0,0.0,1.91
GOOGL,2022-10-26 00:00:00-04:00,95.52105546451727,97.38333194848032,93.79745874225998,94.03519439697266,88114100.0,0.0,0.0,-9.14
GOOGL,2022-10-27 00:00:00-04:00,93.62904644695233,94.53047236921812,90.9346916507101,91.3507308959961,60710900.0,0.0,0.0,-2.85
GOOGL,2022-10-28 00:00:00-04:00,91.40025102932333,95.63991369751206,91.26157128700885,95.38236236572266,43697300.0,0.0,0.0,4.41
GOOGL,2022-10-31 00:00:00-04:00,94.52057434230903,95.12482511935792,93.09415284479122,93.61915588378906,31675000.0,0.0,0.0,-1.85
GOOGL,2022-11-01 00:00:00-04:00,94.55027964071681,95.12481434026306,89.51816976437351,89.61722564697266,47161400.0,0.0,0.0,-4.27
GOOGL,2022-11-02 00:00:00-04:00,90.0827948258783,90.32053045090788,86.06105956611515,86.15021514892578,57038300.0,0.0,0.0,-3.87
GOOGL,2022-11-03 00:00:00-04:00,85.50634332478795,85.70445509240571,82.55442961941449,82.64358520507812,61288000.0,0.0,0.0,-4.07
GOOGL,2022-11-04 00:00:00-04:00,84.59502310696469,85.82333277984429,82.9209505890823,85.76390075683594,51124900.0,0.0,0.0,3.78
GOOGL,2022-11-07 00:00:00-05:00,86.45729778160043,88.06203038731945,86.03135065796711,87.65589141845703,34078900.0,0.0,0.0,2.21
GOOGL,2022-11-08 00:00:00-05:00,88.0620346069336,89.46864794494398,86.7643774616038,88.0620346069336,30429000.0,0.0,0.0,0.46
GOOGL,2022-11-09 00:00:00-05:00,87.616271304768,88.59694505123552,86.4573014852848,86.4969253540039,31769100.0,0.0,0.0,-1.78
GOOGL,2022-11-10 00:00:00-05:00,91.38044725273583,93.50027490961016,90.74648052680031,93.05451965332031,51620100.0,0.0,0.0,7.58
GOOGL,2022-11-11 00:00:00-05:00,93.79744759770195,96.01633107883713,93.03470144146593,95.50123596191406,33090500.0,0.0,0.0,2.63
GOOGL,2022-11-14 00:00:00-05:00,94.19366195618655,95.87764200326617,93.61913487792694,94.79791259765625,30179500.0,0.0,0.0,-0.74
GOOGL,2022-11-15 00:00:00-05:00,97.33381184067372,99.19608840231544,95.79841898384171,97.51211547851562,41640800.0,0.0,0.0,2.86
GOOGL,2022-11-16 00:00:00-05:00,96.97719352688098,98.7007901248497,96.71964217765083,97.9182357788086,29105200.0,0.0,0.0,0.42
GOOGL,2022-11-17 00:00:00-05:00,96.0559790864351,98.3442030153281,95.8776754323992,97.43287658691406,26052600.0,0.0,0.0,-0.5
GOOGL,2022-11-18 00:00:00-05:00,97.8389927582132,97.96777221776902,95.46162115308442,96.51162719726562,28342300.0,0.0,0.0,-0.95
GOOGL,2022-11-21 00:00:00-05:00,96.37294018625333,97.47247787174473,94.46113216672569,94.69886779785156,21647400.0,0.0,0.0,-1.88
GOOGL,2022-11-22 00:00:00-05:00,95.04557824487563,96.30361153605567,93.16349357268429,96.13521575927734,23438500.0,0.0,0.0,1.52
GOOGL,2022-11-23 00:00:00-05:00,96.17483972224804,97.82910428140612,96.17483972224804,97.53192901611328,18868100.0,0.0,0.0,1.45
GOOGL,2022-11-25 00:00:00-05:00,97.31398252976868,97.71021362044154,96.48190404108719,96.54133605957031,9701400.0,0.0,0.0,-1.02
GOOGL,2022-11-28 00:00:00-05:00,96.12530422953257,96.66021510957758,94.70878307241713,95.14463806152344,26237500.0,0.0,0.0,-1.45
GOOGL,2022-11-29 00:00:00-05:00,94.82765072592701,95.21397397473142,93.22291815263816,94.29273986816406,20061700.0,0.0,0.0,-0.9
GOOGL,2022-11-30 00:00:00-05:00,93.92622347217593,100.08759477077614,93.52999237293703,100.0380630493164,43647500.0,0.0,0.0,6.09
GOOGL,2022-12-01 00:00:00-05:00,100.06777905920039,101.28618836680111,99.30504042808617,100.0380630493164,28687100.0,0.0,0.0,0.0
GOOGL,2022-12-02 00:00:00-05:00,98.11636587483002,99.82014694810282,97.96777825098889,99.4932632446289,21480700.0,0.0,0.0,-0.54
GOOGL,2022-12-05 00:00:00-05:00,98.46306488202106,100.4243973246171,98.06683373925524,98.54231262207031,24405100.0,0.0,0.0,-0.96
GOOGL,2022-12-06 00:00:00-05:00,98.3640036262318,98.83947492565986,95.51114559974337,96.06587219238281,24910700.0,0.0,0.0,-2.51
GOOGL,2022-12-07 00:00:00-05:00,95.501250078082,95.96681354446217,93.8271774750463,94.04510498046875,31045400.0,0.0,0.0,-2.1
GOOGL,2022-12-08 00:00:00-05:00,94.48093971104322,94.67905903360328,92.56913170384522,92.8266830444336,32213300.0,0.0,0.0,-1.3
GOOGL,2022-12-09 00:00:00-05:00,92.8861287032563,93.37151544670037,91.8757464609982,91.95499420166016,28225400.0,0.0,0.0,-0.94
GOOGL,2022-12-12 00:00:00-05:00,91.83611517682478,92.67810157031386,90.74648528186952,92.43045806884766,29420000.0,0.0,0.0,0.52
GOOGL,2022-12-13 00:00:00-05:00,96.83851164366295,98.59182421305074,94.13424142996912,94.72858428955078,40593700.0,0.0,0.0,2.49
GOOGL,2022-12-14 00:00:00-05:00,94.30264580617633,95.95691020054102,92.71772884995525,94.17387390136719,28733600.0,0.0,0.0,-0.59
GOOGL,2022-12-15 00:00:00-05:00,92.25215497887433,92.75734984088065,89.16156889949431,90.00355529785156,40107000.0,0.0,0.0,-4.43
GOOGL,2022-12-16 00:00:00-05:00,89.90448952704405,90.4691163492958,88.67617244628515,89.4092025756836,58011800.0,0.0,0.0,-0.66
GOOGL,2022-12-19 00:00:00-05:00,89.40919786544136,89.70636548611482,87.37851844885179,87.60635375976562,29493000.0,0.0,0.0,-2.02
GOOGL,2022-12-20 00:00:00-05:00,87.27948209800233,88.33939605285829,86.61579928348552,88.18090057373047,23453800.0,0.0,0.0,0.66
GOOGL,2022-12-21 00:00:00-05:00,88.24033160326711,89.36958533140333,87.48749326534973,88.7356185913086,24745600.0,0.0,0.0,0.63
GOOGL,2022-12-22 00:00:00-05:00,87.32900852106096,87.705423924909,85.50634840918426,86.93277740478516,27658300.0,0.0,0.0,-2.03
GOOGL,2022-12-23 00:00:00-05:00,86.28890398968787,88.70590703096771,86.24928012175934,88.38892364501953,23003000.0,0.0,0.0,1.68
GOOGL,2022-12-27 00:00:00-05:00,87.96296650718489,88.101646250422,86.18983829581997,86.56625366210938,20097300.0,0.0,0.0,-2.06
GOOGL,2022-12-28 00:00:00-05:00,86.16013283342589,87.21013889144778,85.12993493079983,85.20917510986328,19523200.0,0.0,0.0,-1.57
GOOGL,2022-12-29 00:00:00-05:00,85.80351972764441,88.01249544149027,85.79361187188182,87.61626434326172,23333500.0,0.0,0.0,2.82
GOOGL,2022-12-30 00:00:00-05:00,86.16013598837714,87.46769345930478,85.75399699182971,87.39835357666016,23986300.0,0.0,0.0,-0.25
GOOGL,2023-01-03 00:00:00-05:00,88.74551641039932,90.19176102565882,87.68560258790053,88.27995300292969,28131200.0,0.0,0.0,1.01
GOOGL,2023-01-04 00:00:00-05:00,89.49836324025155,89.79553847603304,86.44739337515158,87.24976348876953,34854800.0,0.0,0.0,-1.17
GOOGL,2023-01-05 00:00:00-05:00,86.64551498875126,86.74457088411417,85.0903140033644,85.38748168945312,27194400.0,0.0,0.0,-2.13
GOOGL,2023-01-06 00:00:00-05:00,85.97192008580211,86.8634382151229,84.06011192527862,86.51673126220703,41381500.0,0.0,0.0,1.32
GOOGL,2023-01-09 00:00:00-05:00,87.52712197637781,89.20119450702028,87.03183496091958,87.19032287597656,29003900.0,0.0,0.0,0.78
GOOGL,2023-01-10 00:00:00-05:00,85.16955994373511,87.83419899287388,85.02097232508895,87.58655548095703,30467800.0,0.0,0.0,0.45
GOOGL,2023-01-11 00:00:00-05:00,88.33939373373373,90.7365811115069,88.17099795969153,90.65733337402344,26862000.0,0.0,0.0,3.51
GOOGL,2023-01-12 00:00:00-05:00,90.61770300207336,91.00402621551116,88.90400684293,90.27099609375,30258100.0,0.0,0.0,-0.43
GOOGL,2023-01-13 00:00:00-05:00,89.9936452702405,91.32101834363606,89.28043078990615,91.25167846679688,26329200.0,0.0,0.0,1.09
GOOGL,2023-01-17 00:00:00-05:00,91.19223538103147,91.38044684984735,89.20118718373709,90.42949676513672,32602400.0,0.0,0.0,-0.9
GOOGL,2023-01-18 00:00:00-05:00,91.27149829926222,91.92528084237877,89.78563712761265,90.26111602783203,29116700.0,0.0,0.0,-0.19
GOOGL,2023-01-19 00:00:00-05:00,89.86487339203985,92.72763161249016,89.77571780323882,92.17291259765625,37000400.0,0.0,0.0,2.12
GOOGL,2023-01-20 00:00:00-05:00,94.2035947962255,97.37343643044791,94.12434705493682,97.0960693359375,63191100.0,0.0,0.0,5.34
GOOGL,2023-01-23 00:00:00-05:00,97.02670542351044,99.09700869646407,96.58095021474156,98.849365234375,40005100.0,0.0,0.0,1.81
GOOGL,2023-01-24 00:00:00-05:00,97.17530672932803,98.6710755675798,96.28378862846672,96.7790756225586,33078500.0,0.0,0.0,-2.09
GOOGL,2023-01-25 00:00:00-05:00,94.66914808677848,95.253590622397,92.87621173166306,94.32244873046875,42330000.0,0.0,0.0,-2.54
GOOGL,2023-01-26 00:00:00-05:00,95.59038693126605,96.65030076385241,94.48094137779603,96.60076904296875,30114000.0,0.0,0.0,2.42
GOOGL,2023-01-27 00:00:00-05:00,96.39274691143376,99.37437656306163,96.39274691143376,98.43333435058594,33879800.0,0.0,0.0,1.9
GOOGL,2023-01-30 00:00:00-05:00,96.56116365118157,97.36352622934069,95.49134184198249,96.02625274658203,27226200.0,0.0,0.0,-2.45
GOOGL,2023-01-31 00:00:00-05:00,95.95690834730202,97.94795669253232,95.9073766231504,97.90833282470703,29870700.0,0.0,0.0,1.96
GOOGL,2023-02-01 00:00:00-05:00,97.77955657834522,100.23618337201236,96.66021070256011,99.48334503173828,35531100.0,0.0,0.0,1.61
GOOGL,2023-02-02 00:00:00-05:00,104.80273309148161,106.83340527382167,104.61452161152837,106.72444152832031,69883800.0,0.0,0.0,7.28
GOOGL,2023-02-03 00:00:00-05:00,101.9597827400415,106.79378116863643,101.61308334943693,103.79234313964844,65309300.0,0.0,0.0,-2.75
GOOGL,2023-02-06 00:00:00-05:00,101.43478195583818,103.37630614338306,100.91967922920541,101.93006896972656,31999600.0,0.0,0.0,-1.79
GOOGL,2023-02-07 00:00:00-05:00,102.2470463384407,107.1602923201408,102.14799045298909,106.62538146972656,49010200.0,0.0,0.0,4.61
GOOGL,2023-02-08 00:00:00-05:00,101.08807279083534,102.16779474920261,97.11586920713648,98.43333435058594,94743500.0,0.0,0.0,-7.68
GOOGL,2023-02-09 00:00:00-05:00,99.05740322268637,99.08711923445635,92.7474439167084,94.11444091796875,119455000.0,0.0,0.0,-4.39
GOOGL,2023-02-10 00:00:00-05:00,94.55029902261634,95.83804843281975,93.36161307279856,93.67859649658203,54980700.0,0.0,0.0,-0.46
GOOGL,2023-02-13 00:00:00-05:00,93.84698785432812,94.30265103215068,92.9554696553359,93.71821594238281,50076100.0,0.0,0.0,0.04
GOOGL,2023-02-14 00:00:00-05:00,93.5399083660003,93.95594765552765,91.3903644792954,93.78755187988281,54726100.0,0.0,0.0,0.07
GOOGL,2023-02-15 00:00:00-05:00,93.5993417410389,96.20455638144854,93.26255018489125,96.02625274658203,50169000.0,0.0,0.0,2.39
GOOGL,2023-02-16 00:00:00-05:00,94.47104619514022,96.75926974325574,93.8469797311233,94.60972595214844,42462600.0,0.0,0.0,-1.48
GOOGL,2023-02-17 00:00:00-05:00,93.95594221146911,94.65924884324633,92.33140145912851,93.46065521240234,34284100.0,0.0,0.0,-1.21
GOOGL,2023-02-21 00:00:00-05:00,92.12338307581045,92.22243896547124,90.85544955020039,90.92478942871094,33629300.0,0.0,0.0,-2.71
GOOGL,2023-02-22 00:00:00-05:00,90.83561882343186,91.24175772863377,89.75589695688203,90.78609466552734,30884000.0,0.0,0.0,-0.15
GOOGL,2023-02-23 00:00:00-05:00,91.05356181773953,91.07337753026592,88.9139258711701,90.03327178955078,41206400.0,0.0,0.0,-0.83
GOOGL,2023-02-24 00:00:00-05:00,88.59693137343157,89.04268660211446,87.74503722118865,88.28984832763672,36585100.0,0.0,0.0,-1.94
GOOGL,2023-02-27 00:00:00-05:00,89.02288055419922,89.31014789674506,88.49787003042141,89.02288055419922,27502300.0,0.0,0.0,0.83
GOOGL,2023-02-28 00:00:00-05:00,88.48797531575339,90.37006738645363,88.47806745987378,89.21109008789062,30142000.0,0.0,0.0,0.21
GOOGL,2023-03-01 00:00:00-05:00,89.13185485166831,90.17195305226244,88.82477176222423,89.50827026367188,31111200.0,0.0,0.0,0.33
GOOGL,2023-03-02 00:00:00-05:00,88.8148579824483,91.41015671927016,88.74551055545453,91.13279724121094,32204400.0,0.0,0.0,1.81
GOOGL,2023-03-03 00:00:00-05:00,91.6082879107454,92.84650542514655,91.57856434211662,92.76725769042969,35160100.0,0.0,0.0,1.79
GOOGL,2023-03-06 00:00:00-05:00,93.13376908199567,95.06539301867707,93.11396092623885,94.23330688476562,32639300.0,0.0,0.0,1.58
GOOGL,2023-03-07 00:00:00-05:00,94.08473413674669,94.76822514695328,92.64839711461225,92.97528839111328,27835500.0,0.0,0.0,-1.34
GOOGL,2023-03-08 00:00:00-05:00,93.23282326049596,95.05547570805707,93.11395166533696,93.3615951538086,34103300.0,0.0,0.0,0.42
GOOGL,2023-03-09 00:00:00-05:00,93.16348729195221,94.62953257298054,91.0337516903099,91.44979095458984,28813500.0,0.0,0.0,-2.05
GOOGL,2023-03-10 00:00:00-05:00,91.3011957932537,91.91535434031455,89.54788329165427,89.77571105957031,35941000.0,0.0,0.0,-1.83
GOOGL,2023-03-13 00:00:00-04:00,89.24080055798404,91.6974271975187,88.57711784736642,90.25119018554688,37335600.0,0.0,0.0,0.53
GOOGL,2023-03-14 00:00:00-04:00,91.6875307500272,93.47056704552529,91.56866670198077,93.08424377441406,36050200.0,0.0,0.0,3.14
GOOGL,2023-03-15 00:00:00-04:00,92.34130529029962,96.01633375629301,91.7667705826294,95.20406341552734,50622100.0,0.0,0.0,2.28
GOOGL,2023-03-16 00:00:00-04:00,95.29322910628024,100.23619949907055,94.59983023228206,99.37439727783203,65492000.0,0.0,0.0,4.38
GOOGL,2023-03-17 00:00:00-04:00,99.31495855039098,101.87063391183739,99.15646307131937,100.66213989257812,61028500.0,0.0,0.0,1.3
GOOGL,2023-03-20 00:00:00-04:00,99.17627733608008,100.79091032876192,98.9286338217588,100.26590728759766,32960400.0,0.0,0.0,-0.39
GOOGL,2023-03-21 00:00:00-04:00,100.29561786462173,104.10932626699038,100.26590185371047,103.93102264404297,42110300.0,0.0,0.0,3.66
GOOGL,2023-03-22 00:00:00-04:00,103.28715576562607,105.58528732379419,102.3560212715924,102.39564514160156,43427400.0,0.0,0.0,-1.48
GOOGL,2023-03-23 00:00:00-04:00,104.06970338391277,105.29802060137733,103.47536048762859,104.6046142578125,40797800.0,0.0,0.0,2.16
GOOGL,2023-03-24 00:00:00-04:00,104.00036599422383,104.49565301256042,102.86120434055363,104.44612884521484,30393300.0,0.0,0.0,-0.15
GOOGL,2023-03-27 00:00:00-04:00,103.6338527182764,103.77253247115901,100.96920628828376,101.49420928955078,31120900.0,0.0,0.0,-2.83
GOOGL,2023-03-28 00:00:00-04:00,101.474403093689,101.48430339231476,98.79984875616225,100.07769012451172,32057900.0,0.0,0.0,-1.4
GOOGL,2023-03-29 00:00:00-04:00,101.3158981992788,101.52391781326301,99.70126544836577,100.43428802490234,28779600.0,0.0,0.0,0.36
GOOGL,2023-03-30 00:00:00-04:00,99.95881870147095,100.20646218346947,98.8394653260509,99.93900299072266,33086200.0,0.0,0.0,-0.49
GOOGL,2023-03-31 00:00:00-04:00,100.34514795022433,102.91073095009241,100.08759659739673,102.75224304199219,36863400.0,0.0,0.0,2.81
GOOGL,2023-04-03 00:00:00-04:00,101.42488009655725,103.54470803674319,100.96921692373489,103.37631225585938,25035400.0,0.0,0.0,0.61
GOOGL,2023-04-04 00:00:00-04:00,103.34658690208836,104.5848043981141,103.05931953611281,103.73291015625,24420100.0,0.0,0.0,0.34
GOOGL,2023-04-05 00:00:00-04:00,104.78292489397982,105.09990829704094,102.68291268275507,103.48527526855469,28290500.0,0.0,0.0,-0.24
GOOGL,2023-04-06 00:00:00-04:00,104.26782317730506,108.14096365506636,103.34658903891498,107.39803314208984,48711500.0,0.0,0.0,3.78
GOOGL,2023-04-10 00:00:00-04:00,105.9716174482436,106.57586067871368,104.12914907145701,105.43670654296875,27067400.0,0.0,0.0,-1.83
GOOGL,2023-04-11 00:00:00-04:00,105.5456573857056,105.72396099898825,103.69328137868473,104.35696411132812,26311800.0,0.0,0.0,-1.02
GOOGL,2023-04-12 00:00:00-04:00,105.57537185911791,105.74376761435744,103.35648080221837,103.65365600585938,24370300.0,0.0,0.0,-0.67
GOOGL,2023-04-13 00:00:00-04:00,104.84233439158697,106.47678278263339,104.84233439158697,106.41735076904297,24843600.0,0.0,0.0,2.67
GOOGL,2023-04-14 00:00:00-04:00,105.8824559006008,107.9131356551454,105.83292417683923,107.84379577636719,26578000.0,0.0,0.0,1.34
GOOGL,2023-04-17 00:00:00-04:00,103.67348082004237,105.15934185375801,103.53479350401396,104.97113037109375,37571200.0,0.0,0.0,-2.66
GOOGL,2023-04-18 00:00:00-04:00,105.4862165216186,105.53574824150101,103.08902940590605,103.51497650146484,26596400.0,0.0,0.0,-1.39
GOOGL,2023-04-19 00:00:00-04:00,102.60365516744423,103.99046025776919,102.0984603190622,103.197998046875,20905700.0,0.0,0.0,-0.31
GOOGL,2023-04-20 00:00:00-04:00,102.93055686919203,105.2484966020609,102.89093299886771,104.29754638671875,27820800.0,0.0,0.0,1.07
GOOGL,2023-04-21 00:00:00-04:00,104.47584437704927,105.00084740487684,103.79234587649182,104.41641235351562,25800100.0,0.0,0.0,0.11
GOOGL,2023-04-24 00:00:00-04:00,104.49565151501353,105.62490529603902,103.71309713035903,104.97113037109375,23542800.0,0.0,0.0,0.53
GOOGL,2023-04-25 00:00:00-04:00,104.83244886590656,105.68434311564164,102.86120115263496,102.87110900878906,46664100.0,0.0,0.0,-2.0
GOOGL,2023-04-26 00:00:00-04:00,103.93102314766244,105.3475442819754,101.66260776152602,102.73242950439453,53347600.0,0.0,0.0,-0.13
GOOGL,2023-04-27 00:00:00-04:00,103.46545713822148,107.34851318187737,102.56403867704657,106.57585906982422,50089200.0,0.0,0.0,3.74
GOOGL,2023-04-28 00:00:00-04:00,106.03104886760178,106.3381244094829,104.09942490557832,106.32821655273438,36139800.0,0.0,0.0,-0.23
GOOGL,2023-05-01 00:00:00-04:00,105.83292977932275,106.97209146882285,105.81312162325753,106.18953704833984,26681700.0,0.0,0.0,-0.13
GOOGL,2023-05-02 00:00:00-04:00,106.13009189782639,106.18952391615264,102.73242296305273,104.3272476196289,30997200.0,0.0,0.0,-1.75
GOOGL,2023-05-03 00:00:00-04:00,104.53527640058293,106.47680059664341,103.97064950457289,104.41641235351562,21795400.0,0.0,0.0,0.09
GOOGL,2023-05-04 00:00:00-04:00,104.49564832384382,104.6046120675871,102.98997918095117,103.70319366455078,23419500.0,0.0,0.0,-0.68
GOOGL,2023-05-05 00:00:00-04:00,103.83197483499484,104.88198094212609,103.12866814460686,104.57490539550781,26639300.0,0.0,0.0,0.84
GOOGL,2023-05-08 00:00:00-04:00,104.18856750875773,106.94236185797475,104.16875935521117,106.754150390625,26511400.0,0.0,0.0,2.08
GOOGL,2023-05-09 00:00:00-04:00,107.36831739425581,109.1117297850802,106.17963159356827,106.33811950683594,36360100.0,0.0,0.0,-0.39
GOOGL,2023-05-10 00:00:00-04:00,106.95227902689095,111.87543315591678,106.91265515886795,110.69664764404297,63153400.0,0.0,0.0,4.1
GOOGL,2023-05-11 00:00:00-04:00,114.312259599574,116.80850315800811,113.33159329706214,115.47122955322266,78900000.0,0.0,0.0,4.31
GOOGL,2023-05-12 00:00:00-04:00,115.58018073153592,116.91745419072438,115.01555382399056,116.40235900878906,41102300.0,0.0,0.0,0.81
GOOGL,2023-05-15 00:00:00-04:00,115.01555779431223,117.36322110013674,114.916501897153,115.41178894042969,36266800.0,0.0,0.0,-0.85
GOOGL,2023-05-16 00:00:00-04:00,115.39195403994484,119.61180106311025,115.33252202302734,118.38349151611328,45035600.0,0.0,0.0,2.57
GOOGL,2023-05-17 00:00:00-04:00,118.48255646699654,120.52313648382196,117.76934197947081,119.70095825195312,33323600.0,0.0,0.0,1.11
GOOGL,2023-05-18 00:00:00-04:00,119.80991915569436,122.14767433938904,119.69105511557814,121.67220306396484,35234200.0,0.0,0.0,1.65
GOOGL,2023-05-19 00:00:00-04:00,122.38542917681221,124.78261660860367,120.99862396952213,121.60287475585938,41353400.0,0.0,0.0,-0.06
GOOGL,2023-05-22 00:00:00-04:00,121.78117269366314,125.23827391464934,121.5830533547579,123.87128448486328,35253000.0,0.0,0.0,1.87
GOOGL,2023-05-23 00:00:00-04:00,122.98967145510028,123.45523488676992,121.05804762080852,121.40474700927734,34046300.0,0.0,0.0,-1.99
GOOGL,2023-05-24 00:00:00-04:00,119.97833399859127,120.76088842026384,118.73020855513421,119.76040649414062,34182600.0,0.0,0.0,-1.35
GOOGL,2023-05-25 00:00:00-04:00,123.34626847305567,124.1387306788188,120.81040150658113,122.31607818603516,42317000.0,0.0,0.0,2.13
GOOGL,2023-05-26 00:00:00-04:00,122.00900338994037,124.07930707525598,121.29578886786955,123.43543243408203,35635900.0,0.0,0.0,0.92
GOOGL,2023-05-30 00:00:00-04:00,124.45571975597146,124.47553546863793,120.85003091363836,122.50428771972656,35076700.0,0.0,0.0,-0.75
GOOGL,2023-05-31 00:00:00-04:00,121.59296616037301,122.89061576373155,121.34532264477143,121.71183776855469,37325800.0,0.0,0.0,-0.65
GOOGL,2023-06-01 00:00:00-04:00,121.66229962836286,123.24721653315949,121.46418784931825,122.55381774902344,30772700.0,0.0,0.0,0.69
GOOGL,2023-06-02 00:00:00-04:00,122.8212671711218,124.96091062176546,122.59343938511499,123.49485778808594,26980100.0,0.0,0.0,0.77
GOOGL,2023-06-05 00:00:00-04:00,122.84107954751497,126.22884069489605,122.67267622973692,124.82222747802734,32305500.0,0.0,0.0,1.07
GOOGL,2023-06-06 00:00:00-04:00,124.82222846227405,127.08072835419054,124.17835386828453,126.10997009277344,26638300.0,0.0,0.0,1.03
GOOGL,2023-06-07 00:00:00-04:00,125.77318888731985,127.8236693200009,120.96890623532141,121.34532165527344,52539000.0,0.0,0.0,-3.78
GOOGL,2023-06-08 00:00:00-04:00,121.07787172154566,122.06844579007429,120.09719795231644,120.98871612548828,29389200.0,0.0,0.0,-0.29
GOOGL,2023-06-09 00:00:00-04:00,121.0976584943784,122.59342718983049,120.76086699813939,121.07785034179688,23778300.0,0.0,0.0,0.07
GOOGL,2023-06-12 00:00:00-04:00,121.63258482252455,122.88071020381717,120.51323890061894,122.47457122802734,28306400.0,0.0,0.0,1.15
GOOGL,2023-06-13 00:00:00-04:00,123.80195007836575,123.9802537125225,122.01891373679837,122.66278839111328,22278300.0,0.0,0.0,0.15
GOOGL,2023-06-14 00:00:00-04:00,121.93966082841287,122.88071068558905,120.3052121775111,122.50428771972656,30592300.0,0.0,0.0,-0.13
GOOGL,2023-06-15 00:00:00-04:00,121.97929507217137,124.27742670076466,121.2462723482399,123.9109115600586,35246300.0,0.0,0.0,1.15
GOOGL,2023-06-16 00:00:00-04:00,124.742979611465,124.92128322731656,122.11795709489255,122.3656005859375,45535600.0,0.0,0.0,-1.25
GOOGL,2023-06-20 00:00:00-04:00,121.77127096960723,123.39581184304008,120.98871654585305,121.93966674804688,26097500.0,0.0,0.0,-0.35
GOOGL,2023-06-21 00:00:00-04:00,121.24625664021467,121.50380799105953,118.96793346366026,119.4136962890625,30306300.0,0.0,0.0,-2.07
GOOGL,2023-06-22 00:00:00-04:00,118.86887211406463,122.07832954505015,117.70990242474754,121.98918151855469,26952200.0,0.0,0.0,2.16
GOOGL,2023-06-23 00:00:00-04:00,120.23586326986775,121.6325761662558,119.91887990832626,121.18681335449219,34913600.0,0.0,0.0,-0.66
GOOGL,2023-06-26 00:00:00-04:00,119.62171252918014,120.85002211325339,117.15517794794245,117.22451782226562,33969900.0,0.0,0.0,-3.27
GOOGL,2023-06-27 00:00:00-04:00,115.97641255413603,117.95756067064339,115.0056466517561,117.21463012695312,39535900.0,0.0,0.0,-0.01
GOOGL,2023-06-28 00:00:00-04:00,115.98629524127514,119.25519216013541,115.74855961948795,119.04717254638672,27091400.0,0.0,0.0,1.56
GOOGL,2023-06-29 00:00:00-04:00,118.11602042873513,118.92829066054165,117.18488617506523,117.97734069824219,24090900.0,0.0,0.0,-0.9
GOOGL,2023-06-30 00:00:00-04:00,119.03724904631274,119.93867481156305,118.56177786522888,118.5716781616211,29532200.0,0.0,0.0,0.5
GOOGL,2023-07-03 00:00:00-04:00,118.11604630300786,119.05709617461561,117.7000070203923,118.76982879638672,14467900.0,0.0,0.0,0.17
GOOGL,2023-07-05 00:00:00-04:00,118.11602863359306,121.45426536658378,118.10612833606906,120.60237121582031,27584800.0,0.0,0.0,1.54
GOOGL,2023-07-06 00:00:00-04:00,118.67076110569717,119.16604807599226,117.28395607737501,118.97783660888672,24745200.0,0.0,0.0,-1.35
GOOGL,2023-07-07 00:00:00-04:00,118.96792601666532,119.90897577306588,118.2745272971948,118.35377502441406,21709500.0,0.0,0.0,-0.52
GOOGL,2023-07-10 00:00:00-04:00,117.18492416800565,117.19482446805175,115.04528039102149,115.35235595703125,35315200.0,0.0,0.0,-2.54
GOOGL,2023-07-11 00:00:00-04:00,115.19384889567219,116.60046213170129,114.2627069372542,116.03583526611328,23078800.0,0.0,0.0,0.59
GOOGL,2023-07-12 00:00:00-04:00,117.6802033104753,119.1957804383142,117.2938800252411,117.80897521972656,30404400.0,0.0,0.0,1.53
GOOGL,2023-07-13 00:00:00-04:00,119.79011606460736,123.65335623874292,119.31463721160668,123.3660888671875,44297900.0,0.0,0.0,4.72
GOOGL,2023-07-14 00:00:00-04:00,123.62363431555437,125.58496654137278,122.3259772774838,124.23778533935547,33283100.0,0.0,0.0,0.71
GOOGL,2023-07-17 00:00:00-04:00,124.75289325990691,125.90195518182102,123.02928904081584,123.47505187988281,25716200.0,0.0,0.0,-0.61
GOOGL,2023-07-18 00:00:00-04:00,123.42552338695492,123.5047711236384,121.8009825723442,122.59344482421875,26193600.0,0.0,0.0,-0.71
GOOGL,2023-07-19 00:00:00-04:00,123.42552039211267,124.00005513290701,120.6519176928117,120.87974548339844,37224000.0,0.0,0.0,-1.4
GOOGL,2023-07-20 00:00:00-04:00,120.27549147201748,122.92032219876853,117.10565774229482,118.076416015625,37906800.0,0.0,0.0,-2.32
GOOGL,2023-07-21 00:00:00-04:00,119.48304524220468,119.84955280579004,117.61086088273697,118.8886947631836,72937900.0,0.0,0.0,0.69
GOOGL,2023-07-24 00:00:00-04:00,120.51324754724001,121.84061320168395,119.83965686301278,120.38446807861328,29686100.0,0.0,0.0,1.26
GOOGL,2023-07-25 00:00:00-04:00,120.21606564367339,121.98919407545517,119.87926654145934,121.05805206298828,52509600.0,0.0,0.0,0.56
GOOGL,2023-07-26 00:00:00-04:00,128.84399130044065,129.74540232003605,127.11048647935046,128.05152893066406,61682100.0,0.0,0.0,5.78
GOOGL,2023-07-27 00:00:00-04:00,130.4288745072281,131.98408291547318,127.57601659985137,128.18026733398438,44952100.0,0.0,0.0,0.1
GOOGL,2023-07-28 00:00:00-04:00,129.54728577745465,132.47939190410833,129.33927367089592,131.330322265625,36591200.0,0.0,0.0,2.46
GOOGL,2023-07-31 00:00:00-04:00,131.47889444011693,132.27135673334078,130.53785207970907,131.468994140625,28055500.0,0.0,0.0,0.11
GOOGL,2023-08-01 00:00:00-04:00,129.54726660464158,131.3798345519529,129.44820315858595,130.3100128173828,23166800.0,0.0,0.0,-0.88
GOOGL,2023-08-02 00:00:00-04:00,128.22980534062592,128.863772116118,126.35762102589456,127.1698989868164,26273300.0,0.0,0.0,-2.41
GOOGL,2023-08-03 00:00:00-04:00,126.76375600704365,128.1703692734465,126.21893728397501,127.23922729492188,20089500.0,0.0,0.0,0.05
GOOGL,2023-08-04 00:00:00-04:00,128.0614204630477,130.27039650877546,126.70433876138416,126.90245056152344,26147200.0,0.0,0.0,-0.26
GOOGL,2023-08-07 00:00:00-04:00,127.94252121991917,130.36942411285528,127.80384148646446,130.29017639160156,22746300.0,0.0,0.0,2.67
GOOGL,2023-08-08 00:00:00-04:00,129.388776187967,130.2703864784232,128.3189544116336,130.1614227294922,23535200.0,0.0,0.0,-0.1
GOOGL,2023-08-09 00:00:00-04:00,130.41898380481655,130.79539166782024,127.78405318898797,128.43783569335938,24912900.0,0.0,0.0,-1.32
GOOGL,2023-08-10 00:00:00-04:00,130.08216956285366,130.8052842652116,128.22978612358457,128.467529296875,20857800.0,0.0,0.0,0.02
GOOGL,2023-08-11 00:00:00-04:00,127.44726500702475,128.70528320828737,126.96187826549951,128.33877563476562,19591100.0,0.0,0.0,-0.1
GOOGL,2023-08-14 00:00:00-04:00,128.17035575719427,130.13168783844867,127.74441623723257,130.09207153320312,24695600.0,0.0,0.0,1.37
GOOGL,2023-08-15 00:00:00-04:00,129.86425127440808,130.18122707956528,128.06139942490483,128.5566864013672,19770700.0,0.0,0.0,-1.18
GOOGL,2023-08-16 00:00:00-04:00,127.48686218261719,129.05197081090222,126.66469156172764,127.48686218261719,25216100.0,0.0,0.0,-0.83
GOOGL,2023-08-17 00:00:00-04:00,128.57652473546727,130.74588449246144,128.0713222570123,128.6953887939453,33446300.0,0.0,0.0,0.95
GOOGL,2023-08-18 00:00:00-04:00,127.29865833833011,128.03168853418597,125.18873845493916,126.25856018066406,30504800.0,0.0,0.0,-1.89
GOOGL,2023-08-21 00:00:00-04:00,125.98120284160333,127.51658802197558,125.36704423496647,127.15998077392578,25248700.0,0.0,0.0,0.71
GOOGL,2023-08-22 00:00:00-04:00,127.29867725276166,129.0519977122379,127.1104808627847,127.86331176757812,22054900.0,0.0,0.0,0.55
GOOGL,2023-08-23 00:00:00-04:00,128.9529093119667,132.15247404718667,128.6458338064408,131.1222686767578,27819700.0,0.0,0.0,2.55
GOOGL,2023-08-24 00:00:00-04:00,132.68737797126798,132.9845531801372,128.34867433563005,128.5566864013672,28500700.0,0.0,0.0,-1.96
GOOGL,2023-08-25 00:00:00-04:00,128.31895505629643,129.52745659961704,126.05054714528603,128.65576171875,26762900.0,0.0,0.0,0.08
GOOGL,2023-08-28 00:00:00-04:00,130.07226065194624,131.2906623566744,128.91329096477185,129.77508544921875,20543300.0,0.0,0.0,0.87
GOOGL,2023-08-29 00:00:00-04:00,130.99350506379912,135.28269209662818,130.99350506379912,133.30154418945312,43075600.0,0.0,0.0,2.72
GOOGL,2023-08-30 00:00:00-04:00,133.50955996250931,134.9954209341487,132.8062609003106,134.5991973876953,28315800.0,0.0,0.0,0.97
GOOGL,2023-08-31 00:00:00-04:00,134.7279791243435,136.69922704264897,134.51005161116558,134.886474609375,30053800.0,0.0,0.0,0.21
GOOGL,2023-09-01 00:00:00-04:00,136.16432303188128,136.16432303188128,133.5789240149797,134.38128662109375,21543700.0,0.0,0.0,-0.37
GOOGL,2023-09-05 00:00:00-04:00,134.1633431456703,135.13410142022065,133.31144891270912,134.490234375,19403100.0,0.0,0.0,0.08
GOOGL,2023-09-06 00:00:00-04:00,134.73788957021387,135.24307690579013,132.4100344539137,133.19259643554688,18684500.0,0.0,0.0,-0.96
GOOGL,2023-09-07 00:00:00-04:00,132.33077439469866,134.30202205679186,131.69680765193374,133.9850311279297,18844300.0,0.0,0.0,0.59
GOOGL,2023-09-08 00:00:00-04:00,133.63833748155875,135.3718419233677,133.57890546194733,135.094482421875,23558300.0,0.0,0.0,0.83
GOOGL,2023-09-11 00:00:00-04:00,135.2529715626258,136.18411357030033,134.51004103926334,135.62939453125,20763400.0,0.0,0.0,0.4
GOOGL,2023-09-12 00:00:00-04:00,134.97561156998864,135.5798623314705,133.91570522015272,134.0642852783203,18405500.0,0.0,0.0,-1.15
GOOGL,2023-09-13 00:00:00-04:00,133.8166464595188,135.60958309403551,132.88550442248655,135.42138671875,20749500.0,0.0,0.0,1.01
GOOGL,2023-09-14 00:00:00-04:00,136.30300699996283,137.3926294793097,134.95582557198202,136.7982940673828,24751000.0,0.0,0.0,1.02
GOOGL,2023-09-15 00:00:00-04:00,136.6794084421126,137.21432691405798,135.19354730998145,136.10487365722656,38919600.0,0.0,0.0,-0.51
GOOGL,2023-09-18 00:00:00-04:00,135.32230226270676,137.84826875270798,135.32230226270676,136.9072265625,21861300.0,0.0,0.0,0.59
GOOGL,2023-09-19 00:00:00-04:00,136.1246795130563,137.10535323062862,135.3322172769841,136.73883056640625,20353700.0,0.0,0.0,-0.12
GOOGL,2023-09-20 00:00:00-04:00,136.77847333591484,136.77847333591484,132.36050620598186,132.47938537597656,29927500.0,0.0,0.0,-3.12
GOOGL,2023-09-21 00:00:00-04:00,130.20103839703572,130.98358514285636,128.843956964112,129.21046447753906,31503900.0,0.0,0.0,-2.47
GOOGL,2023-09-22 00:00:00-04:00,129.52744986822796,130.78548307138033,128.37839552385094,129.0222625732422,26397300.0,0.0,0.0,-0.15
GOOGL,2023-09-25 00:00:00-04:00,128.60619700665362,129.93356225804757,127.74440264589069,129.87413024902344,20094600.0,0.0,0.0,0.66
GOOGL,2023-09-26 00:00:00-04:00,128.54678661637627,129.13122162334471,126.02082000334302,127.35810089111328,25718700.0,0.0,0.0,-1.94
GOOGL,2023-09-27 00:00:00-04:00,127.35809261486546,129.66611648324476,127.35809261486546,129.30950927734375,22746500.0,0.0,0.0,1.53
GOOGL,2023-09-28 00:00:00-04:00,128.61613182423616,132.04352470913275,128.56660009843606,131.06285095214844,22513100.0,0.0,0.0,1.36
GOOGL,2023-09-29 00:00:00-04:00,132.02372890123505,132.78647527166768,129.1312540349401,129.6265411376953,30859800.0,0.0,0.0,-1.1
GOOGL,2023-10-02 00:00:00-04:00,129.97321355178073,133.15294744052358,129.9335821297325,132.90530395507812,22288000.0,0.0,0.0,2.53
GOOGL,2023-10-03 00:00:00-04:00,132.67750887195305,132.99448475164644,130.59729703567032,131.18173217773438,22989400.0,0.0,0.0,-1.3
GOOGL,2023-10-04 00:00:00-04:00,131.53832195471514,134.29213173006787,131.2807781421106,133.96524047851562,26752300.0,0.0,0.0,2.12
GOOGL,2023-10-05 00:00:00-04:00,133.79685974121094,134.21289907677604,132.192119315503,133.79685974121094,19832600.0,0.0,0.0,-0.13
GOOGL,2023-10-06 00:00:00-04:00,132.74683103836537,136.85772266380047,132.74683103836537,136.28318786621094,27597600.0,0.0,0.0,1.86
GOOGL,2023-10-09 00:00:00-04:00,135.64921945907278,137.63036765595723,134.33175409434926,137.11526489257812,19278100.0,0.0,0.0,0.61
GOOGL,2023-10-10 00:00:00-04:00,137.19452204378916,138.40302373597115,136.03555208291868,136.7586669921875,27786600.0,0.0,0.0,-0.26
GOOGL,2023-10-11 00:00:00-04:00,137.27375707281203,139.77990827237048,137.27375707281203,139.22518920898438,25884300.0,0.0,0.0,1.8
GOOGL,2023-10-12 00:00:00-04:00,139.72044486468351,139.8888406057492,136.95673535288924,137.66004943847656,24765500.0,0.0,0.0,-1.12
GOOGL,2023-10-13 00:00:00-04:00,138.06619483070466,138.6803458110814,135.33220119685583,136.0652313232422,23420500.0,0.0,0.0,-1.16
GOOGL,2023-10-16 00:00:00-04:00,136.86760720097854,138.31385188558824,136.68931113689553,137.78884887695312,28501900.0,0.0,0.0,1.27
GOOGL,2023-10-17 00:00:00-04:00,137.3232778502887,138.58129594196157,135.88693346466465,138.4029998779297,23515800.0,0.0,0.0,0.45
GOOGL,2023-10-18 00:00:00-04:00,138.1355680650323,139.39360152118593,136.08508734717063,136.6596221923828,23375000.0,0.0,0.0,-1.26
GOOGL,2023-10-19 00:00:00-04:00,137.19449910407923,138.34356857254127,136.08506106002469,136.45156860351562,26066000.0,0.0,0.0,-0.15
GOOGL,2023-10-20 00:00:00-04:00,136.03552714034558,136.5704304415317,133.80673567464444,134.32183837890625,26335700.0,0.0,0.0,-1.56
GOOGL,2023-10-23 00:00:00-04:00,133.76710372602042,136.36241783407064,132.68738171446304,135.21334838867188,26317900.0,0.0,0.0,0.66
GOOGL,2023-10-24 00:00:00-04:00,136.53082853876074,138.04640568615673,136.12468953456676,137.5015869140625,44814300.0,0.0,0.0,1.69
GOOGL,2023-10-25 00:00:00-04:00,126.95196926111923,127.10054931723444,123.8910916279868,124.4260025024414,84366200.0,0.0,0.0,-9.51
GOOGL,2023-10-26 00:00:00-04:00,122.10806183952178,123.15807548898972,120.1269137067269,121.12739562988281,57061100.0,0.0,0.0,-2.65
GOOGL,2023-10-27 00:00:00-04:00,121.72173162799473,122.14767875459353,119.07690083509236,121.01842498779297,44566500.0,0.0,0.0,-0.09
GOOGL,2023-10-30 00:00:00-04:00,122.04862481392111,124.21798434885228,121.59296166894325,123.2868423461914,28940100.0,0.0,0.0,1.87
GOOGL,2023-10-31 00:00:00-04:00,123.88118156302635,124.1882646409759,121.53352602850394,122.9104232788086,26292300.0,0.0,0.0,-0.31
GOOGL,2023-11-01 00:00:00-04:00,122.9005236105588,125.29771102759383,122.55382420024057,125.25808715820312,30082400.0,0.0,0.0,1.91
GOOGL,2023-11-02 00:00:00-04:00,127.20951079122271,127.76422981075791,125.73355765282807,126.28827667236328,27124600.0,0.0,0.0,0.82
GOOGL,2023-11-03 00:00:00-04:00,126.81328830756881,128.30904961320581,126.65479283923435,127.88311004638672,26393100.0,0.0,0.0,1.26
GOOGL,2023-11-06 00:00:00-05:00,127.83357680477238,129.1114106050115,127.45715385068908,129.0222625732422,19052700.0,0.0,0.0,0.89
GOOGL,2023-11-07 00:00:00-05:00,129.47792984284607,130.66661557993928,128.6557516366588,129.7354736328125,29757300.0,0.0,0.0,0.55
GOOGL,2023-11-08 00:00:00-05:00,129.73548022222718,130.9637974447547,129.5472687405941,130.59727478027344,26425800.0,0.0,0.0,0.66
GOOGL,2023-11-09 00:00:00-05:00,130.71614806102886,131.30058307721072,128.84396385761158,129.01235961914062,23747800.0,0.0,0.0,-1.21
GOOGL,2023-11-10 00:00:00-05:00,128.87369024439658,131.54823716249373,128.19019172994675,131.3402099609375,26913300.0,0.0,0.0,1.8
GOOGL,2023-11-13 00:00:00-05:00,130.53781893832007,131.3401813273293,130.01281601427803,130.8448944091797,18324800.0,0.0,0.0,-0.38
GOOGL,2023-11-14 00:00:00-05:00,132.92510798519066,134.4208690644548,132.0633135683582,132.3604736328125,32395200.0,0.0,0.0,1.16
GOOGL,2023-11-15 00:00:00-05:00,133.59871773207556,133.75721320819443,132.31098355475115,133.35107421875,23861500.0,0.0,0.0,0.75
GOOGL,2023-11-16 00:00:00-05:00,133.91570831098554,135.92657242438622,133.0539137238025,135.63929748535156,28013200.0,0.0,0.0,1.72
GOOGL,2023-11-17 00:00:00-05:00,134.71807494996435,134.77750697640147,132.39021981477103,134.03457641601562,37240600.0,0.0,0.0,-1.18
GOOGL,2023-11-20 00:00:00-05:00,132.42986133871003,135.37186779133089,132.36051389260578,134.96572875976562,27815500.0,0.0,0.0,0.69
GOOGL,2023-11-21 00:00:00-05:00,135.0053415510365,135.88695192229423,134.67846538924488,135.67893981933594,22635300.0,0.0,0.0,0.53
GOOGL,2023-11-22 00:00:00-05:00,136.1741959558059,138.10581204793675,136.1741959558059,137.18458557128906,17813900.0,0.0,0.0,1.11
GOOGL,2023-11-24 00:00:00-05:00,136.72893111429622,136.82799456252866,134.7081667590109,135.4015655517578,12514300.0,0.0,0.0,-1.3
GOOGL,2023-11-27 00:00:00-05:00,134.7477835762215,137.1152548942663,134.718067564632,135.12420654296875,23436500.0,0.0,0.0,-0.2
GOOGL,2023-11-28 00:00:00-05:00,134.79728519765158,135.9562547357021,134.14350285876458,135.90672302246094,18730000.0,0.0,0.0,0.58
GOOGL,2023-11-29 00:00:00-05:00,136.27328862830294,136.98648808728825,133.56901040418717,133.7176055908203,23967200.0,0.0,0.0,-1.61
GOOGL,2023-11-30 00:00:00-05:00,133.77702780318285,134.27231482569374,130.04255942126184,131.28077697753906,38988300.0,0.0,0.0,-1.82
GOOGL,2023-12-01 00:00:00-05:00,130.61709594726562,130.8647394618695,129.43831039935748,130.61709594726562,31442300.0,0.0,0.0,-0.51
GOOGL,2023-12-04 00:00:00-05:00,128.65577978718542,128.80435986872246,126.69443957860305,128.05152893066406,36669900.0,0.0,0.0,-1.96
GOOGL,2023-12-05 00:00:00-05:00,127.73451535832072,130.8944488634641,127.04111657544283,129.7552947998047,27384800.0,0.0,0.0,1.33
GOOGL,2023-12-06 00:00:00-05:00,130.20106226225468,130.5972858566958,128.65576908298854,128.79444885253906,23576200.0,0.0,0.0,-0.74
GOOGL,2023-12-07 00:00:00-05:00,133.76711313442814,137.25393802452018,133.43032158483481,135.63929748535156,56767100.0,0.0,0.0,5.31
GOOGL,2023-12-08 00:00:00-05:00,132.93504357345236,135.11430360941816,132.76664778723733,133.7176055908203,32260100.0,0.0,0.0,-1.42
GOOGL,2023-12-11 00:00:00-05:00,131.13217385962292,132.0831163112605,130.12178427916996,132.03358459472656,31138000.0,0.0,0.0,-1.26
GOOGL,2023-12-12 00:00:00-05:00,130.5675446380779,131.746330009185,130.0227259646723,131.27085876464844,29032800.0,0.0,0.0,-0.58
GOOGL,2023-12-13 00:00:00-05:00,132.12273588018468,132.24159989723884,130.32979975315448,131.32037353515625,30104800.0,0.0,0.0,0.04
GOOGL,2023-12-14 00:00:00-05:00,132.12276380482388,132.45955533429708,128.46754335829976,130.6963348388672,38722400.0,0.0,0.0,-0.48
GOOGL,2023-12-15 00:00:00-05:00,130.3793395531458,132.2515237297127,129.9434845931054,131.35011291503906,50847100.0,0.0,0.0,0.5
GOOGL,2023-12-18 00:00:00-05:00,131.379825680854,135.85720897900194,131.18169880212074,134.5199432373047,32258000.0,0.0,0.0,2.41
GOOGL,2023-12-19 00:00:00-05:00,135.5501499652766,136.17421645628426,134.79731912538074,135.3619384765625,25476800.0,0.0,0.0,0.63
GOOGL,2023-12-20 00:00:00-05:00,137.66007723180817,140.3643401618969,136.76856663088765,137.0360107421875,49107200.0,0.0,0.0,1.24
GOOGL,2023-12-21 00:00:00-05:00,138.17519358404002,139.36387954069625,137.8681029010627,139.09642028808594,27488300.0,0.0,0.0,1.5
GOOGL,2023-12-22 00:00:00-05:00,139.44309659514806,140.65159800099755,139.3836645776405,140.15631103515625,26532200.0,0.0,0.0,0.76
GOOGL,2023-12-26 00:00:00-05:00,140.25536747570143,141.33508949612715,139.85914392608302,140.18603515625,16780300.0,0.0,0.0,0.02
GOOGL,2023-12-27 00:00:00-05:00,140.25536116259798,140.74074783674814,138.57138848007864,139.04685974121094,19628600.0,0.0,0.0,-0.81
GOOGL,2023-12-28 00:00:00-05:00,139.45300658951038,139.80961383431003,138.4327165781313,138.90818786621094,16045700.0,0.0,0.0,-0.1
GOOGL,2023-12-29 00:00:00-05:00,138.3138284867401,139.03694314923425,137.47183468667532,138.37326049804688,18733000.0,0.0,0.0,-0.39
GOOGL,2024-01-02 00:00:00-05:00,137.24402242132257,138.13553292141268,135.19352711017308,136.8675994873047,23711200.0,0.0,0.0,-1.09
GOOGL,2024-01-03 00:00:00-05:00,135.95627794501937,138.31384884016077,135.78788218321773,137.61053466796875,24212100.0,0.0,0.0,0.54
GOOGL,2024-01-04 00:00:00-05:00,137.11526484470437,137.8482951186817,135.0647843214247,135.10440063476562,27137700.0,0.0,0.0,-1.82
GOOGL,2024-01-05 00:00:00-05:00,135.4609970308709,135.8671360060493,133.87607255527527,134.4506072998047,22513900.0,0.0,0.0,-0.48
GOOGL,2024-01-08 00:00:00-05:00,135.00532895706218,137.69969154899283,134.9756129451259,137.5312957763672,21404000.0,0.0,0.0,2.29
GOOGL,2024-01-09 00:00:00-05:00,137.19451070058466,140.15633265456808,136.847803725032,139.6214141845703,24759600.0,0.0,0.0,1.52
GOOGL,2024-01-10 00:00:00-05:00,139.67093972821166,141.6520878094629,139.58179169214583,140.93887329101562,21320200.0,0.0,0.0,0.94
GOOGL,2024-01-11 00:00:00-05:00,142.13746611601331,143.8511548726539,139.31432422138022,140.74075317382812,24008700.0,0.0,0.0,-0.14
GOOGL,2024-01-12 00:00:00-05:00,141.32518985756914,141.8501928649969,140.48321103195838,141.3053741455078,18785500.0,0.0,0.0,0.4
GOOGL,2024-01-16 00:00:00-05:00,140.66147924257555,142.9893337126431,140.11666063096862,141.14686584472656,22670500.0,0.0,0.0,-0.11
GOOGL,2024-01-17 00:00:00-05:00,140.01765632946993,140.50302796922261,137.590737670861,140.1365203857422,20968600.0,0.0,0.0,-0.72
GOOGL,2024-01-18 00:00:00-05:00,140.71103470348461,142.85067809474862,140.65160268399825,142.12754821777344,25746400.0,0.0,0.0,1.42
GOOGL,2024-01-19 00:00:00-05:00,143.3757182805346,145.06959173514755,143.01911095614824,145.00025939941406,34271900.0,0.0,0.0,2.02
GOOGL,2024-01-22 00:00:00-05:00,145.71342925416275,146.99126295666431,144.46529644501962,144.6138916015625,32200400.0,0.0,0.0,-0.27
GOOGL,2024-01-23 00:00:00-05:00,144.5148376656169,145.79267145213515,144.1285144171384,145.65399169921875,21636100.0,0.0,0.0,0.72
GOOGL,2024-01-24 00:00:00-05:00,147.13987487266473,148.43753968176426,146.704034951283,147.29837036132812,25233500.0,0.0,0.0,1.13
GOOGL,2024-01-25 00:00:00-05:00,148.65544028148244,151.6073464272401,148.1304221809848,150.43846130371094,29149100.0,0.0,0.0,2.13
GOOGL,2024-01-26 00:00:00-05:00,149.67572544188013,151.10213919091456,149.5865623016617,150.7554473876953,26115500.0,0.0,0.0,0.21
GOOGL,2024-01-29 00:00:00-05:00,150.62665920276396,152.3304474564719,150.0025928322321,152.06298828125,27784300.0,0.0,0.0,0.87
GOOGL,2024-01-30 00:00:00-05:00,151.3597295938864,152.1719925180601,149.76490464518363,150.03236389160156,36331800.0,0.0,0.0,-1.34
GOOGL,2024-01-31 00:00:00-05:00,142.2662284294629,142.64265137404246,138.55157604993053,138.7794189453125,71910000.0,0.0,0.0,-7.5
GOOGL,2024-02-01 00:00:00-05:00,140.78037988444788,141.7115219147045,139.46291457727207,139.82943725585938,40466500.0,0.0,0.0,0.76
GOOGL,2024-02-02 00:00:00-05:00,137.94733213900224,141.2756614400684,135.21335329400358,141.03793334960938,62499600.0,0.0,0.0,0.86
GOOGL,2024-02-05 00:00:00-05:00,141.4737891857491,144.0988043000788,141.43415776046106,142.32566833496094,38505400.0,0.0,0.0,0.91
GOOGL,2024-02-06 00:00:00-05:00,143.2865333836356,143.98984762492026,141.8403037037534,142.74172973632812,29128200.0,0.0,0.0,0.29
GOOGL,2024-02-07 00:00:00-05:00,143.39550524527087,144.24739959945848,142.5733269057092,144.16815185546875,25208900.0,0.0,0.0,1.0
GOOGL,2024-02-08 00:00:00-05:00,144.45542022837463,144.95070726949984,143.7323053805209,144.53466796875,22563800.0,0.0,0.0,0.25
GOOGL,2024-02-09 00:00:00-05:00,145.29739619867138,148.0313902841131,144.8021091675361,147.5955352783203,26829500.0,0.0,0.0,2.12
GOOGL,2024-02-12 00:00:00-05:00,147.02098399107322,147.93231021218233,145.98087831954948,146.13937377929688,21564100.0,0.0,0.0,-0.99
GOOGL,2024-02-13 00:00:00-05:00,143.554014600389,145.28751949084457,142.33561253814418,143.77194213867188,27837700.0,0.0,0.0,-1.62
GOOGL,2024-02-14 00:00:00-05:00,144.7030413176847,145.13889626470424,142.73179375819484,144.56436157226562,22704200.0,0.0,0.0,0.55
GOOGL,2024-02-15 00:00:00-05:00,141.79074761897706,142.1671705382351,139.13601681883227,141.4242401123047,37590700.0,0.0,0.0,-2.17
GOOGL,2024-02-16 00:00:00-05:00,141.6421685918449,141.8402803505169,138.81902690715387,139.19544982910156,31468900.0,0.0,0.0,-1.58
GOOGL,2024-02-20 00:00:00-05:00,138.34355027761947,140.74073722863244,138.175154533556,139.78977966308594,25144700.0,0.0,0.0,0.43
GOOGL,2024-02-21 00:00:00-05:00,140.1167221615659,141.34503965123017,139.35397577036517,141.20635986328125,23223300.0,0.0,0.0,1.01
GOOGL,2024-02-22 00:00:00-05:00,143.56389009951735,143.6332375383376,141.4539776469549,142.7318115234375,27191900.0,0.0,0.0,1.08
GOOGL,2024-02-23 00:00:00-05:00,142.31578290034557,143.31625732644238,142.0780396686664,142.60305786132812,19493800.0,0.0,0.0,-0.09
GOOGL,2024-02-26 00:00:00-05:00,140.80016911545277,141.09734429910293,136.09494323835807,136.27325439453125,53641800.0,0.0,0.0,-4.44
GOOGL,2024-02-27 00:00:00-05:00,136.7190286014233,137.9374303971592,135.7977869156524,137.5709228515625,33099200.0,0.0,0.0,0.95
GOOGL,2024-02-28 00:00:00-05:00,136.60014396856127,136.70910770950192,134.13362446493272,135.094482421875,37328600.0,0.0,0.0,-1.8
GOOGL,2024-02-29 00:00:00-05:00,135.98599158018274,137.5511002457204,135.11428166141263,137.15487670898438,42133000.0,0.0,0.0,1.53
GOOGL,2024-03-01 00:00:00-05:00,137.12515439240792,137.561009379789,135.62939306295007,135.84732055664062,31151100.0,0.0,0.0,-0.95
GOOGL,2024-03-04 00:00:00-05:00,134.3813026488088,134.3813026488088,130.66664931452038,132.09307861328125,55999400.0,0.0,0.0,-2.76
GOOGL,2024-03-05 00:00:00-05:00,130.63691722244587,131.98409860384518,129.4383159101504,131.41946411132812,40194800.0,0.0,0.0,-0.51
GOOGL,2024-03-06 00:00:00-05:00,131.86521128643497,132.3208819951356,129.6166190997975,130.1614227294922,35318600.0,0.0,0.0,-0.96
GOOGL,2024-03-07 00:00:00-05:00,131.53831809840491,133.66806132063292,130.36944800435913,133.11334228515625,37738200.0,0.0,0.0,2.27
GOOGL,2024-03-08 00:00:00-05:00,132.94492038394168,136.78833656643275,132.73689322904636,134.13360595703125,39370400.0,0.0,0.0,0.77
GOOGL,2024-03-11 00:00:00-04:00,134.84685230242854,137.7888584846141,134.84685230242854,136.37232971191406,32437800.0,0.0,0.0,1.67
GOOGL,2024-03-12 00:00:00-04:00,135.73837384104138,138.0662291271054,135.73837384104138,137.19451904296875,27563400.0,0.0,0.0,0.6
GOOGL,2024-03-13 00:00:00-04:00,137.68978898902412,139.7600850663766,137.6798886901947,138.4723358154297,23347200.0,0.0,0.0,0.93
GOOGL,2024-03-14 00:00:00-04:00,139.85915951055284,142.2365313030922,139.13604465019097,141.75115966796875,42753400.0,0.0,0.0,2.37
GOOGL,2024-03-15 00:00:00-04:00,141.15679282026272,141.83037587468064,138.7100738688481,139.84922790527344,49475400.0,0.0,0.0,-1.34
GOOGL,2024-03-18 00:00:00-04:00,147.20917485485316,150.7157994999178,145.7827461467059,146.28793334960938,69273700.0,0.0,0.0,4.6
GOOGL,2024-03-19 00:00:00-04:00,146.76345753749575,147.38750892214128,144.7030616623303,145.64410400390625,24070400.0,0.0,0.0,-0.44
GOOGL,2024-03-20 00:00:00-04:00,146.60495197646654,147.45684622092818,145.3568341780524,147.33798217773438,21311500.0,0.0,0.0,1.16
GOOGL,2024-03-21 00:00:00-04:00,148.06109347483115,148.95260400768646,145.51531110007699,146.20872497558594,24755600.0,0.0,0.0,-0.77
GOOGL,2024-03-22 00:00:00-04:00,147.7144053559253,150.15122429911875,147.57572558614754,149.34886169433594,29211800.0,0.0,0.0,2.15
GOOGL,2024-03-25 00:00:00-04:00,148.5266770782916,148.96253208338902,146.42666490641565,148.65545654296875,19229300.0,0.0,0.0,-0.46
GOOGL,2024-03-26 00:00:00-04:00,148.80401587594451,150.82478002765382,148.56627269311343,149.24977111816406,22149100.0,0.0,0.0,0.4
GOOGL,2024-03-27 00:00:00-04:00,149.75498204030305,150.210652767324,147.49647434889332,149.44790649414062,22879200.0,0.0,0.0,0.13
GOOGL,2024-03-28 00:00:00-04:00,149.42809160115786,150.00261121097796,148.75449343194893,149.50732421875,24485400.0,0.0,0.0,0.04
GOOGL,2024-04-01 00:00:00-04:00,149.26958013002246,154.2719812381141,149.19033240596852,154.0243377685547,31730800.0,0.0,0.0,3.02
GOOGL,2024-04-02 00:00:00-04:00,152.053143156587,153.24182920061656,150.71586191020182,153.1031494140625,24586000.0,0.0,0.0,-0.6
GOOGL,2024-04-03 00:00:00-04:00,152.15218215203225,153.6182275333651,151.29037243888334,153.45973205566406,24705000.0,0.0,0.0,0.23
GOOGL,2024-04-04 00:00:00-04:00,152.05312071787367,153.3111540270119,149.03186676205078,149.11111450195312,34724700.0,0.0,0.0,-2.83
GOOGL,2024-04-05 00:00:00-04:00,148.6158116009819,151.97385675674153,148.18987204880133,151.06253051757812,23459200.0,0.0,0.0,1.31
GOOGL,2024-04-08 00:00:00-04:00,151.33987049085022,153.80640480075897,151.17147475137236,153.39036560058594,20702000.0,0.0,0.0,1.54
GOOGL,2024-04-09 00:00:00-04:00,154.61869893107254,157.06541802943522,153.72718833727967,155.1239013671875,31079500.0,0.0,0.0,1.13
GOOGL,2024-04-10 00:00:00-04:00,154.73757558656484,155.13379915183737,153.22198341774504,154.66822814941406,22838600.0,0.0,0.0,-0.29
GOOGL,2024-04-11 00:00:00-04:00,155.43095957476544,158.17483848852615,154.98520432756263,157.9073944091797,27166400.0,0.0,0.0,2.09
GOOGL,2024-04-12 00:00:00-04:00,156.47106798921303,158.70975967764107,155.65879009401198,156.24322509765625,25353700.0,0.0,0.0,-1.05
GOOGL,2024-04-15 00:00:00-04:00,157.36259530028232,157.73901827873132,153.13283984468552,153.40029907226562,27136500.0,0.0,0.0,-1.82
GOOGL,2024-04-16 00:00:00-04:00,152.7365985322643,154.1828280231779,151.98375266278597,152.94461059570312,20779500.0,0.0,0.0,-0.3
GOOGL,2024-04-17 00:00:00-04:00,154.15312717907076,155.59937192721887,153.1229368286477,154.00454711914062,21763100.0,0.0,0.0,0.69
GOOGL,2024-04-18 00:00:00-04:00,153.87576120493418,155.46068564754503,153.16254671725525,154.53944396972656,19883000.0,0.0,0.0,0.35
GOOGL,2024-04-19 00:00:00-04:00,154.72765445129966,154.886149917532,150.86442193038377,152.63754272460938,32615600.0,0.0,0.0,-1.23
GOOGL,2024-04-22 00:00:00-04:00,152.85548314560833,156.15409663024886,152.6078396267761,154.80691528320312,26446200.0,0.0,0.0,1.42
GOOGL,2024-04-23 00:00:00-04:00,155.4804698906951,157.47151778208743,154.80687184868475,156.76820373535156,21151600.0,0.0,0.0,1.27
GOOGL,2024-04-24 00:00:00-04:00,156.00549474863058,158.06589035097772,155.68850383367314,157.63003540039062,22779100.0,0.0,0.0,0.55
GOOGL,2024-04-25 00:00:00-04:00,149.90356233876008,155.01492770763642,149.44789165697802,154.529541015625,57109700.0,0.0,0.0,-1.97
GOOGL,2024-04-26 00:00:00-04:00,172.72639581047983,173.06320248176968,168.05088498922183,170.32920837402344,64665300.0,0.0,0.0,10.22
GOOGL,2024-04-29 00:00:00-04:00,167.46645176767586,167.95183850890314,163.65275062361349,164.58387756347656,45610000.0,0.0,0.0,-3.37
GOOGL,2024-04-30 00:00:00-04:00,164.04896224577593,166.51549696973217,161.06733991987724,161.24563598632812,33562900.0,0.0,0.0,-2.03
GOOGL,2024-05-01 00:00:00-04:00,162.75133049386898,165.544741644849,161.55272916136406,162.3154754638672,33493200.0,0.0,0.0,0.66
GOOGL,2024-05-02 00:00:00-04:00,163.23667111385808,165.1583869545648,162.3451606237168,165.04942321777344,24294500.0,0.0,0.0,1.68
GOOGL,2024-05-03 00:00:00-04:00,165.98056527532796,166.37680391626236,161.51308229287275,165.66358947753906,34662400.0,0.0,0.0,0.37
GOOGL,2024-05-06 00:00:00-04:00,165.88153614579352,166.5551192408857,164.46500740235146,166.5155029296875,21871300.0,0.0,0.0,0.51
GOOGL,2024-05-07 00:00:00-04:00,166.91172463075958,170.14099053831322,166.8027608824853,169.63580322265625,28039700.0,0.0,0.0,1.87
GOOGL,2024-05-08 00:00:00-04:00,167.40699381865014,168.54614778977586,167.14945003877577,167.78341674804688,19569100.0,0.0,0.0,-1.09
GOOGL,2024-05-09 00:00:00-04:00,167.79332152345498,169.0810706871072,166.59472038810446,168.3579559326172,15346700.0,0.0,0.0,0.34
GOOGL,2024-05-10 00:00:00-04:00,166.44613647493796,168.24898828516856,164.62348406885067,167.06028747558594,29799900.0,0.0,0.0,-0.77
GOOGL,2024-05-13 00:00:00-04:00,162.71167888481415,167.6843645690759,162.45413508764602,167.54568481445312,31327600.0,0.0,0.0,0.29
GOOGL,2024-05-14 00:00:00-04:00,168.16972525271564,169.63577030550363,167.20886741755504,168.73434448242188,25127100.0,0.0,0.0,0.71
GOOGL,2024-05-15 00:00:00-04:00,169.02165742888434,171.02260615600562,168.90277826299467,170.88392639160156,26948400.0,0.0,0.0,1.27
GOOGL,2024-05-16 00:00:00-04:00,171.65656720711078,173.46931949790743,171.0622318573979,172.53817749023438,27867900.0,0.0,0.0,0.97
GOOGL,2024-05-17 00:00:00-04:00,172.53815265408903,174.60846356854617,172.05278112226807,174.4004364013672,24479300.0,0.0,0.0,1.08
GOOGL,2024-05-20 00:00:00-04:00,174.5292502632364,177.08493321353035,174.4202865094074,175.2523651123047,22554400.0,0.0,0.0,0.49
GOOGL,2024-05-21 00:00:00-04:00,175.23254181221733,176.47075936350478,174.15281973508513,176.17359924316406,16989400.0,0.0,0.0,0.53
GOOGL,2024-05-22 00:00:00-04:00,174.97498152917515,175.4801688011517,173.55846803904691,174.71743774414062,17880000.0,0.0,0.0,-0.83
GOOGL,2024-05-23 00:00:00-04:00,175.4009483043823,176.56981838832198,171.31977307945,171.91412353515625,21024900.0,0.0,0.0,-1.6
GOOGL,2024-05-24 00:00:00-04:00,173.33063024095415,174.11319214706063,172.01316503791867,173.34054565429688,16579400.0,0.0,0.0,0.83
GOOGL,2024-05-28 00:00:00-04:00,172.80562741846637,175.5990532912732,172.7263796864407,174.73724365234375,20572200.0,0.0,0.0,0.81
GOOGL,2024-05-29 00:00:00-04:00,173.77638763413984,175.1731005862125,173.07308856633102,174.24195861816406,23388700.0,0.0,0.0,-0.28
GOOGL,2024-05-30 00:00:00-04:00,173.54857162206218,173.568387335375,170.17071046285272,170.48770141601562,22931500.0,0.0,0.0,-2.15
GOOGL,2024-05-31 00:00:00-04:00,170.24001104426367,171.42869656152376,167.84282430188486,170.8739776611328,37638900.0,0.0,0.0,0.23
GOOGL,2024-06-03 00:00:00-04:00,170.91362278332906,172.88487038637814,169.54664100969404,171.53768920898438,27459100.0,0.0,0.0,0.39
GOOGL,2024-06-04 00:00:00-04:00,171.6466681505934,172.21130260761575,170.26977084192941,172.15185546875,26879600.0,0.0,0.0,0.36
GOOGL,2024-06-05 00:00:00-04:00,173.54859508394688,174.98492463661108,172.29056163032004,173.75662231445312,22068500.0,0.0,0.0,0.93
GOOGL,2024-06-06 00:00:00-04:00,174.24192411101637,175.48014135204107,174.093344088076,175.06410217285156,23251000.0,0.0,0.0,0.75
GOOGL,2024-06-07 00:00:00-04:00,175.3811193801314,176.19338215245025,172.65704104078017,172.81553649902344,19661400.0,0.0,0.0,-1.28
GOOGL,2024-06-10 00:00:00-04:00,173.51964913718612,175.59232118793005,171.32796149412926,173.55931091308594,23726700.0,0.2,0.0,0.43
GOOGL,2024-06-11 00:00:00-04:00,174.7593122566282,175.37416822945534,172.3296233521922,175.15599060058594,21540600.0,0.0,0.0,0.92
GOOGL,2024-06-12 00:00:00-04:00,176.77246257931822,178.9145616902939,174.65020192278865,176.31626892089844,27864700.0,0.0,0.0,0.66
GOOGL,2024-06-13 00:00:00-04:00,174.65022177235798,175.27500453381123,173.43042150065708,173.70809936523438,20913300.0,0.0,0.0,-1.48
GOOGL,2024-06-14 00:00:00-04:00,172.77586542867536,175.59232060979843,172.70643840569585,175.32455444335938,18063600.0,0.0,0.0,0.93
GOOGL,2024-06-17 00:00:00-04:00,174.0056144386483,176.88157021499225,173.36099322511703,175.77085876464844,19618500.0,0.0,0.0,0.25
GOOGL,2024-06-18 00:00:00-04:00,175.67166697323572,175.91959469647514,172.6568725168595,173.63865661621094,21869900.0,0.0,0.0,-1.21
GOOGL,2024-06-20 00:00:00-04:00,173.9163241025284,175.82040708778146,173.53948427560647,174.838623046875,20160100.0,0.0,0.0,0.69
GOOGL,2024-06-21 00:00:00-04:00,175.53283243143696,179.35092551747323,175.1460657788295,178.1410369873047,57759000.0,0.0,0.0,1.89
GOOGL,2024-06-24 00:00:00-04:00,178.6666314019322,179.39057608957674,177.18897677924866,177.7344207763672,18298000.0,0.0,0.0,-0.23
GOOGL,2024-06-25 00:00:00-04:00,178.13111351754267,182.76240177371028,177.93277435676467,182.5045623779297,23130200.0,0.0,0.0,2.68
GOOGL,2024-06-26 00:00:00-04:00,181.1161658230566,182.98057201802297,180.96740010923583,182.35580444335938,19839000.0,0.0,0.0,-0.08
GOOGL,2024-06-27 00:00:00-04:00,182.65327754115623,184.50778692214723,182.49461532269,183.8730926513672,18848900.0,0.0,0.0,0.83
GOOGL,2024-06-28 00:00:00-04:00,182.7921627160181,183.5954461342398,180.45172435645102,180.64013671875,29156600.0,0.0,0.0,-1.76
GOOGL,2024-07-01 00:00:00-04:00,181.5128520869906,182.3558124386787,179.79719639831535,181.4731903076172,16006100.0,0.0,0.0,0.46
GOOGL,2024-07-02 00:00:00-04:00,180.54096868108974,184.0317952147811,180.05502490239206,183.70452880859375,17372500.0,0.0,0.0,1.23
GOOGL,2024-07-03 00:00:00-04:00,183.31774817184274,184.5474598841237,182.47478793552256,184.2797088623047,10242100.0,0.0,0.0,0.31
GOOGL,2024-07-05 00:00:00-04:00,184.3193809047392,189.2779352009688,184.25988067435352,189.0200958251953,20967500.0,0.0,0.0,2.57
GOOGL,2024-07-08 00:00:00-04:00,188.32587253222317,188.59363868194907,186.22345050462678,187.4630889892578,21035900.0,0.0,0.0,-0.82
GOOGL,2024-07-09 00:00:00-04:00,188.73249043692135,189.77378986137018,187.1556738088654,187.41351318359375,15121400.0,0.0,0.0,-0.03
GOOGL,2024-07-10 00:00:00-04:00,187.58208893707388,190.16054303109576,187.4630884852071,189.5952606201172,15952500.0,0.0,0.0,1.16
GOOGL,2024-07-11 00:00:00-04:00,188.2763207656611,189.27794332888038,183.54585552687806,184.03179931640625,25625800.0,0.0,0.0,-2.93
GOOGL,2024-07-12 00:00:00-04:00,183.54587662834743,185.5590487799267,182.9607707607535,183.5359649658203,22898400.0,0.0,0.0,-0.27
GOOGL,2024-07-15 00:00:00-04:00,183.38717059216182,186.67965791404401,183.38717059216182,184.98382568359375,16474000.0,0.0,0.0,0.79
GOOGL,2024-07-16 00:00:00-04:00,185.80696540628884,187.1160160000062,181.85003324241117,182.39547729492188,18290700.0,0.0,0.0,-1.4
GOOGL,2024-07-17 00:00:00-04:00,181.45333384653057,182.02852795037177,178.40877430017733,179.51950073242188,20734100.0,0.0,0.0,-1.58
GOOGL,2024-07-18 00:00:00-04:00,180.4219619618105,180.98724445457364,175.00722876619346,176.2171173095703,25315700.0,0.0,0.0,-1.84
GOOGL,2024-07-19 00:00:00-04:00,177.39723581965455,178.79553657132692,175.661741889588,176.18734741210938,18881900.0,0.0,0.0,-0.02
GOOGL,2024-07-22 00:00:00-04:00,179.09305874265243,181.18556924112812,178.73604223141416,180.1641082763672,24100300.0,0.0,0.0,2.26
GOOGL,2024-07-23 00:00:00-04:00,180.54098136257284,182.08804802244904,180.03519909370766,180.2831268310547,36352700.0,0.0,0.0,0.07
GOOGL,2024-07-24 00:00:00-04:00,172.16099630525835,174.72952357646327,170.39575233929236,171.19903564453125,49585200.0,0.0,0.0,-5.04
GOOGL,2024-07-25 00:00:00-04:00,171.08995705046257,171.98249074674055,165.8041364976538,165.8933868408203,44852000.0,0.0,0.0,-3.1
GOOGL,2024-07-26 00:00:00-04:00,165.7644579679493,166.69666856249324,162.70007515743842,165.61570739746094,41336900.0,0.0,0.0,-0.17
GOOGL,2024-07-29 00:00:00-04:00,167.43054602622254,169.01727432015218,166.5975125369865,168.12474060058594,20293800.0,0.0,0.0,1.51
GOOGL,2024-07-30 00:00:00-04:00,168.82887504541765,169.81065918652655,167.04379233570876,168.87844848632812,18959700.0,0.0,0.0,0.45
GOOGL,2024-07-31 00:00:00-04:00,171.80399306020445,172.80561557083252,168.600756120216,170.11807250976562,25729100.0,0.0,0.0,0.73
GOOGL,2024-08-01 00:00:00-04:00,168.83876114552442,172.60726515496935,167.48012221241805,169.3445281982422,24531400.0,0.0,0.0,-0.45
GOOGL,2024-08-02 00:00:00-04:00,165.0603715765524,167.11320535730545,163.30503897249685,165.27854919433594,29130100.0,0.0,0.0,-2.4
GOOGL,2024-08-05 00:00:00-04:00,154.21104625180902,163.06701740006122,153.64576377052947,157.92996215820312,53630700.0,0.0,0.0,-4.45
GOOGL,2024-08-06 00:00:00-04:00,158.0092930412871,159.23901995455182,155.11349914776707,156.9779052734375,49004600.0,0.0,0.0,-0.6
GOOGL,2024-08-07 00:00:00-04:00,159.91337776437143,161.62903333217733,157.15642275675472,157.62252807617188,25138600.0,0.0,0.0,0.41
GOOGL,2024-08-08 00:00:00-04:00,159.17950020545774,162.33314852019078,158.88199906168649,160.68690490722656,25578800.0,0.0,0.0,1.94
GOOGL,2024-08-09 00:00:00-04:00,158.68365838652156,162.43232444231467,157.74153604180353,162.31332397460938,28602300.0,0.0,0.0,1.01
GOOGL,2024-08-12 00:00:00-04:00,162.98768499629125,163.53311386044192,160.4984810667238,160.9447479248047,15895300.0,0.0,0.0,-0.84
GOOGL,2024-08-13 00:00:00-04:00,162.05548742905071,163.36453799371506,161.6191321967266,162.7992706298828,18551700.0,0.0,0.0,1.15
GOOGL,2024-08-14 00:00:00-04:00,161.05382104216667,161.86703112721244,156.40271029840184,159.0406494140625,40591100.0,0.0,0.0,-2.31
GOOGL,2024-08-15 00:00:00-04:00,159.16962555991856,160.3001755660798,158.287003319427,159.96299743652344,31524300.0,0.0,0.0,0.58
GOOGL,2024-08-16 00:00:00-04:00,160.13156765499573,163.69180631924374,159.79438956512277,161.60922241210938,24208600.0,0.0,0.0,1.03
GOOGL,2024-08-19 00:00:00-04:00,163.9099443541634,165.30826008203394,162.89839519652256,165.28842163085938,22416200.0,0.0,0.0,2.28
GOOGL,2024-08-20 00:00:00-04:00,165.51655736424223,167.24213992598882,165.437233801864,165.7942352294922,18341500.0,0.0,0.0,0.31
GOOGL,2024-08-21 00:00:00-04:00,163.78102535009705,165.466945741652,163.3050084241183,164.47523498535156,22902000.0,0.0,0.0,-0.8
GOOGL,2024-08-22 00:00:00-04:00,165.8735566607167,166.20082306762401,161.9563017036317,162.44224548339844,22493300.0,0.0,0.0,-1.24
GOOGL,2024-08-23 00:00:00-04:00,163.3546280676757,164.80251757325382,162.4720059319359,164.24716186523438,13955700.0,0.0,0.0,1.11
GOOGL,2024-08-26 00:00:00-04:00,165.00086193151313,166.1611618513878,163.09677884769525,164.78268432617188,14190400.0,0.0,0.0,0.33
GOOGL,2024-08-27 00:00:00-04:00,164.46534503177682,165.0603776717608,163.09679417150747,163.31495666503906,11821900.0,0.0,0.0,-0.89
GOOGL,2024-08-28 00:00:00-04:00,163.67195617574248,164.2273269769617,160.1910564516135,161.5001220703125,16407400.0,0.0,0.0,-1.11
GOOGL,2024-08-29 00:00:00-04:00,162.94805383469802,164.59429794715828,158.9217090560697,160.43902587890625,19699800.0,0.0,0.0,-0.66
GOOGL,2024-08-30 00:00:00-04:00,161.2720011868357,162.30338886563922,160.34971743074368,162.0257110595703,22123800.0,0.0,0.0,0.99
GOOGL,2024-09-03 00:00:00-04:00,160.37947815101114,160.50840540246534,155.1829079051627,156.0556182861328,38945300.0,0.0,0.0,-3.68
GOOGL,2024-09-04 00:00:00-04:00,155.3614336724234,157.68203355334143,154.66723906688907,155.15316772460938,19353800.0,0.0,0.0,-0.58
GOOGL,2024-09-05 00:00:00-04:00,155.00440439703507,158.12828743123546,154.68704967070923,155.93661499023438,18688700.0,0.0,0.0,0.5
GOOGL,2024-09-06 00:00:00-04:00,155.9961266954501,156.52173225882967,149.30207815911396,149.66900634765625,37912100.0,0.0,0.0,-4.02
GOOGL,2024-09-09 00:00:00-04:00,151.44649340994144,152.33028654845083,146.19338894332867,147.67300415039062,39260500.0,0.2,0.0,-1.33
GOOGL,2024-09-10 00:00:00-04:00,149.40086316700538,150.21515232969438,147.30557623537533,147.62335205078125,31118800.0,0.0,0.0,-0.03
GOOGL,2024-09-11 00:00:00-04:00,148.8745981614033,150.4435825568505,146.49133954819087,150.10595703125,29607700.0,0.0,0.0,1.68
GOOGL,2024-09-12 00:00:00-04:00,152.72754999251003,153.74044173778802,151.58555989323312,153.61134338378906,29621500.0,0.0,0.0,2.34
GOOGL,2024-09-13 00:00:00-04:00,154.3461563209122,157.27559765598852,154.12770435368589,156.3620147705078,29591200.0,0.0,0.0,1.79
GOOGL,2024-09-16 00:00:00-04:00,156.2130393678647,157.14648695965292,155.50799884377685,156.9578094482422,18379800.0,0.0,0.0,0.38
GOOGL,2024-09-17 00:00:00-04:00,157.91111909387857,159.43044881944618,157.27558257568288,158.2090301513672,20715600.0,0.0,0.0,0.8
GOOGL,2024-09-18 00:00:00-04:00,158.74525678494552,159.38079329854523,157.49404853540457,158.6956024169922,23677300.0,0.0,0.0,0.31
GOOGL,2024-09-19 00:00:00-04:00,162.56844369236055,162.64787251183546,160.2149595890298,161.00938415527344,26587700.0,0.0,0.0,1.46
GOOGL,2024-09-20 00:00:00-04:00,162.3598804928704,162.5882724123634,160.9299194880009,162.44924926757812,40896400.0,0.0,0.0,0.89
GOOGL,2024-09-23 00:00:00-04:00,163.20395671072333,164.33600662936618,160.5426370715715,160.7213897705078,24150900.0,0.0,0.0,-1.06
GOOGL,2024-09-24 00:00:00-04:00,161.89315521075918,162.08183272389985,159.5694761752488,161.15830993652344,23332100.0,0.0,0.0,0.27
GOOGL,2024-09-25 00:00:00-04:00,160.3440420812531,161.67469438550233,160.17522933988297,160.36390686035156,18869200.0,0.0,0.0,-0.49
GOOGL,2024-09-26 00:00:00-04:00,162.49890337717716,162.93583758934093,161.1483863361193,161.59524536132812,20319300.0,0.0,0.0,0.77
GOOGL,2024-09-27 00:00:00-04:00,161.6746974446782,164.54454440704646,161.4959598865702,162.80674743652344,21101300.0,0.0,0.0,0.75
GOOGL,2024-09-30 00:00:00-04:00,162.18112514937891,164.99137732832068,162.1215308203926,164.6934814453125,20413900.0,0.0,0.0,1.16
GOOGL,2024-10-01 00:00:00-04:00,166.52067729796633,167.98042800067057,163.4323631439142,165.8255615234375,28338100.0,0.0,0.0,0.69
GOOGL,2024-10-02 00:00:00-04:00,165.25953808497383,166.35187375711521,163.58132016704218,164.7034454345703,17760200.0,0.0,0.0,-0.68
GOOGL,2024-10-03 00:00:00-04:00,163.26355943212087,165.4780052194021,162.77697078682365,164.7034454345703,15073100.0,0.0,0.0,0.0
GOOGL,2024-10-04 00:00:00-04:00,166.8880921706125,167.05690491903522,164.32608104579808,165.8950653076172,19047400.0,0.0,0.0,0.72
GOOGL,2024-10-07 00:00:00-04:00,166.55044270875806,167.30513756118168,161.6150986976289,161.84349060058594,22463100.0,0.0,0.0,-2.44
GOOGL,2024-10-08 00:00:00-04:00,162.7968151755234,163.58129967642142,161.73426923186602,163.23374938964844,23072700.0,0.0,0.0,0.86
GOOGL,2024-10-09 00:00:00-04:00,162.31023226464953,163.69053895167258,158.62611121223813,160.7313232421875,31181800.0,0.0,0.0,-1.53
GOOGL,2024-10-10 00:00:00-04:00,159.74821424684626,161.93288529839,159.28149044514248,160.9497833251953,14144100.0,0.0,0.0,0.14
GOOGL,2024-10-11 00:00:00-04:00,160.999454633151,162.7571013199183,160.1156613065499,162.10171508789062,15344300.0,0.0,0.0,0.72
GOOGL,2024-10-14 00:00:00-04:00,162.49892012877203,165.07085614450466,162.2605882196447,163.80972290039062,19016100.0,0.0,0.0,1.05
GOOGL,2024-10-15 00:00:00-04:00,164.63391416283739,166.51073429604153,163.4820145370709,164.3062286376953,20247200.0,0.0,0.0,0.3
GOOGL,2024-10-16 00:00:00-04:00,163.38270428394787,164.64385260964121,162.59821974974642,164.00831604003906,16406000.0,0.0,0.0,-0.18
GOOGL,2024-10-17 00:00:00-04:00,164.5743008656977,165.20983730943854,161.62501053161085,161.7938232421875,21453400.0,0.0,0.0,-1.35
GOOGL,2024-10-18 00:00:00-04:00,162.05206459531138,163.56146974796116,161.9428310286251,162.28045654296875,19757700.0,0.0,0.0,0.3
GOOGL,2024-10-21 00:00:00-04:00,161.8137182306033,163.35291284104187,161.48601755980903,162.92591857910156,20946500.0,0.0,0.0,0.4
GOOGL,2024-10-22 00:00:00-04:00,161.84352257963812,164.61407616151644,161.84352257963812,163.98846435546875,16568100.0,0.0,0.0,0.65
GOOGL,2024-10-23 00:00:00-04:00,163.6111016800633,164.66372289048581,160.80083381909756,161.64491271972656,18280500.0,0.0,0.0,-1.43
GOOGL,2024-10-24 00:00:00-04:00,161.69456070594023,162.1910741214277,159.88724460042005,161.5853271484375,22412500.0,0.0,0.0,-0.04
GOOGL,2024-10-25 00:00:00-04:00,162.52871978198885,164.43532971584082,162.28046304342914,164.11756896972656,19828900.0,0.0,0.0,1.57
GOOGL,2024-10-28 00:00:00-04:00,167.57327733196706,167.57327733196706,162.80674552404707,165.55743408203125,32138600.0,0.0,0.0,0.88
GOOGL,2024-10-29 00:00:00-04:00,166.56036607974156,169.19189595668735,165.92482959046737,168.49676513671875,42169000.0,0.0,0.0,1.78
GOOGL,2024-10-30 00:00:00-04:00,179.42008224519654,180.75074972710868,172.84624941070035,173.24346923828125,68890800.0,0.0,0.0,2.82
GOOGL,2024-10-31 00:00:00-04:00,171.92272737485058,175.5869985344097,169.80757553261074,169.91680908203125,44769000.0,0.0,0.0,-1.92
GOOGL,2024-11-01 00:00:00-04:00,168.8840869554026,171.11839741159756,167.7023825564108,170.09556579589844,31796500.0,0.0,0.0,0.11
GOOGL,2024-11-04 00:00:00-05:00,168.7450359899921,169.53946045641658,166.83842636200512,168.0598602294922,21492700.0,0.0,0.0,-1.2
GOOGL,2024-11-05 00:00:00-05:00,168.2485301772737,169.34086576189884,167.66264797842342,168.55638122558594,18242100.0,0.0,0.0,0.3
GOOGL,2024-11-06 00:00:00-05:00,172.5880503091246,175.70615366421993,172.29013925687767,175.27914428710938,33695500.0,0.0,0.0,3.99
GOOGL,2024-11-07 00:00:00-05:00,176.172887641411,179.81729416706102,175.95442053394322,179.48959350585938,25352900.0,0.0,0.0,2.4
GOOGL,2024-11-08 00:00:00-05:00,179.39028805337082,179.63854475709948,176.83821701828134,177.10633850097656,22006200.0,0.0,0.0,-1.33
GOOGL,2024-11-11 00:00:00-05:00,177.33473026430633,179.29099430009822,177.22549670866968,179.09239196777344,17450400.0,0.0,0.0,1.12
GOOGL,2024-11-12 00:00:00-05:00,178.56609468327508,181.2174745432505,178.13908526034365,180.35353088378906,25134900.0,0.0,0.0,0.7
GOOGL,2024-11-13 00:00:00-05:00,179.2016288670182,179.69814228328764,177.295004014443,177.6326446533203,23184000.0,0.0,0.0,-1.51
GOOGL,2024-11-14 00:00:00-05:00,177.03682125408577,177.57306422524127,173.10444351008397,174.35565185546875,31007500.0,0.0,0.0,-1.84
GOOGL,2024-11-15 00:00:00-05:00,172.51857521887237,172.9257199224995,170.02608292176993,171.2872314453125,32504600.0,0.0,0.0,-1.76
GOOGL,2024-11-18 00:00:00-05:00,172.21071091338408,174.21662935117394,171.69433271949634,174.07760620117188,20135300.0,0.0,0.0,1.63
GOOGL,2024-11-19 00:00:00-05:00,172.50863268758198,177.6227151144133,172.34974474847573,176.87794494628906,23434900.0,0.0,0.0,1.61
GOOGL,2024-11-20 00:00:00-05:00,176.10338583496625,176.4410113425249,172.56821251491007,174.75286865234375,18997100.0,0.0,0.0,-1.2
GOOGL,2024-11-21 00:00:00-05:00,172.6873573172244,172.91576439472308,162.55848682005697,166.46109008789062,59734400.0,0.0,0.0,-4.74
GOOGL,2024-11-22 00:00:00-05:00,164.6934946716423,165.29924160304688,162.75708036226996,163.611083984375,38604600.0,0.0,0.0,-1.71
GOOGL,2024-11-25 00:00:00-05:00,164.93182234405353,167.4541189743164,164.45517370894052,166.48094177246094,33135300.0,0.0,0.0,1.75
GOOGL,2024-11-26 00:00:00-05:00,166.46108883905265,168.6358199751134,166.41143446812606,167.94068908691406,20486700.0,0.0,0.0,0.88
GOOGL,2024-11-27 00:00:00-05:00,167.82153482882035,168.29818346613916,166.8483727748482,168.0499267578125,19266500.0,0.0,0.0,0.07
GOOGL,2024-11-29 00:00:00-05:00,167.3250372754296,168.24854504481223,165.99438482921897,167.7718963623047,14257200.0,0.0,0.0,-0.17
GOOGL,2024-12-02 00:00:00-05:00,167.59312502484607,170.88004106813648,167.3945227098445,170.29415893554688,23789100.0,0.0,0.0,1.5
GOOGL,2024-12-03 00:00:00-05:00,170.29419628751035,171.47588562429394,169.65865964867677,170.14523315429688,22248700.0,0.0,0.0,-0.09
GOOGL,2024-12-04 00:00:00-05:00,169.95652067469916,173.6903109186826,169.8671519045746,173.15406799316406,31615100.0,0.0,0.0,1.77
GOOGL,2024-12-05 00:00:00-05:00,174.13719150933292,174.83230728378396,171.12832132304757,171.4361572265625,21356200.0,0.0,0.0,-0.99
GOOGL,2024-12-06 00:00:00-05:00,170.83040986678466,173.85914482652376,170.66159711852214,173.49172973632812,21462400.0,0.0,0.0,1.2
GOOGL,2024-12-09 00:00:00-05:00,172.9449339559485,175.23150110703355,172.6367300920802,174.34669494628906,25389600.0,0.2,0.0,0.49
GOOGL,2024-12-10 00:00:00-05:00,181.78305343524673,185.27256668487914,179.99355362655623,184.08950805664062,54813000.0,0.0,0.0,5.59
GOOGL,2024-12-11 00:00:00-05:00,184.22872034890193,194.46862325114623,183.77141292751642,194.2598419189453,67894100.0,0.0,0.0,5.52
GOOGL,2024-12-12 00:00:00-05:00,193.86215946833025,194.04110187251197,190.59136355506865,190.83990478515625,34817500.0,0.0,0.0,-1.76
GOOGL,2024-12-13 00:00:00-05:00,189.89544591832112,191.6054108844412,188.5334447604449,188.71240234375,25143500.0,0.0,0.0,-1.11
GOOGL,2024-12-16 00:00:00-05:00,191.74457308879215,197.8388085792474,191.49603187198403,195.51246643066406,44934900.0,0.0,0.0,3.6
GOOGL,2024-12-17 00:00:00-05:00,196.09903250515634,200.2446984442106,193.84227386580446,194.2797088623047,43504000.0,0.0,0.0,-0.63
GOOGL,2024-12-18 00:00:00-05:00,194.08087100994013,195.8504833002915,186.64452188139882,187.3006591796875,34166100.0,0.0,0.0,-3.59
GOOGL,2024-12-19 00:00:00-05:00,190.51180819781734,191.90363286978481,187.28077255169532,187.41000366210938,32265200.0,0.0,0.0,0.06
GOOGL,2024-12-20 00:00:00-05:00,184.69596767924915,191.76448125206372,184.13923772090007,190.29312133789062,63462900.0,0.0,0.0,1.54
GOOGL,2024-12-23 00:00:00-05:00,191.49605762870533,193.96159775328474,189.04046886277803,193.4943389892578,25675000.0,0.0,0.0,1.68
GOOGL,2024-12-24 00:00:00-05:00,193.70308928801546,194.96568298339844,192.64927690043314,194.96568298339844,10403300.0,0.0,0.0,0.76
GOOGL,2024-12-26 00:00:00-05:00,194.01127759173056,195.6019475277096,193.24578152744004,194.4586639404297,12046600.0,0.0,0.0,-0.26
GOOGL,2024-12-27 00:00:00-05:00,193.8124315456521,194.1802828500262,189.53751972128225,191.6352081298828,18891400.0,0.0,0.0,-1.45
GOOGL,2024-12-30 00:00:00-05:00,188.6925150012565,191.42646867833813,188.01647493101535,190.12411499023438,14264700.0,0.0,0.0,-0.79
GOOGL,2024-12-31 00:00:00-05:00,189.96503162659658,190.83990159620672,187.41002054250913,188.19541931152344,17466900.0,0.0,0.0,-1.01
GOOGL,2025-01-02 00:00:00-05:00,189.5375437207165,190.87967248578354,186.405930161898,188.3246612548828,20370800.0,0.0,0.0,0.07
GOOGL,2025-01-03 00:00:00-05:00,190.2533357330172,192.08261071335764,188.87144710211905,190.67088317871094,18596200.0,0.0,0.0,1.25
GOOGL,2025-01-06 00:00:00-05:00,192.8481012552134,197.06336585299624,192.71887013485082,195.7212371826172,29563600.0,0.0,0.0,2.65
GOOGL,2025-01-07 00:00:00-05:00,195.9598465030939,199.82714740579908,193.46449803391354,194.34930419921875,26487200.0,0.0,0.0,-0.7
GOOGL,2025-01-08 00:00:00-05:00,191.44634580773328,195.14462535167834,191.2574520458894,192.8182830810547,24864800.0,0.0,0.0,-0.79
GOOGL,2025-01-10 00:00:00-05:00,193.16627156624116,195.37331918302115,189.19954756964907,190.91944885253906,26665200.0,0.0,0.0,-0.98
GOOGL,2025-01-13 00:00:00-05:00,188.96091407425016,190.06442245830834,186.2667207451249,189.89541625976562,21823700.0,0.0,0.0,-0.54
GOOGL,2025-01-14 00:00:00-05:00,190.12409653498483,190.8597688353095,187.21118555715896,188.55331420898438,17174900.0,0.0,0.0,-0.71
GOOGL,2025-01-15 00:00:00-05:00,191.96331352397246,195.21423727602792,190.74049483860904,194.40896606445312,21776000.0,0.0,0.0,3.11
GOOGL,2025-01-16 00:00:00-05:00,193.00716606923652,194.33934334611155,191.68492497988967,191.7843475341797,17815400.0,0.0,0.0,-1.35
GOOGL,2025-01-17 00:00:00-05:00,195.3832294332928,196.07914183949293,192.61945218456034,194.8563232421875,27735100.0,0.0,0.0,1.6
GOOGL,2025-01-21 00:00:00-05:00,197.9084311961374,201.10962849733662,196.71542107622028,196.89437866210938,29971300.0,0.0,0.0,1.05
GOOGL,2025-01-22 00:00:00-05:00,197.8984395071347,199.31015168026758,196.37736860095453,197.21246337890625,26200600.0,0.0,0.0,0.16
GOOGL,2025-01-23 00:00:00-05:00,196.98383809552067,199.13123797930666,194.060990781993,196.82476806640625,26951400.0,0.0,0.0,-0.2
GOOGL,2025-01-24 00:00:00-05:00,196.9440747387753,199.72772435097139,196.8446521798743,199.04176330566406,23877500.0,0.0,0.0,1.13
GOOGL,2025-01-27 00:00:00-05:00,191.28727038356462,195.73118866143682,189.61706547784135,190.69076538085938,41728900.0,0.0,0.0,-4.2
GOOGL,2025-01-28 00:00:00-05:00,191.62527696108057,194.3393427841272,189.56734841729389,194.160400390625,24157900.0,0.0,0.0,1.82
GOOGL,2025-01-29 00:00:00-05:00,194.41887879385513,195.64169733166847,192.30130277467072,194.26976013183594,18218300.0,0.0,0.0,0.06
GOOGL,2025-01-30 00:00:00-05:00,196.84467301356952,200.22482799741599,196.5165967381764,199.6979217529297,24354700.0,0.0,0.0,2.79
GOOGL,2025-01-31 00:00:00-05:00,200.82132655430865,204.2810164474162,200.622496591671,202.8295440673828,32001100.0,0.0,0.0,1.57
GOOGL,2025-02-03 00:00:00-05:00,199.5189590127464,202.5611012223486,198.93240535424198,200.05580139160156,27838300.0,0.0,0.0,-1.37
GOOGL,2025-02-04 00:00:00-05:00,202.20319230990248,205.841839374976,201.62657486491113,205.17575073242188,43856400.0,0.0,0.0,2.56
GOOGL,2025-02-05 00:00:00-05:00,189.9550998506434,191.62528964623422,186.93282997802248,190.2135772705078,70373900.0,0.0,0.0,-7.29
GOOGL,2025-02-06 00:00:00-05:00,188.39424233982533,190.97907706252056,187.61879495696715,190.48199462890625,29297400.0,0.0,0.0,0.14
GOOGL,2025-02-07 00:00:00-05:00,189.93521824759102,190.0644493766904,182.17079235327273,184.25852966308594,49315000.0,0.0,0.0,-3.27
GOOGL,2025-02-10 00:00:00-05:00,186.25681277496034,187.10184389569162,184.77550151190874,185.38194274902344,23105600.0,0.0,0.0,0.61
GOOGL,2025-02-11 00:00:00-05:00,183.95031590853927,185.84917436040885,183.2046922916037,184.23863220214844,21239500.0,0.0,0.0,-0.62
GOOGL,2025-02-12 00:00:00-05:00,182.15088106006976,184.02985197882202,180.76899255548213,182.53860473632812,22072600.0,0.0,0.0,-0.92
GOOGL,2025-02-13 00:00:00-05:00,183.24449120134597,185.19304601185559,182.07136866992408,185.05386352539062,21402500.0,0.0,0.0,1.38
GOOGL,2025-02-14 00:00:00-05:00,183.980148455519,185.31232574087161,183.24447616019845,184.14915466308594,20448400.0,0.0,0.0,-0.49
GOOGL,2025-02-18 00:00:00-05:00,184.51701650776232,184.87491648825042,180.679539282988,182.69769287109375,29916700.0,0.0,0.0,-0.79
GOOGL,2025-02-19 00:00:00-05:00,182.99593948623902,184.3778280833638,182.51872941446393,184.18893432617188,19549400.0,0.0,0.0,0.82
GOOGL,2025-02-20 00:00:00-05:00,183.72168304847523,184.22870170428735,181.65381816300632,183.4830780029297,20441500.0,0.0,0.0,-0.38
GOOGL,2025-02-21 00:00:00-05:00,184.06963495987821,184.25852872808807,178.03506158410121,178.61167907714844,35199200.0,0.0,0.0,-2.65
GOOGL,2025-02-24 00:00:00-05:00,180.9280885264688,182.0514846282233,177.84617104858543,178.20407104492188,29854200.0,0.0,0.0,-0.23
GOOGL,2025-02-25 00:00:00-05:00,177.00113079837024,177.69705843760613,173.67068713379516,174.39642333984375,41913400.0,0.0,0.0,-2.14
GOOGL,2025-02-26 00:00:00-05:00,174.04844897153603,175.05255001700533,170.57880815600546,171.7220916748047,35431300.0,0.0,0.0,-1.53
GOOGL,2025-02-27 00:00:00-05:00,172.97475539808346,173.5414214994902,166.96005475439284,167.51678466796875,39991000.0,0.0,0.0,-2.45
GOOGL,2025-02-28 00:00:00-05:00,167.69575258883415,169.6144990148687,165.7969088809951,169.2864227294922,48130600.0,0.0,0.0,1.06
GOOGL,2025-03-03 00:00:00-05:00,170.92676623691273,172.35836613901347,164.96177675799476,166.0354766845703,40770500.0,0.0,0.0,-1.92
GOOGL,2025-03-04 00:00:00-05:00,165.26995417204506,172.2788035521982,164.83251925310918,169.92263793945312,45388000.0,0.0,0.0,2.34
GOOGL,2025-03-05 00:00:00-05:00,169.525009408903,172.7659816444027,168.07352192530007,172.0104217529297,30954900.0,0.0,0.0,1.23
GOOGL,2025-03-06 00:00:00-05:00,169.5349424001719,173.78996703932643,169.50511866618623,171.34432983398438,28302000.0,0.0,0.0,-0.39
GOOGL,2025-03-07 00:00:00-05:00,170.26067003299855,173.94902837231132,169.2764565211612,172.8455047607422,27385800.0,0.0,0.0,0.88
GOOGL,2025-03-10 00:00:00-04:00,167.47084644350338,167.66992058295483,162.922287876859,165.09205627441406,43604000.0,0.2,0.0,-4.49
GOOGL,2025-03-11 00:00:00-04:00,164.13654448642717,165.96791089272386,160.61313925258565,163.27061462402344,39587400.0,0.0,0.0,-1.1
GOOGL,2025-03-12 00:00:00-04:00,165.7987351046607,166.85376123322993,162.76303668655365,166.3262481689453,28372400.0,0.0,0.0,1.87
GOOGL,2025-03-13 00:00:00-04:00,165.261242942738,165.3508323726828,161.34968247166375,161.9966278076172,31756200.0,0.0,0.0,-2.6
GOOGL,2025-03-14 00:00:00-04:00,162.50424753259463,165.70914654485404,161.68808614528302,164.71383666992188,31995900.0,0.0,0.0,1.68
GOOGL,2025-03-17 00:00:00-04:00,164.2559897412009,165.52003755245735,162.90236768488202,163.5194549560547,31184300.0,0.0,0.0,-0.73
GOOGL,2025-03-18 00:00:00-04:00,162.9123202600298,163.47965420375513,155.98497172829607,159.91644287109375,42074800.0,0.0,0.0,-2.2
GOOGL,2025-03-19 00:00:00-04:00,161.0013229568774,165.0920472279654,160.24489290497496,163.121337890625,34275600.0,0.0,0.0,2.0
GOOGL,2025-03-20 00:00:00-04:00,160.81222633390425,164.11664727374668,160.20508669307458,162.0364532470703,28138500.0,0.0,0.0,-0.67
GOOGL,2025-03-21 00:00:00-04:00,160.45389574924488,163.46968315701145,160.13538933090373,163.22085571289062,36625800.0,0.0,0.0,0.73
GOOGL,2025-03-24 00:00:00-04:00,166.28641503242847,167.5305522783625,164.36545922735073,166.89353942871094,30879100.0,0.0,0.0,2.25
GOOGL,2025-03-25 00:00:00-04:00,168.1874640642974,169.82973452544573,167.53057106706197,169.7600555419922,24174400.0,0.0,0.0,1.72
GOOGL,2025-03-26 00:00:00-04:00,168.20736616989782,168.81450579137277,164.0668735115514,164.2858428955078,28901600.0,0.0,0.0,-3.22
GOOGL,2025-03-27 00:00:00-04:00,163.85788568655383,164.64417388270883,161.24021559810473,161.47909545898438,24508300.0,0.0,0.0,-1.71
GOOGL,2025-03-28 00:00:00-04:00,159.73728296251087,161.06104688273138,152.90945679818688,153.60617065429688,48669300.0,0.0,0.0,-4.88
GOOGL,2025-03-31 00:00:00-04:00,152.39189573252094,154.81049144150305,149.95338957359485,153.9147186279297,54603500.0,0.0,0.0,0.2
GOOGL,2025-04-01 00:00:00-04:00,152.89952690016702,157.3585269137693,152.89952690016702,156.33335876464844,30672900.0,0.0,0.0,1.57
GOOGL,2025-04-02 00:00:00-04:00,154.42231653657922,157.6670363544579,153.97443014331054,156.30345153808594,25041700.0,0.0,0.0,-0.02
GOOGL,2025-04-03 00:00:00-04:00,150.40127754802887,152.06344323592336,149.68465321481136,150.0131072998047,46883400.0,0.0,0.0,-4.02
GOOGL,2025-04-04 00:00:00-04:00,147.3157993550897,150.3614601277394,144.698144884866,144.9171142578125,62259500.0,0.0,0.0,-3.4
GOOGL,2025-04-07 00:00:00-04:00,140.8861135726325,152.13311801627722,139.87089326407514,146.0617218017578,76794100.0,0.0,0.0,0.79
GOOGL,2025-04-08 00:00:00-04:00,150.5107562403341,151.52597653644034,142.3591661655056,144.02133178710938,52200200.0,0.0,0.0,-1.4
GOOGL,2025-04-09 00:00:00-04:00,143.74266444963052,158.8017091980402,143.23506183090237,157.9656524658203,70406200.0,0.0,0.0,9.68
GOOGL,2025-04-10 00:00:00-04:00,155.80581046857128,156.9802840886705,149.22681119385487,152.103271484375,48022000.0,0.0,0.0,-3.71
GOOGL,2025-04-11 00:00:00-04:00,152.18286551192307,156.93049760914,152.10325409102202,156.40298461914062,33636200.0,0.0,0.0,2.83
GOOGL,2025-04-14 00:00:00-04:00,159.24959030436233,160.96152461511218,156.82103162226488,158.32395935058594,30333000.0,0.0,0.0,1.23
GOOGL,2025-04-15 00:00:00-04:00,158.3836547299025,158.90120489566414,154.48204210198043,155.57687377929688,27551500.0,0.0,0.0,-1.74
GOOGL,2025-04-16 00:00:00-04:00,152.381953334393,155.1588613016161,150.7993990348029,152.61087036132812,28187400.0,0.0,0.0,-1.91
GOOGL,2025-04-17 00:00:00-04:00,153.56637507381893,153.95454537102182,147.8035367865411,150.45106506347656,33046600.0,0.0,0.0,-1.42
GOOGL,2025-04-21 00:00:00-04:00,148.1817487017602,148.25141250019158,145.41478828401154,146.9774169921875,26049100.0,0.0,0.0,-2.31
GOOGL,2025-04-22 00:00:00-04:00,148.191681312594,151.47620681854735,147.84331679407512,150.75958251953125,26971800.0,0.0,0.0,2.57
GOOGL,2025-04-23 00:00:00-04:00,154.8801740321897,156.79116721631257,153.08861317606707,154.62139892578125,31128800.0,0.0,0.0,2.56
GOOGL,2025-04-24 00:00:00-04:00,155.41761919174232,158.8414873336237,155.05930705626122,158.53294372558594,45894000.0,0.0,0.0,2.53
GOOGL,2025-04-25 00:00:00-04:00,164.29580798857202,165.32097594255075,160.2846952290497,161.2003936767578,56034000.0,0.0,0.0,1.68
GOOGL,2025-04-28 00:00:00-04:00,161.66817604969367,162.38480037619334,157.85615258510526,159.85671997070312,29745800.0,0.0,0.0,-0.83
GOOGL,2025-04-29 00:00:00-04:00,159.56809722983294,159.98612558310694,156.7812263541152,159.40884399414062,26809000.0,0.0,0.0,-0.28
GOOGL,2025-04-30 00:00:00-04:00,157.2390449367046,158.52300314058715,154.67114371616248,158.05520629882812,34981100.0,0.0,0.0,-0.85
GOOGL,2025-05-01 00:00:00-04:00,159.69746807136784,161.19043289943403,158.16469753026496,160.54348754882812,30203200.0,0.0,0.0,1.57
GOOGL,2025-05-02 00:00:00-04:00,162.64359387625743,164.19627488526416,161.11080813038504,163.26068115234375,25715000.0,0.0,0.0,1.69
GOOGL,2025-05-05 00:00:00-04:00,162.23551815903613,164.61430827792813,161.95683259435438,163.43984985351562,21341800.0,0.0,0.0,0.11
GOOGL,2025-05-06 00:00:00-04:00,161.40940569190968,164.02707560554774,160.43400623609975,162.4644317626953,21277200.0,0.0,0.0,-0.6
GOOGL,2025-05-07 00:00:00-04:00,163.3104457768094,164.22612903746054,147.14660797263102,150.67001342773438,127490100.0,0.0,0.0,-7.26
GOOGL,2025-05-08 00:00:00-04:00,154.27302076354474,155.19865159825923,152.18286408476257,153.556396484375,57498700.0,0.0,0.0,1.92
GOOGL,2025-05-09 00:00:00-04:00,153.44693820644628,154.32281585111178,151.4861763255997,152.03359985351562,32435300.0,0.0,0.0,-0.99
GOOGL,2025-05-12 00:00:00-04:00,156.75134515840134,158.3537945366218,155.5171555445994,157.716796875,44138800.0,0.0,0.0,3.74
GOOGL,2025-05-13 00:00:00-04:00,158.0452492784777,159.81691483841985,155.42759461947415,158.7817840576172,42382100.0,0.0,0.0,0.68
GOOGL,2025-05-14 00:00:00-04:00,159.20979069166216,166.21676625125212,158.86142612462882,164.5944061279297,48755900.0,0.0,0.0,3.66
GOOGL,2025-05-15 00:00:00-04:00,165.06216627651048,165.43044121351085,161.60844020849726,163.1909942626953,33146700.0,0.0,0.0,-0.85
GOOGL,2025-05-16 00:00:00-04:00,166.9433081258995,168.5557203255822,164.84320384513654,165.41053771972656,42846900.0,0.0,0.0,1.36
GOOGL,2025-05-19 00:00:00-04:00,163.73843316462222,165.85844820194703,163.44979996369122,165.7589111328125,30426100.0,0.0,0.0,0.21
GOOGL,2025-05-20 00:00:00-04:00,165.64944408137072,167.7097431716266,162.13600082515688,163.2109375,46607700.0,0.0,0.0,-1.54
GOOGL,2025-05-21 00:00:00-04:00,162.92230000658228,172.32797668139273,162.79290484375014,167.7694549560547,73416000.0,0.0,0.0,2.79
GOOGL,2025-05-22 00:00:00-04:00,171.0439874928675,175.94090966560867,169.90933497951553,170.06857299804688,74864400.0,0.0,0.0,1.37
GOOGL,2025-05-23 00:00:00-04:00,168.26709983843824,169.16288791706646,167.10258900472385,167.67987060546875,35211400.0,0.0,0.0,-1.4
GOOGL,2025-05-27 00:00:00-04:00,169.36194132235366,172.35781874405163,169.20268808863054,172.08908081054688,37995700.0,0.0,0.0,2.63
GOOGL,2025-05-28 00:00:00-04:00,172.34785613681433,174.4479605139837,171.10371883250124,171.55160522460938,34784000.0,0.0,0.0,-0.31
GOOGL,2025-05-29 00:00:00-04:00,173.1839175950813,173.60194591853366,169.82972818892713,171.053955078125,29317300.0,0.0,0.0,-0.29
GOOGL,2025-05-30 00:00:00-04:00,170.54633906565317,171.40230609492238,166.65467413099773,170.93450927734375,52639900.0,0.0,0.0,-0.07
GOOGL,2025-06-02 00:00:00-04:00,167.0528072022302,169.07328505076367,166.6049207920985,168.2372283935547,38612300.0,0.0,0.0,-1.58
GOOGL,2025-06-03 00:00:00-04:00,166.70445769264217,167.68980475652552,164.50481616986866,165.4005889892578,45084900.0,0.0,0.0,-1.69
GOOGL,2025-06-04 00:00:00-04:00,165.9579872104258,167.43104169003885,165.57976456796413,167.2618408203125,26900800.0,0.0,0.0,1.13
GOOGL,2025-06-05 00:00:00-04:00,169.54108125937032,170.12831044344654,166.80397909025658,167.42108154296875,36379100.0,0.0,0.0,0.1
GOOGL,2025-06-06 00:00:00-04:00,170.0287933558417,173.68157889465496,170.0287933558417,172.86541748046875,35731800.0,0.0,0.0,3.25
GOOGL,2025-06-09 00:00:00-04:00,173.93168685751374,175.85496833236684,173.76228116584014,175.47628784179688,28935900.0,0.21,0.0,1.51
GOOGL,2025-06-10 00:00:00-04:00,175.5859246650274,180.47881653819462,174.30042711746592,177.97756958007812,61766100.0,0.0,0.0,1.43
GOOGL,2025-06-11 00:00:00-04:00,179.14346702948194,179.74136677669094,176.133988123354,176.73190307617188,31646800.0,0.0,0.0,-0.7
GOOGL,2025-06-12 00:00:00-04:00,175.5659846289993,176.104111180473,174.14097564629483,175.08766174316406,20941900.0,0.0,0.0,-0.93
GOOGL,2025-06-13 00:00:00-04:00,171.8390248989685,176.51268202547473,171.78919611484426,174.06124877929688,27663100.0,0.0,0.0,-0.59
GOOGL,2025-06-16 00:00:00-04:00,174.12104697948539,176.3233516338636,174.0413239615484,176.15394592285156,27389200.0,0.0,0.0,1.2
GOOGL,2025-06-17 00:00:00-04:00,175.08766326949169,176.74188163753837,173.97157145760983,175.3367919921875,24973000.0,0.0,0.0,-0.46
GOOGL,2025-06-18 00:00:00-04:00,175.39656976170295,175.94465595934807,172.596365522182,172.71595764160156,28707500.0,0.0,0.0,-1.49
GOOGL,2025-06-20 00:00:00-04:00,173.3437557670882,173.7323959518227,164.88335439041927,166.05923461914062,75659900.0,0.0,0.0,-3.85
GOOGL,2025-06-23 00:00:00-04:00,165.69052617853575,166.7567891470348,161.43540356766906,164.61428833007812,57671000.0,0.0,0.0,-0.87
GOOGL,2025-06-24 00:00:00-04:00,166.3382528798913,167.63372519441324,165.55101285806253,166.18878173828125,40524300.0,0.0,0.0,0.96
GOOGL,2025-06-25 00:00:00-04:00,167.04578597314622,171.75929686583365,166.96606296199934,170.08514404296875,35479000.0,0.0,0.0,2.34
GOOGL,2025-06-26 00:00:00-04:00,171.82903340932134,173.0846517431964,169.3477213792513,172.93516540527344,31796700.0,0.0,0.0,1.68
GOOGL,2025-06-27 00:00:00-04:00,172.9351915011429,178.0572775513539,171.13150193953322,177.90780639648438,108140200.0,0.0,0.0,2.88
GOOGL,2025-06-30 00:00:00-04:00,180.14995998416325,180.59838864201382,173.97157072832883,175.61581420898438,63378900.0,0.0,0.0,-1.29
GOOGL,2025-07-01 00:00:00-04:00,175.12753048692775,175.47630157156493,172.9252259116377,175.2271728515625,35904500.0,0.0,0.0,-0.22
GOOGL,2025-07-02 00:00:00-04:00,174.92820819435067,178.2366447594077,174.45986020905642,178.0174102783203,29128900.0,0.0,0.0,1.59
GOOGL,2025-07-03 00:00:00-04:00,177.8779030413717,179.0438236063814,176.43295953117723,178.90431213378906,21689700.0,0.0,0.0,0.5
GOOGL,2025-07-07 00:00:00-04:00,178.43595167386934,178.67512071867887,175.06772651945082,176.17385864257812,34175600.0,0.0,0.0,-1.53
GOOGL,2025-07-08 00:00:00-04:00,177.23017699013243,177.32981935448504,172.20773349396308,173.75233459472656,40442500.0,0.0,0.0,-1.37
GOOGL,2025-07-09 00:00:00-04:00,174.63923502855474,178.81463486384698,172.16788235105685,176.00445556640625,43025600.0,0.0,0.0,1.3
GOOGL,2025-07-10 00:00:00-04:00,175.0179065004666,177.80813589252995,173.77226294843484,177.00096130371094,29252400.0,0.0,0.0,0.57
GOOGL,2025-07-11 00:00:00-04:00,176.17385213436023,180.797680390592,175.86493496639972,179.56201171875,34282900.0,0.0,0.0,1.45
GOOGL,2025-07-14 00:00:00-04:00,180.37912942255304,183.0298623068854,179.05376298038684,180.92721557617188,32536600.0,0.0,0.0,0.76
GOOGL,2025-07-15 00:00:00-04:00,182.17286668727073,183.5779561932956,180.9670923041272,181.36569213867188,33448300.0,0.0,0.0,0.24
GOOGL,2025-07-16 00:00:00-04:00,182.60136914957832,183.68756658300003,181.39557960576295,182.33230590820312,33104200.0,0.0,0.0,0.53
GOOGL,2025-07-17 00:00:00-04:00,181.50521696666215,183.41852368346133,179.85099864083438,182.94020080566406,31992600.0,0.0,0.0,0.33
GOOGL,2025-07-18 00:00:00-04:00,184.75383518149354,185.7702845204503,183.069737966418,184.41502380371094,34014500.0,0.0,0.0,0.81
GOOGL,2025-07-21 00:00:00-04:00,185.6008814217948,189.62679452163042,185.50122385959315,189.43746948242188,45803100.0,0.0,0.0,2.72
GOOGL,2025-07-22 00:00:00-04:00,190.8325874995953,190.98205863993607,186.80667432845317,190.6731414794922,44660200.0,0.0,0.0,0.65
GOOGL,2025-07-23 00:00:00-04:00,190.8325947249331,191.85900380909362,188.520672962732,189.5670166015625,58681900.0,0.0,0.0,-0.58
GOOGL,2025-07-24 00:00:00-04:00,196.3433222418533,197.26011409114668,190.33433883436888,191.50025939941406,74881700.0,0.0,0.0,1.02
GOOGL,2025-07-25 00:00:00-04:00,191.31089919737093,193.65271496353512,190.59340735435927,192.5067138671875,39785900.0,0.0,0.0,0.53
GOOGL,2025-07-28 00:00:00-04:00,192.97509170180885,193.37370675914636,190.17488744855515,191.90882873535156,38139500.0,0.0,0.0,-0.31
GOOGL,2025-07-29 00:00:00-04:00,191.7593279801271,195.23716996676416,191.41055693747035,195.06776428222656,41389200.0,0.0,0.0,1.65
GOOGL,2025-07-30 00:00:00-04:00,194.91829555746008,196.91132510219643,194.01146346525894,195.8450469970703,32445400.0,0.0,0.0,0.4
GOOGL,2025-07-31 00:00:00-04:00,195.02790454929124,195.30692745731486,190.42399615568507,191.23117065429688,51329200.0,0.0,0.0,-2.36
GOOGL,2025-08-01 00:00:00-04:00,188.371198147092,190.16492789219942,187.16542371122097,188.47085571289062,34832200.0,0.0,0.0,-1.44
GOOGL,2025-08-04 00:00:00-04:00,189.62681422005014,194.58946938551787,189.45740851119675,194.36026000976562,31547400.0,0.0,0.0,3.12
GOOGL,2025-08-05 00:00:00-04:00,194.03141574053652,197.1704314779613,193.21426625386638,193.99154663085938,31602300.0,0.0,0.0,-0.19
GOOGL,2025-08-06 00:00:00-04:00,193.82213079278006,195.94471220658852,192.99502167474958,195.40658569335938,21562900.0,0.0,0.0,0.73
GOOGL,2025-08-07 00:00:00-04:00,196.37322488399897,196.8515477811631,193.65274344901374,195.83511352539062,26321800.0,0.0,0.0,0.22
GOOGL,2025-08-08 00:00:00-04:00,196.53264334375206,201.90385732363322,196.48281456433622,200.71800231933594,39161800.0,0.0,0.0,2.49
GOOGL,2025-08-11 00:00:00-04:00,200.2396805407711,200.77779182670545,198.3762027845806,200.29946899414062,25832400.0,0.0,0.0,-0.21
GOOGL,2025-08-12 00:00:00-04:00,200.66818175308578,203.7872779637538,199.8909014203329,202.63131713867188,30397900.0,0.0,0.0,1.16
GOOGL,2025-08-13 00:00:00-04:00,203.41856930663727,203.81716914109546,196.82163104540848,201.25613403320312,28342900.0,0.0,0.0,-0.68
GOOGL,2025-08-14 00:00:00-04:00,200.79772807656252,203.72748396129663,200.52866482851726,202.2327117919922,25230400.0,0.0,0.0,0.49
GOOGL,2025-08-15 00:00:00-04:00,203.13954799676898,205.7205176785909,200.57849766290207,203.18936157226562,34931400.0,0.0,0.0,0.47
GOOGL,2025-08-18 00:00:00-04:00,203.4883135252893,204.5545916306713,201.7842817792717,202.79075622558594,18526600.0,0.0,0.0,-0.2
GOOGL,2025-08-19 00:00:00-04:00,202.32241111724275,202.73098585981091,199.26311839930437,200.8675079345703,24240200.0,0.0,0.0,-0.95
GOOGL,2025-08-20 00:00:00-04:00,200.03040999419306,200.57849617106174,195.9148142419443,198.62533569335938,28955500.0,0.0,0.0,-1.12
GOOGL,2025-08-21 00:00:00-04:00,199.05384826660156,201.77432964491462,198.73495620472804,199.05384826660156,19774600.0,0.0,0.0,0.22
GOOGL,2025-08-22 00:00:00-04:00,202.02344423178036,207.81319287530533,200.59843534470966,205.37173461914062,42827000.0,0.0,0.0,3.17
GOOGL,2025-08-25 00:00:00-04:00,205.71054863967242,209.78630584234324,204.56456266974786,207.7633819580078,29928900.0,0.0,0.0,1.16
GOOGL,2025-08-26 00:00:00-04:00,206.78679645866202,207.12562307278867,204.98310696587825,206.4180908203125,28464100.0,0.0,0.0,-0.65
GOOGL,2025-08-27 00:00:00-04:00,204.98307149903536,208.18189038820913,204.93324272273148,206.75686645507812,23022900.0,0.0,0.0,0.16
GOOGL,2025-08-28 00:00:00-04:00,206.52770514920687,211.48038522978865,206.17891886526334,210.90240478515625,32339300.0,0.0,0.0,2.01
GOOGL,2025-08-29 00:00:00-04:00,209.77630903075314,213.90187937901428,209.4673918992759,212.16795349121094,39728400.0,0.0,0.0,0.6
GOOGL,2025-09-02 00:00:00-04:00,207.7135567307211,210.94225509702446,205.48135800383685,210.61341857910156,47523000.0,0.0,0.0,-0.73
GOOGL,2025-09-03 00:00:00-04:00,225.42160679337482,230.50382286131364,224.00654247682164,229.85609436035156,103336100.0,0.0,0.0,9.14
GOOGL,2025-09-04 00:00:00-04:00,228.84962875122605,231.5601503541196,225.32197287992437,231.4904022216797,51684200.0,0.0,0.0,0.71
GOOGL,2025-09-05 00:00:00-04:00,231.3907399385365,234.9383302920627,231.09178244912047,234.1809844970703,46588900.0,0.0,0.0,1.16
GOOGL,2025-09-08 00:00:00-04:00,234.85922103336074,237.51232497352402,233.06388696786647,233.43292236328125,32474700.0,0.21,0.0,-0.32
GOOGL,2025-09-09 00:00:00-04:00,233.56257898038902,239.8462403027557,232.62501483391662,239.0084228515625,38061000.0,0.0,0.0,2.39
GOOGL,2025-09-10 00:00:00-04:00,238.28028718322085,241.03313748202237,237.23302305915445,238.54959106445312,35141100.0,0.0,0.0,-0.19
GOOGL,2025-09-11 00:00:00-04:00,239.25777124796906,241.62161874698785,235.63718236935347,239.74649047851562,30599300.0,0.0,0.0,0.5
GOOGL,2025-09-12 00:00:00-04:00,239.746507229255,241.45207841249842,237.38265956507763,240.17539978027344,26771600.0,0.0,0.0,0.18
GOOGL,2025-09-15 00:00:00-04:00,244.02536743382055,251.75526430827645,244.02536743382055,250.95733642578125,58383800.0,0.0,0.0,4.49
GOOGL,2025-09-16 00:00:00-04:00,251.42611085580688,252.3836121103763,248.82288053993366,250.5084991455078,34109700.0,0.0,0.0,-0.18
GOOGL,2025-09-17 00:00:00-04:00,250.56835490468708,250.94737408261642,245.6411664684413,248.8827362060547,34108000.0,0.0,0.0,-0.65
GOOGL,2025-09-18 00:00:00-04:00,251.02715300766394,253.33117381914667,249.15203994052993,251.37625122070312,31239500.0,0.0,0.0,1.0
GOOGL,2025-09-19 00:00:00-04:00,252.59309222605677,255.33595897283527,251.1568250217611,254.0592803955078,55571400.0,0.0,0.0,1.07
GOOGL,2025-09-22 00:00:00-04:00,253.7700350469374,255.11653941381564,249.65075806779814,251.87496948242188,32290500.0,0.0,0.0,-0.86
GOOGL,2025-09-23 00:00:00-04:00,252.38362744671002,253.7002107757565,249.8302703204236,251.00721740722656,26628000.0,0.0,0.0,-0.34
GOOGL,2025-09-24 00:00:00-04:00,251.00721151585665,251.69542412904988,245.80075068993506,246.49893188476562,28201000.0,0.0,0.0,-1.8
GOOGL,2025-09-25 00:00:00-04:00,243.76602627878,245.8506164364007,240.1155317960277,245.1524200439453,31020400.0,0.0,0.0,-0.55
GOOGL,2025-09-26 00:00:00-04:00,246.42913668030897,248.7730319241888,245.33198386371188,245.90049743652344,18503200.0,0.0,0.0,0.31
GOOGL,2025-09-29 00:00:00-04:00,247.2071078925349,250.49853584610034,242.14028307987255,243.41696166992188,32505800.0,0.0,0.0,-1.01
GOOGL,2025-09-30 00:00:00-04:00,242.18016510404112,242.65891575563484,238.6294019345709,242.46942138671875,34724300.0,0.0,0.0,-0.39
GOOGL,2025-10-01 00:00:00-04:00,240.12549589508035,245.66110227108265,237.99104765144796,244.2647247314453,31658200.0,0.0,0.0,0.74
GOOGL,2025-10-02 00:00:00-04:00,244.5140808226371,246.16977847594512,241.6714827842888,245.0526885986328,25483300.0,0.0,0.0,0.32
GOOGL,2025-10-03 00:00:00-04:00,243.85583788051034,245.66114059757743,241.0331766174326,244.71360778808594,30249600.0,0.0,0.0,-0.14
GOOGL,2025-10-06 00:00:00-04:00,244.14507219866994,250.66811683606912,243.94559401576447,249.78041076660156,28894700.0,0.0,0.0,2.07
GOOGL,2025-10-07 00:00:00-04:00,247.62601181924765,249.7903811872092,244.88314509840285,245.1225128173828,23181300.0,0.0,0.0,-1.86
GOOGL,2025-10-08 00:00:00-04:00,244.32458799107962,245.37185214800957,243.18754572478312,243.98545837402344,21307100.0,0.0,0.0,-0.46
GOOGL,2025-10-09 00:00:00-04:00,243.83586445575082,244.12510552114733,238.52965682972516,240.9034881591797,27892100.0,0.0,0.0,-1.26
GOOGL,2025-10-10 00:00:00-04:00,240.80373872383117,243.45684250665406,235.22824247873842,235.95635986328125,33180300.0,0.0,0.0,-2.05
GOOGL,2025-10-13 00:00:00-04:00,239.5869258671789,243.8657913377574,239.08822281740842,243.51669311523438,24995000.0,0.0,0.0,3.2
GOOGL,2025-10-14 00:00:00-04:00,240.60426901896764,246.47899033376285,239.88613541009548,244.81332397460938,22111600.0,0.0,0.0,0.53
GOOGL,2025-10-15 00:00:00-04:00,246.60865147753682,251.45604559967558,245.3519253048375,250.37884521484375,27007700.0,0.0,0.0,2.27
GOOGL,2025-10-16 00:00:00-04:00,251.1169327071502,256.29345747170413,249.45126638195018,250.8077392578125,27997200.0,0.0,0.0,0.17
GOOGL,2025-10-17 00:00:00-04:00,250.10953966399788,253.56057134926166,247.16719481275433,252.64295959472656,29671600.0,0.0,0.0,0.73
GOOGL,2025-10-20 00:00:00-04:00,254.0293759063695,256.6625123260812,253.5705623788801,255.88453674316406,22350200.0,0.0,0.0,1.28
GOOGL,2025-10-21 00:00:00-04:00,254.07923005269296,254.2188662949897,243.51668810909678,249.81033325195312,47312100.0,0.0,0.0,-2.37
GOOGL,2025-10-22 00:00:00-04:00,253.71019631561148,255.69502480450944,248.64337127106648,251.0371551513672,35029400.0,0.0,0.0,0.49
GOOGL,2025-10-23 00:00:00-04:00,252.3237915100895,254.3784456458486,251.19673296350098,252.4235382080078,19901400.0,0.0,0.0,0.55
GOOGL,2025-10-24 00:00:00-04:00,255.9144557753844,261.0012332121926,254.65774472843228,259.2458190917969,28655100.0,0.0,0.0,2.7
GOOGL,2025-10-27 00:00:00-04:00,264.13309426145156,269.43930209007345,263.59448643744673,268.571533203125,35235200.0,0.0,0.0,3.6
GOOGL,2025-10-28 00:00:00-04:00,268.9904266199372,270.0277373828665,265.80869904433325,266.77618408203125,29738600.0,0.0,0.0,-0.67
GOOGL,2025-10-29 00:00:00-04:00,267.05547147917497,274.6257797911847,266.97569238760303,273.8577880859375,43580300.0,0.0,0.0,2.65
GOOGL,2025-10-30 00:00:00-04:00,290.8336705300809,290.8336705300809,279.3335782487789,280.7499084472656,74876000.0,0.0,0.0,2.52
GOOGL,2025-10-31 00:00:00-04:00,282.47538175038454,285.25815337777135,276.3114191679317,280.46063232421875,39267900.0,0.0,0.0,-0.1
GOOGL,2025-11-03 00:00:00-05:00,281.4480558536455,284.7893724933962,279.0742243823285,282.98406982421875,29786000.0,0.0,0.0,0.9
GOOGL,2025-11-04 00:00:00-05:00,276.03213953132416,280.5404041676455,275.5434202802167,276.8200988769531,30078400.0,0.0,0.0,-2.18
GOOGL,2025-11-05 00:00:00-05:00,278.1466184544242,285.677052345188,276.62058842555,283.572509765625,31010300.0,0.0,0.0,2.44
GOOGL,2025-11-06 00:00:00-05:00,284.58986519375543,287.60205105478576,280.41076169575746,284.0113830566406,37173600.0,0.0,0.0,0.15
GOOGL,2025-11-07 00:00:00-05:00,282.47536340962876,283.04389217242976,274.47617771869056,278.1067199707031,34479600.0,0.0,0.0,-2.08
GOOGL,2025-11-10 00:00:00-05:00,283.6822445549795,290.0456696400176,282.12626310035637,289.3475036621094,29557300.0,0.0,0.0,4.04
GOOGL,2025-11-11 00:00:00-05:00,287.0035887304013,291.1627853205446,286.5747114373448,290.5543518066406,19842100.0,0.0,0.0,0.42
GOOGL,2025-11-12 00:00:00-05:00,290.9234183741868,291.2525794490294,282.95415298016115,285.96630859375,24829900.0,0.0,0.0,-1.58
GOOGL,2025-11-13 00:00:00-05:00,281.60765291032834,282.1063559927165,276.5208753822851,277.8474426269531,29494000.0,0.0,0.0,-2.84
GOOGL,2025-11-14 00:00:00-05:00,270.70596321739896,277.83740995344476,269.997813487729,275.6929931640625,31647200.0,0.0,0.0,-0.78
GOOGL,2025-11-17 00:00:00-05:00,285.0387085276487,293.1875295999499,282.83444961203753,284.2806701660156,52670200.0,0.0,0.0,3.11
GOOGL,2025-11-18 00:00:00-05:00,287.1731753233953,288.05086711584505,277.4783868942568,283.5426025390625,49158700.0,0.0,0.0,-0.26
GOOGL,2025-11-19 00:00:00-05:00,286.41513772838755,303.0219431129204,285.88651371587775,292.05047607421875,68198900.0,0.0,0.0,3.0
GOOGL,2025-11-20 00:00:00-05:00,303.7500416076266,305.625169818548,287.92121274474346,288.6991882324219,62025200.0,0.0,0.0,-1.15
GOOGL,2025-11-21 00:00:00-05:00,295.65113486551246,303.1316807498811,293.0877938372482,298.8827209472656,74137700.0,0.0,0.0,3.53
GOOGL,2025-11-24 00:00:00-05:00,310.3229443803346,318.651290855991,308.79691436510495,317.75360107421875,85165100.0,0.0,0.0,6.31
GOOGL,2025-11-25 00:00:00-05:00,325.3638169665917,327.9770159307299,316.82602366827604,322.60101318359375,88632100.0,0.0,0.0,1.53
GOOGL,2025-11-26 00:00:00-05:00,319.8482042131112,323.658303098724,315.9683100285969,319.1201171875,51373400.0,0.0,0.0,-1.08
GOOGL,2025-11-28 00:00:00-05:00,322.5312152935296,326.0021995827445,315.9682963529555,319.3494873046875,26018600.0,0.0,0.0,0.07
GOOGL,2025-12-01 00:00:00-05:00,316.87595107857686,319.02036824755595,313.07583602161014,314.0732421875,41183000.0,0.0,0.0,-1.65
GOOGL,2025-12-02 00:00:00-05:00,315.9184251730286,317.5541859262309,313.095779063488,314.9908447265625,35854700.0,0.0,0.0,0.29
GOOGL,2025-12-03 00:00:00-05:00,315.07061440214585,320.74582687116515,313.2852490348319,318.8009033203125,41838300.0,0.0,0.0,1.21
GOOGL,2025-12-04 00:00:00-05:00,321.39416988540876,321.52380710663783,313.8837033726762,316.7961120605469,31240900.0,0.0,0.0,-0.63
GOOGL,2025-12-05 00:00:00-05:00,318.6612638744486,322.32175763971526,318.3421170569229,320.4366455078125,28851700.0,0.0,0.0,1.15
GOOGL,2025-12-08 00:00:00-05:00,319.4285975207571,319.81785493964355,310.6157547321785,313.11090087890625,33909400.0,0.21,0.0,-2.29
GOOGL,2025-12-09 00:00:00-05:00,311.7635388280278,317.3726229056239,311.2944500995635,316.4643859863281,30194000.0,0.0,0.0,1.07
GOOGL,2025-12-10 00:00:00-05:00,315.2168165746965,320.6861883612462,314.069055340672,319.58831787109375,33428900.0,0.0,0.0,0.99
GOOGL,2025-12-11 00:00:00-05:00,319.45856710455377,320.49655652430846,308.0008744502611,311.82342529296875,42353700.0,0.0,0.0,-2.43
GOOGL,2025-12-12 00:00:00-05:00,313.0909556884665,314.25866704717134,304.96674508462553,308.68951416015625,35940200.0,0.0,0.0,-1.01
GOOGL,2025-12-15 00:00:00-05:00,310.7156001962807,310.8154121445851,304.28810059210934,307.6216125488281,29151900.0,0.0,0.0,-0.35
GOOGL,2025-12-16 00:00:00-05:00,304.3579426322819,310.16661977978157,302.00250880457793,305.97479248046875,30585000.0,0.0,0.0,-0.54
GOOGL,2025-12-17 00:00:00-05:00,307.4120099511304,307.4918412298865,295.54507970361715,296.1439208984375,43930400.0,0.0,0.0,-3.21
GOOGL,2025-12-18 00:00:00-05:00,301.1342186567393,303.3698600006946,298.6490626821344,301.8727722167969,33518000.0,0.0,0.0,1.93
GOOGL,2025-12-19 00:00:00-05:00,301.1442091965169,306.65348128006514,300.3856749721532,306.56365966796875,59943200.0,0.0,0.0,1.55
GOOGL,2025-12-22 00:00:00-05:00,309.27840081787804,309.5279154654388,304.70727541789904,309.1785888671875,26429900.0,0.0,0.0,0.85
GOOGL,2025-12-23 00:00:00-05:00,309.02884787804055,314.328535898872,308.7194521900694,313.73968505859375,25478700.0,0.0,0.0,1.48
GOOGL,2025-12-24 00:00:00-05:00,314.15883598568854,314.4682316573388,311.3143938726672,313.48016357421875,10097400.0,0.0,0.0,-0.08
GOOGL,2025-12-26 00:00:00-05:00,313.86948526563873,314.4782864028367,311.6737441219225,312.9013671875,10899000.0,0.0,0.0,-0.18
GOOGL,2025-12-29 00:00:00-05:00,310.7655125785055,313.410361871903,310.0169686016006,312.9512634277344,19621800.0,0.0,0.0,0.02
GOOGL,2025-12-30 00:00:00-05:00,311.8932765746258,316.3346490163796,311.85334570689247,313.24066162109375,17380900.0,0.0,0.0,0.09
GOOGL,2025-12-31 00:00:00-05:00,312.2426007868329,313.9692224596297,310.83533467851674,312.3923034667969,16377700.0,0.0,0.0,-0.27
GOOGL,2026-01-02 00:00:00-05:00,316.28471875384633,321.87385220157,309.7274673850438,314.5381164550781,32009400.0,0.0,0.0,0.69
GOOGL,2026-01-05 00:00:00-05:00,317.0432662013207,318.4006111389099,314.01915017003046,315.9254455566406,30195600.0,0.0,0.0,0.44
GOOGL,2026-01-06 00:00:00-05:00,315.7857038876524,320.3168980142969,311.17467848252585,313.7297058105469,31212100.0,0.0,0.0,-0.7
GOOGL,2026-01-07 00:00:00-05:00,313.74968730616825,325.5168067446344,313.5800344006012,321.35491943359375,35104400.0,0.0,0.0,2.43
GOOGL,2026-01-08 00:00:00-05:00,328.3313118537803,329.67869694461876,320.8758135066914,324.80816650390625,31896100.0,0.0,0.0,1.07
GOOGL,2026-01-09 00:00:00-05:00,326.45496079982934,330.1876899539591,325.16745676828174,327.9320983886719,26214200.0,0.0,0.0,0.96
GOOGL,2026-01-12 00:00:00-05:00,325.1674658209474,333.39148904567276,324.36903115835116,331.2156982421875,33923900.0,0.0,0.0,1.0
GOOGL,2026-01-13 00:00:00-05:00,334.2996793666924,339.82890107364614,332.97224461379506,335.31768798828125,33517600.0,0.0,0.0,1.24
GOOGL,2026-01-14 00:00:00-05:00,334.40947336413166,335.8666302231012,329.83837890700147,335.1879577636719,28525600.0,0.0,0.0,-0.04
GOOGL,2026-01-15 00:00:00-05:00,336.99445122357054,337.03438209247,330.097863235539,332.1339111328125,28442400.0,0.0,0.0,-0.91
GOOGL,2026-01-16 00:00:00-05:00,333.7607557246461,334.00028002450074,327.0637915356931,329.35931396484375,40341600.0,0.0,0.0,-0.84
GOOGL,2026-01-20 00:00:00-05:00,320.2470363972373,327.0937337673917,319.80788820634325,321.3748474121094,35361000.0,0.0,0.0,-2.42
GOOGL,2026-01-21 00:00:00-05:00,320.2969541162656,331.83450818795274,318.729994927537,327.7424621582031,35386600.0,0.0,0.0,1.98
GOOGL,2026-01-22 00:00:00-05:00,333.8006666576773,334.49928930997066,328.11172120927307,329.89825439453125,26253600.0,0.0,0.0,0.66
GOOGL,2026-01-23 00:00:00-05:00,331.8444485977197,333.0421309365838,326.8142558744754,327.2933044433594,27280000.0,0.0,0.0,-0.79
GOOGL,2026-01-26 00:00:00-05:00,327.1735452193246,335.1879535299186,326.3651202937951,332.61297607421875,26042100.0,0.0,0.0,1.63
GOOGL,2026-01-27 00:00:00-05:00,334.71886692218493,337.2539439848537,332.8325522369338,333.90045166015625,21636200.0,0.0,0.0,0.39
GOOGL,2026-01-28 00:00:00-05:00,335.40752623810386,336.8846637353836,331.2955302242731,335.3576354980469,27434400.0,0.0,0.0,0.44
GOOGL,2026-01-29 00:00:00-05:00,339.6393000059441,341.62545715973704,325.9060355700189,337.5932922363281,39785600.0,0.0,0.0,0.67
GOOGL,2026-01-30 00:00:00-05:00,339.33989756206086,339.33989756206086,331.64487488391205,337.3437805175781,31024000.0,0.0,0.0,-0.07
GOOGL,2026-02-02 00:00:00-05:00,335.5672073695487,344.16047585276425,334.97835654941485,343.022705078125,32006100.0,0.0,0.0,1.68
GOOGL,2026-02-03 00:00:00-05:00,346.66563680855586,348.322417578686,336.81480425638233,339.0504455566406,36506700.0,0.0,0.0,-1.16
GOOGL,2026-02-04 00:00:00-05:00,342.2941565134455,342.6434831024425,327.8821884154679,332.3934326171875,70618400.0,0.0,0.0,-1.96
GOOGL,2026-02-05 00:00:00-05:00,311.6138496060838,332.0441098613053,305.8650224655501,330.6069030761719,88205800.0,0.0,0.0,-0.54
GOOGL,2026-02-06 00:00:00-05:00,326.54477434837446,329.7385737476322,319.2988903139048,322.233154296875,56380500.0,0.0,0.0,-2.53
GOOGL,2026-02-09 00:00:00-05:00,320.30690521957837,327.0637807183464,316.6440476026885,323.6903381347656,39640100.0,0.0,0.0,0.45
GOOGL,2026-02-10 00:00:00-05:00,320.3468306795893,321.0454837970353,313.9991629255859,317.9614562988281,39170000.0,0.0,0.0,-1.77
GOOGL,2026-02-11 00:00:00-05:00,318.3506892240785,320.4366276261131,309.05876795214033,310.3562316894531,45406400.0,0.0,0.0,-2.39
GOOGL,2026-02-12 00:00:00-05:00,311.4840826487114,315.62601945223736,306.60359228041904,308.40008544921875,47761300.0,0.0,0.0,-0.63
GOOGL,2026-02-13 00:00:00-05:00,307.1325415821482,308.03078810659247,303.1203270701956,305.1264343261719,38499700.0,0.0,0.0,-1.06
GOOGL,2026-02-17 00:00:00-05:00,299.45745756709624,303.84890853372514,295.674807618098,301.43359375,39247600.0,0.0,0.0,-1.21
GOOGL,2026-02-18 00:00:00-05:00,301.5035060024616,304.7871271852118,300.66514046909924,302.7410888671875,28482100.0,0.0,0.0,0.43
GOOGL,2026-02-19 00:00:00-05:00,301.23402488534225,304.87693233204385,299.4574819671566,302.26202392578125,25834400.0,0.0,0.0,-0.16
GOOGL,2026-02-20 00:00:00-05:00,303.72919173070744,315.88553781924986,303.3099937290923,314.3684997558594,53210800.0,0.0,0.0,4.01
GOOGL,2026-02-23 00:00:00-05:00,318.43054299285177,318.8996316925602,309.2683735389658,310.8852233886719,31423000.0,0.0,0.0,-1.11
GOOGL,2026-02-24 00:00:00-05:00,309.91711960911005,311.6637220131571,305.33603467292323,310.29638671875,25615600.0,0.0,0.0,-0.19
GOOGL,2026-02-25 00:00:00-05:00,311.4541454679639,313.031095017384,308.8392369672335,312.2925109863281,29963600.0,0.0,0.0,0.64
GOOGL,2026-02-26 00:00:00-05:00,312.0330001798944,312.53202939170336,301.762970472535,306.783203125,36431200.0,0.0,0.0,-1.76
GOOGL,2026-02-27 00:00:00-05:00,303.5495233120643,311.7635251790807,303.21015662264614,311.15472412109375,44640600.0,0.0,0.0,1.42
GOOGL,2026-03-02 00:00:00-05:00,302.6413055358027,307.89107280501906,300.7150293830805,305.9248962402344,34790200.0,0.0,0.0,-1.68
GOOGL,2026-03-03 00:00:00-05:00,298.01026816236094,303.34988694776314,296.1339134078651,302.9905700683594,35497000.0,0.0,0.0,-0.96
GOOGL,2026-03-04 00:00:00-05:00,302.30197959238774,304.8769573413998,300.1661195993462,302.54150390625,29536200.0,0.0,0.0,-0.15
GOOGL,2026-03-05 00:00:00-05:00,302.4516780897468,302.7111526067185,297.41146402777275,300.2958679199219,35752300.0,0.0,0.0,-0.74
GOOGL,2026-03-06 00:00:00-05:00,295.5151547022239,299.94653713519574,294.60691775969326,297.9404296875,25576900.0,0.0,0.0,-0.78
GOOGL,2026-03-09 00:00:00-04:00,293.99527562141907,306.4198649966507,293.71562375842984,305.98040771484375,29312100.0,0.21,0.0,2.7
GOOGL,2026-03-10 00:00:00-04:00,305.79068968096857,309.1265479913924,305.1914269440574,306.65960693359375,23239700.0,0.0,0.0,0.22
GOOGL,2026-03-11 00:00:00-04:00,306.3699695674413,311.0341973481569,305.54101125974313,308.31756591796875,24125700.0,0.0,0.0,0.54
GOOGL,2026-03-12 00:00:00-04:00,306.43985713507476,308.5572255769297,300.65702241451555,303.17388916015625,24928300.0,0.0,0.0,-1.67
GOOGL,2026-03-13 00:00:00-04:00,306.6296377698095,307.3087879643589,300.0677703977713,301.9054870605469,23693100.0,0.0,0.0,-0.42
GOOGL,2026-03-16 00:00:00-04:00,303.97293465389924,306.11026747244654,302.64456537566065,305.1814270019531,23519700.0,0.0,0.0,1.09
GOOGL,2026-03-17 00:00:00-04:00,305.48103123176395,311.03417054952814,305.1214918945171,310.5347900390625,21955200.0,0.0,0.0,1.75
GOOGL,2026-03-18 00:00:00-04:00,308.88680583632095,312.08285325242963,306.5497087361953,307.30877685546875,20009800.0,0.0,0.0,-1.04
GOOGL,2026-03-19 00:00:00-04:00,303.63335165234247,307.67832164750223,301.9754046785898,306.7494812011719,25075800.0,0.0,0.0,-0.18
GOOGL,2026-03-20 00:00:00-04:00,305.0815409313132,305.62088043111504,297.9004465638477,300.6270751953125,44364100.0,0.0,0.0,-2.0
GOOGL,2026-03-23 00:00:00-04:00,301.7357168812967,305.60094814101865,300.5571860375472,301.685791015625,29326900.0,0.0,0.0,0.35
GOOGL,2026-03-24 00:00:00-04:00,298.82932646685043,299.5484356615691,289.97029010977093,290.0801696777344,36864300.0,0.0,0.0,-3.85
GOOGL,2026-03-25 00:00:00-04:00,293.07644958925243,295.6332754793409,288.8816409209488,290.5695495605469,29460700.0,0.0,0.0,0.17
GOOGL,2026-03-26 00:00:00-04:00,287.55329025783345,287.5932492331535,278.15494535852446,280.57196044921875,39080600.0,0.0,0.0,-3.44
GOOGL,2026-03-27 00:00:00-04:00,276.9364822022131,279.02388928595167,273.6106210828978,274.0001220703125,35890600.0,0.0,0.0,-2.34
GOOGL,2026-03-30 00:00:00-04:00,276.07755917965534,276.74671205405957,271.772870758184,273.1611633300781,35141200.0,0.0,0.0,-0.31
GOOGL,2026-03-31 00:00:00-04:00,277.6955407888773,287.72308014338427,276.74670556560056,287.2037353515625,43875400.0,0.0,0.0,5.14
GOOGL,2026-04-01 00:00:00-04:00,290.47967248402244,300.14767254424095,290.05021252939383,297.0215759277344,37684500.0,0.0,0.0,3.42
GOOGL,2026-04-02 00:00:00-04:00,290.3298713924274,297.71070019384774,289.0914173614996,295.403564453125,21666500.0,0.0,0.0,-0.54
GOOGL,2026-04-06 00:00:00-04:00,295.50342601468935,300.2475409865838,294.8142784540748,299.6183166503906,16945500.0,0.0,0.0,1.43
GOOGL,2026-04-07 00:00:00-04:00,302.3549447988444,305.2513457589993,297.3511421656273,305.08154296875,23205400.0,0.0,0.0,1.82
GOOGL,2026-04-08 00:00:00-04:00,320.0530070056894,321.68096199730417,314.6297110626625,316.9268798828125,33547100.0,0.0,0.0,3.88
GOOGL,2026-04-09 00:00:00-04:00,315.51860784412145,319.1441153425082,310.6746106421415,318.09539794921875,23739200.0,0.0,0.0,0.37
GOOGL,2026-04-10 00:00:00-04:00,319.62350892085055,321.4312640320202,315.9281112234418,316.8469543457031,19152600.0,0.0,0.0,-0.39
GOOGL,2026-04-13 00:00:00-04:00,316.74710955552524,321.2315371363443,315.0791651091577,320.91192626953125,18866400.0,0.0,0.0,1.28
GOOGL,2026-04-14 00:00:00-04:00,324.38762340838895,332.8770926852431,323.3489033390031,332.49755859375,27721400.0,0.0,0.0,3.61
GOOGL,2026-04-15 00:00:00-04:00,332.4775916674409,337.0619013824557,330.49003638532656,336.70233154296875,24918800.0,0.0,0.0,1.26
GOOGL,2026-04-16 00:00:00-04:00,338.33029678032364,339.458901613874,334.105526677332,335.6036682128906,20541500.0,0.0,0.0,-0.33
GOOGL,2026-04-17 00:00:00-04:00,337.2316773591919,341.89590508018404,335.8234205588037,341.2566833496094,25581900.0,0.0,0.0,1.68
GOOGL,2026-04-20 00:00:00-04:00,340.3378420577138,340.97703331198585,336.1929591105031,337.0019836425781,18784200.0,0.0,0.0,-1.25
GOOGL,2026-04-21 00:00:00-04:00,337.2716301294484,338.9195798085849,330.9394885663705,331.8783264160156,23123800.0,0.0,0.0,-1.52
GOOGL,2026-04-22 00:00:00-04:00,336.60245884112476,339.3990082413208,334.7547751685775,338.8996276855469,20293000.0,0.0,0.0,2.12
GOOGL,2026-04-23 00:00:00-04:00,340.7572947145818,341.53632713037314,335.7634893621326,338.47015380859375,18650300.0,0.0,0.0,-0.13
GOOGL,2026-04-24 00:00:00-04:00,338.3103390739037,344.8422143498026,334.97448084779876,343.9732971191406,26426100.0,0.0,0.0,1.63
GOOGL,2026-04-27 00:00:00-04:00,345.55136124882,352.74242256668157,342.3053878156813,349.90594482421875,28576900.0,0.0,0.0,1.72
GOOGL,2026-04-28 00:00:00-04:00,348.11816206941427,351.9833930501032,345.69117996136276,349.3466491699219,27824100.0,0.0,0.0,-0.16
GOOGL,2026-04-29 00:00:00-04:00,347.1394107424554,355.3492283904879,343.78355752060145,349.5064697265625,35376300.0,0.0,0.0,0.05
GOOGL,2026-04-30 00:00:00-04:00,373.6065555628184,385.3619622201579,365.3667768501622,384.3232421875,72040000.0,0.0,0.0,9.96
GOOGL,2026-05-01 00:00:00-04:00,381.1572209075714,386.2808704617397,378.5804000830116,385.2121887207031,30105200.0,0.0,0.0,0.23
GOOGL,2026-05-04 00:00:00-04:00,385.15223320621686,386.90006506467324,379.31947226185457,382.7751770019531,26298600.0,0.0,0.0,-0.63
GOOGL,2026-05-05 00:00:00-04:00,385.7515048868787,392.33333678038815,383.5442209432822,387.9487609863281,23878600.0,0.0,0.0,1.35
GOOGL,2026-05-06 00:00:00-04:00,393.7615619135972,399.3546301445318,392.2734176347804,397.546875,31308500.0,0.0,0.0,2.47
GOOGL,2026-05-07 00:00:00-04:00,399.42454979908837,399.6043194807176,392.1934987581594,397.4969177246094,24433500.0,0.0,0.0,-0.01
GOOGL,2026-05-08 00:00:00-04:00,396.5081562950806,401.5019617899809,395.86893456144384,400.3034362792969,21461800.0,0.0,0.0,0.71
GOOGL,2026-05-11 00:00:00-04:00,393.16228042470647,396.94759333072534,387.9887055115338,388.15850830078125,30753700.0,0.0,0.0,-3.03
GOOGL,2026-05-12 00:00:00-04:00,386.8601198229993,388.0386506028281,382.2957742925754,386.8701171875,26017500.0,0.0,0.0,-0.33
GOOGL,2026-05-13 00:00:00-04:00,385.1222825184223,403.1998643489371,384.5230197682841,402.1211853027344,28144600.0,0.0,0.0,3.94
GOOGL,2026-05-14 00:00:00-04:00,396.7878070287349,402.43080112559403,395.349588612008,400.5731201171875,21136700.0,0.0,0.0,-0.38
GOOGL,2026-05-15 00:00:00-04:00,395.82900006662373,399.0450119758119,392.69287563304505,396.2884216308594,20309700.0,0.0,0.0,-1.07
GOOGL,2026-05-18 00:00:00-04:00,395.1997907850553,408.10376741205215,394.04122422601415,396.4482421875,26837200.0,0.0,0.0,0.04
GOOGL,2026-05-19 00:00:00-04:00,396.4681837278221,396.65795076850566,385.63162007935824,387.1797180175781,39545700.0,0.0,0.0,-2.34
GOOGL,2026-05-20 00:00:00-04:00,387.2196997137571,393.37204141137994,382.42562803382646,388.4281921386719,31744400.0,0.0,0.0,0.32
GOOGL,2026-05-21 00:00:00-04:00,385.22215486500835,392.01371791338363,382.5454520468608,387.1797180175781,24852800.0,0.0,0.0,-0.32
GOOGL,2026-05-22 00:00:00-04:00,386.87012298265273,388.258385079403,381.29701890681014,382.49554443359375,20442100.0,0.0,0.0,-1.21
GOOGL,2026-05-26 00:00:00-04:00,384.0336125447445,388.7777274266938,382.12597532411496,388.398193359375,27747400.0,0.0,0.0,1.54
GOOGL,2026-05-27 00:00:00-04:00,386.1909390913781,393.39199754996946,385.421873594791,388.3482360839844,23087300.0,0.0,0.0,-0.01
GOOGL,2026-05-28 00:00:00-04:00,387.5193014898567,391.38450201712897,384.68282366229704,389.64666748046875,24357500.0,0.0,0.0,0.33
GOOGL,2026-05-29 00:00:00-04:00,384.7626974671623,384.7626974671623,377.9910987617443,379.8687744140625,44415800.0,0.0,0.0,-2.51
GOOGL,2026-06-01 00:00:00-04:00,376.05352511273605,378.09100632744554,373.05724175924524,375.9037170410156,28672100.0,0.0,0.0,-1.04
GOOGL,2026-06-02 00:00:00-04:00,366.13582064636165,373.07722234401785,357.99592394061045,361.4017028808594,50412300.0,0.0,0.0,-3.86
GOOGL,2026-06-03 00:00:00-04:00,361.5814692403301,365.9960065843375,357.6363508187865,358.54522705078125,55441600.0,0.0,0.0,-0.79
GOOGL,2026-06-04 00:00:00-04:00,358.4553682250688,372.7875967270043,357.76622059782807,371.7289123535156,44055500.0,0.0,0.0,3.68
GOOGL,2026-06-05 00:00:00-04:00,365.88613605551615,371.6190149899659,363.6688852043904,368.07342529296875,37471200.0,0.0,0.0,-0.98
GOOGL,2026-06-08 00:00:00-04:00,364.9454235864071,365.9647879200631,360.2984165590168,363.0766296386719,27942500.0,0.22,0.0,-1.36
GOOGL,2026-06-09 00:00:00-04:00,366.85420025674074,371.84098522768176,357.0704802123837,364.0260314941406,29535100.0,0.0,0.0,0.26
GOOGL,2026-06-10 00:00:00-04:00,362.95671584537644,368.3232616719084,354.97185779418805,356.1510925292969,32357100.0,0.0,0.0,-2.16
GOOGL,2026-06-11 00:00:00-04:00,355.70134679025995,358.5694982511428,346.13748714351743,357.5401611328125,35538200.0,0.0,0.0,0.39
GOOGL,2026-06-12 00:00:00-04:00,362.3870579560934,366.33453278338226,354.7119986974298,359.4489440917969,24704600.0,0.0,0.0,0.53
GOOGL,2026-06-15 00:00:00-04:00,367.69366113705985,372.7504085202595,366.3145426692825,369.1127624511719,27727500.0,0.0,0.0,2.69
GOOGL,2026-06-16 00:00:00-04:00,369.3626044753487,375.7584875251172,366.8242274297617,373.01025390625,24876100.0,0.0,0.0,1.06
GOOGL,2026-06-17 00:00:00-04:00,368.8929017493238,372.0908279957741,361.78745285393074,363.55633544921875,24543600.0,0.0,0.0,-2.53
GOOGL,2026-06-18 00:00:00-04:00,365.51504497617543,369.2426598317581,358.4396065335441,367.7935791015625,44470100.0,0.0,0.0,1.17
GOOGL,2026-06-22 00:00:00-04:00,357.72009076397745,358.68946892539066,341.50050477393233,349.45538330078125,52814800.0,0.0,0.0,-4.99
GOOGL,2026-06-23 00:00:00-04:00,340.47114598010614,349.0656275102868,339.98147051143604,345.90765380859375,34007700.0,0.0,0.0,-1.02
GOOGL,2026-06-24 00:00:00-04:00,348.8157979233392,353.25294826847323,341.7103492701006,345.0682067871094,44997300.0,0.0,0.0,-0.24
GOOGL,2026-06-25 00:00:00-04:00,336.51370015420923,345.34801779729577,335.6242572392167,343.48919677734375,44491400.0,0.0,0.0,-0.46
GOOGL,2026-06-26 00:00:00-04:00,342.32993723999033,346.1374872957393,329.98789515004995,337.17327880859375,114706300.0,0.0,0.0,-1.84
GOOGL,2026-06-29 00:00:00-04:00,341.6104064955248,354.122383587675,340.4511784786947,353.4228210449219,34213900.0,0.0,0.0,4.82
GOOGL,2026-06-30 00:00:00-04:00,353.64269008629407,358.3896389689017,350.1749177879227,357.14044189453125,35237200.0,0.0,0.0,1.05
GOOGL,2026-07-01 00:00:00-04:00,358.1397942573561,362.7368455226467,356.20103798676814,360.97796630859375,26736400.0,0.0,0.0,1.07
GOOGL,2026-07-02 00:00:00-04:00,359.2490860357571,363.97602803095486,353.19298133516355,359.6788024902344,25974800.0,0.0,0.0,-0.36
GOOGL,2026-07-06 00:00:00-04:00,361.31772936423556,367.693635754559,357.15042523629825,366.2245788574219,26915800.0,0.0,0.0,1.82
GOOGL,2026-07-07 00:00:00-04:00,368.8329180211536,372.9202869594668,365.26520405735874,366.7942199707031,24045600.0,0.0,0.0,0.16
GOOGL,2026-07-08 00:00:00-04:00,364.525702555654,367.6037106679975,357.79001132287857,361.6875305175781,22094800.0,0.0,0.0,-1.39
GOOGL,2026-07-09 00:00:00-04:00,354.08240970637695,359.41897594546776,350.8544734886641,358.65948486328125,24729100.0,0.0,0.0,-0.84
GOOGL,2026-07-10 00:00:00-04:00,357.30034280387986,357.5901650645865,352.52341441108456,356.9505615234375,18146100.0,0.0,0.0,-0.48
GOOGL,2026-07-13 00:00:00-04:00,355.96119810970276,357.8999543595846,351.52404777471276,352.2835693359375,15901700.0,0.0,0.0,-1.31
GOOGL,2026-07-14 00:00:00-04:00,350.97442351070157,359.92865963343,350.86447830880365,359.2790832519531,18259400.0,0.0,0.0,1.99
GOOGL,2026-07-15 00:00:00-04:00,357.74006858863044,373.40998963278184,357.5302120160503,370.6817626953125,28284600.0,0.0,0.0,3.17
GOOGL,2026-07-16 00:00:00-04:00,372.8203579699616,375.02892981037553,352.07368364698067,354.2322998046875,41158500.0,0.0,0.0,-4.44
GOOGL,2026-07-17 00:00:00-04:00,345.77774679993126,348.2961170979314,341.1407126662452,346.5472412109375,29959300.0,0.0,0.0,-2.17
GOOGL,2026-07-20 00:00:00-04:00,350.6546131580819,359.4489481797366,350.2948285491913,351.7638854980469,24736600.0,0.0,0.0,1.51
GOOGL,2026-07-21 00:00:00-04:00,351.09433677099497,351.09433677099497,346.77710440528256,346.927001953125,23369800.0,0.0,0.0,-1.38
GOOGL,2026-07-22 00:00:00-04:00,347.93634723653764,349.7152025525983,341.51048515922605,341.8702392578125,39334100.0,0.0,0.0,-1.46
GOOGL,2026-07-23 00:00:00-04:00,320.92372412122546,324.2815511558238,314.69771503877246,317.4859313964844,69419700.0,0.0,0.0,-7.13
GOOGL,2026-07-24 00:00:00-04:00,318.2154780071113,323.97175736278774,317.11617848672984,319.53460693359375,31806600.0,0.0,0.0,0.65
GOOGL,2026-07-27 00:00:00-04:00,324.83120713377,330.2077559724587,324.2415898017393,326.3502197265625,28471600.0,0.0,0.0,2.13
GOOGL,2026-07-28 00:00:00-04:00,327.68937042492354,335.66425552638333,324.2316014627561,333.4956359863281,29511900.0,0.0,0.0,2.19
GOOGL,2026-07-29 00:00:00-04:00,334.455045685483,342.2800028423013,331.40698648547414,336.49371337890625,27501600.0,0.0,0.0,0.9
GOOGL,2026-07-30 00:00:00-04:00,333.98534038388266,336.29385412629074,330.12780397797883,333.4456787109375,30168000.0,0.0,0.0,-0.91
GOOGL,2026-07-31 00:00:00-04:00,340.611054758666,358.3496530632621,339.78160132747564,355.9012451171875,46498000.0,0.0,0.0,6.73
GOOGL,2026-08-03 00:00:00-04:00,365.2152604560987,376.4480305309448,363.1166033198653,373.27008056640625,38669700.0,0.0,0.0,4.88
GOOGL,2026-08-04 00:00:00-04:00,367.9834743668337,380.2755612380555,367.263935640354,377.40740966796875,35705700.0,0.0,0.0,1.11
GOOGL,2026-08-05 00:00:00-04:00,383.0937455186354,384.2330278418686,356.54080629618977,362.1971740722656,46926300.0,0.0,0.0,-4.03
GOOGL,2026-08-06 00:00:00-04:00,360.5382517887205,363.8961093831237,356.65076635274994,357.52020263671875,25235900.0,0.0,0.0,-1.29
GOOGL,2026-08-07 00:00:00-04:00,356.49084652154687,358.6694387836589,353.5527327193329,354.0723876953125,19859900.0,0.0,0.0,-0.96
GOOGL,2026-08-10 00:00:00-04:00,354.951850943437,357.38028276908574,352.4834362714388,357.29034423828125,18991400.0,0.0,0.0,0.91
GOOGL,2026-08-11 00:00:00-04:00,355.6613923515014,356.5807842683805,343.1694223006263,343.5791320800781,29081800.0,0.0,0.0,-3.84
GOOGL,2026-08-12 00:00:00-04:00,346.0875456512855,346.25744987105145,340.66104092628797,343.3193359375,25012000.0,0.0,0.0,-0.08
GOOGL,2026-08-13 00:00:00-04:00,345.5478948342235,347.7065110877775,343.5392066313974,346.13751220703125,17866100.0,0.0,0.0,0.82
GOOGL,2026-08-14 00:00:00-04:00,346.5772111705174,350.22489088982945,344.27870083870846,345.67779541015625,17808600.0,0.0,0.0,-0.13
GOOGL,2026-08-17 00:00:00-04:00,346.04755304110785,347.0269344906474,341.7103446182459,343.7790222167969,18291300.0,0.0,0.0,-0.55
GOOGL,2026-08-18 00:00:00-04:00,342.19005363605754,344.6484648943574,339.97147845233087,343.9789123535156,19248800.0,0.0,0.0,0.06
GOOGL,2026-08-19 00:00:00-04:00,342.2400076559886,346.5072842825429,340.44117610948047,344.4985656738281,19733800.0,0.0,0.0,0.15
GOOGL,2026-08-20 00:00:00-04:00,342.83962071417653,343.6790774504127,338.3525147854226,340.451171875,18570400.0,0.0,0.0,-1.17
GOOGL,2026-08-21 00:00:00-04:00,342.359928876986,345.97762917305914,340.1813365286692,344.5985107421875,20849800.0,0.0,0.0,1.22
GOOGL,2026-08-24 00:00:00-04:00,343.39927531721605,351.3741604480826,342.2699962782288,347.83642578125,26338200.0,0.0,0.0,0.94
GOOGL,2026-08-25 00:00:00-04:00,349.41542326154587,349.9350782600912,345.37800981753963,346.73712158203125,20649700.0,0.0,0.0,-0.32
GOOGL,2026-08-26 00:00:00-04:00,346.3973312516375,346.65717399060424,339.96146577825954,341.7803039550781,20420300.0,0.0,0.0,-1.43
GOOGL,2026-08-27 00:00:00-04:00,339.45183186724313,341.4705233735174,338.3025461528343,340.4311828613281,23391400.0,0.0,0.0,-0.39
GOOGL,2026-08-28 00:00:00-04:00,340.49114263603377,348.91575095848634,340.0514228221321,346.36737060546875,25347200.0,0.0,0.0,1.74
GOOGL,2026-08-31 00:00:00-04:00,343.60912172254496,344.3686432833908,336.94342338566804,339.13201904296875,33493600.0,0.0,0.0,-2.09
GOOGL,2026-09-01 00:00:00-04:00,335.7841605001305,336.9834018439635,332.8360433203593,334.8047790527344,23342700.0,0.0,0.0,-1.28
GOOGL,2026-09-02 00:00:00-04:00,333.84541044728496,339.78159726283246,332.6062167342666,336.9034423828125,22582300.0,0.0,0.0,0.63
GOOGL,2026-09-03 00:00:00-04:00,340.34122971001256,344.4585782378343,339.841550898423,342.260009765625,20726900.0,0.0,0.0,1.59
GOOGL,2026-09-04 00:00:00-04:00,342.4700012207031,343.5299987792969,337.0899963378906,338.4599914550781,23157700.0,0.22,0.0,-1.11
MSFT,2021-07-14 00:00:00-04:00,270.97037689383615,272.2275772639754,269.24290521159406,271.1239318847656,23113700.0,0.0,0.0,
MSFT,2021-07-15 00:00:00-04:00,270.63442855853714,271.1238831737116,268.5518741472632,269.7035217285156,22604200.0,0.0,0.0,-0.52
MSFT,2021-07-16 00:00:00-04:00,270.7016516270204,272.6498347308158,268.19682804350134,269.4348449707031,26186800.0,0.0,0.0,
MSFT,2021-07-19 00:00:00-04:00,267.688182240101,269.0701477729701,263.38875994905754,265.8455810546875,32935600.0,0.0,0.0,-1.33
MSFT,2021-07-20 00:00:00-04:00,266.8244526302893,269.64596306299137,265.1258001402408,268.0624694824219,26259700.0,0.0,0.0,0.83
MSFT,2021-07-21 00:00:00-04:00,267.65944319932055,270.1738442376785,266.1143453427813,270.0586853027344,24364300.0,0.0,0.0,
MSFT,2021-07-22 00:00:00-04:00,272.40037599811654,274.87641050496023,271.99731968429404,274.6076965332031,23384100.0,0.0,0.0,1.68
MSFT,2021-07-23 00:00:00-04:00,275.78798075252445,278.3023809168699,274.95304947678056,277.99530029296875,22768100.0,0.0,0.0,
MSFT,2021-07-26 00:00:00-04:00,277.3523869804331,278.0145801435692,275.0875164942922,277.4003601074219,23176100.0,0.0,0.0,-0.21
MSFT,2021-07-27 00:00:00-04:00,277.7650553283684,277.9090039999305,271.5462384158954,274.9915466308594,33604100.0,0.0,0.0,-0.87
MSFT,2021-07-28 00:00:00-04:00,277.3427056762893,278.4559572251852,272.39066780193826,274.6843566894531,33566900.0,0.0,0.0,-0.11
MSFT,2021-07-29 00:00:00-04:00,274.7035639775205,276.9876467259065,274.5500089966287,274.9530944824219,18168300.0,0.0,0.0,0.1
MSFT,2021-07-30 00:00:00-04:00,273.67677665869513,275.1067156613807,272.46754919796103,273.42724609375,20944800.0,0.0,0.0,-0.55
MSFT,2021-08-02 00:00:00-04:00,274.81879350419587,275.2122727524046,272.3043922822221,273.34088134765625,16267400.0,0.0,0.0,
MSFT,2021-08-03 00:00:00-04:00,273.91659864421985,275.6536470342406,272.55381667429816,275.5480651855469,17879000.0,0.0,0.0,
MSFT,2021-08-04 00:00:00-04:00,274.68432630603274,275.99910579105216,273.17759581092656,274.962646484375,16191300.0,0.0,0.0,
MSFT,2021-08-05 00:00:00-04:00,275.31782556305,277.9569917907823,274.569263222689,277.8514099121094,13900200.0,0.0,0.0,1.05
MSFT,2021-08-06 00:00:00-04:00,276.8820984514025,277.83218879233317,276.02795434835366,277.7937927246094,16589300.0,0.0,0.0,-0.02
MSFT,2021-08-09 00:00:00-04:00,278.07213285524966,279.7995752873609,276.2103188203015,276.7093505859375,16117600.0,0.0,0.0,-0.39
MSFT,2021-08-10 00:00:00-04:00,277.1603778240849,277.592253026987,273.70549335133626,274.8955078125,18616600.0,0.0,0.0,
MSFT,2021-08-11 00:00:00-04:00,275.6344193835293,277.0259910024665,274.33882327065885,275.3849182128906,13955900.0,0.0,0.0,
MSFT,2021-08-12 00:00:00-04:00,275.0778712144452,278.2832546943312,274.7995509694879,278.12969970703125,14561300.0,0.0,0.0,1.0
MSFT,2021-08-13 00:00:00-04:00,277.81300703201526,281.0951532950036,277.64023937005385,281.04718017578125,18249000.0,0.0,0.0,
MSFT,2021-08-16 00:00:00-04:00,281.37347818942425,282.93778849851935,278.33122675983446,282.7266540527344,22507600.0,0.0,0.0,
MSFT,2021-08-17 00:00:00-04:00,280.60581088936834,281.60387465026935,279.3485809150683,281.2679748535156,20075300.0,0.0,0.0,-0.52
MSFT,2021-08-18 00:00:00-04:00,280.8063906085156,283.4794538884407,279.1044566907851,279.5467834472656,21813000.0,0.56,0.0,
MSFT,2021-08-19 00:00:00-04:00,277.5852494378773,286.0275166816487,277.53718447593633,285.35443115234375,29850500.0,0.0,0.0,
MSFT,2021-08-20 00:00:00-04:00,288.19087328908586,294.07545466558355,286.5947238726373,292.6523742675781,40817600.0,0.0,0.0,2.56
MSFT,2021-08-23 00:00:00-04:00,291.5851633028545,293.6524553767425,290.23902167406834,292.9313049316406,22830200.0,0.0,0.0,0.1
MSFT,2021-08-24 00:00:00-04:00,293.287107016583,293.89287816648005,290.3832847329818,290.97943115234375,18175800.0,0.0,0.0,-0.67
MSFT,2021-08-25 00:00:00-04:00,292.59474421285233,292.8735972507259,288.86401745475416,290.3928527832031,20006100.0,0.0,0.0,-0.2
MSFT,2021-08-26 00:00:00-04:00,289.41214454966746,290.79675602594824,287.4506360780136,287.5852355957031,17666100.0,0.0,0.0,-0.97
MSFT,2021-08-27 00:00:00-04:00,287.48901815902764,289.2967066286994,285.4121013647465,288.1909484863281,22605700.0,0.0,0.0,0.21
MSFT,2021-08-30 00:00:00-04:00,288.9931195332121,291.96828042904804,288.93553823039747,291.3636474609375,16348100.0,0.0,0.0,
MSFT,2021-08-31 00:00:00-04:00,292.16012706402677,292.2368923425425,289.35771113719727,289.722412109375,26285300.0,0.0,0.0,-0.56
MSFT,2021-09-01 00:00:00-04:00,290.6726548011196,292.89922956574026,289.348226203396,289.6745300292969,18983800.0,0.0,0.0,
MSFT,2021-09-02 00:00:00-04:00,290.0295511305213,291.14280883019796,288.0908835783772,289.0218200683594,16285600.0,0.0,0.0,-0.23
MSFT,2021-09-03 00:00:00-04:00,288.8683465578248,290.4135229329207,288.16776428642396,289.0123291015625,14747900.0,0.0,0.0,0.0
MSFT,2021-09-07 00:00:00-04:00,288.8874712629774,288.964236546015,286.19064038486357,288.09088134765625,17180400.0,0.0,0.0,
MSFT,2021-09-08 00:00:00-04:00,287.70695333346833,288.5035138411293,285.4899863493566,288.11962890625,15046800.0,0.0,0.0,0.01
MSFT,2021-09-09 00:00:00-04:00,288.7051331589924,289.9719800475994,285.0389683549398,285.2789001464844,19927000.0,0.0,0.0,-0.99
MSFT,2021-09-10 00:00:00-04:00,286.40178494786,287.84137565254247,283.48420625224344,283.8009033203125,19633400.0,0.0,0.0,-0.52
MSFT,2021-09-13 00:00:00-04:00,285.5668027729655,286.5169525710251,282.23654837919304,285.02935791015625,23652900.0,0.0,0.0,0.43
MSFT,2021-09-14 00:00:00-04:00,287.4958964728086,289.25221376514764,286.0947028700539,287.7166442871094,21853400.0,0.0,0.0,0.94
MSFT,2021-09-15 00:00:00-04:00,291.0468952158528,293.02393100782655,289.66488563272827,292.5440673828125,28356300.0,0.0,0.0,1.68
MSFT,2021-09-16 00:00:00-04:00,291.5267848065768,293.01435046119434,288.6476028000496,292.927978515625,19550800.0,0.0,0.0,0.13
MSFT,2021-09-17 00:00:00-04:00,291.9202715592397,292.23696868760265,287.4671227397801,287.7934265136719,41372500.0,0.0,0.0,-1.75
MSFT,2021-09-20 00:00:00-04:00,284.395999300158,286.6897617780861,277.86025823894886,282.44775390625,38278700.0,0.0,0.0,-1.86
MSFT,2021-09-21 00:00:00-04:00,283.78175309872546,285.5572543702067,282.22699963878074,282.9275817871094,22364100.0,0.0,0.0,0.17
MSFT,2021-09-22 00:00:00-04:00,284.7798868463927,288.12932568723215,282.6492911094491,286.55535888671875,26626300.0,0.0,0.0,1.28
MSFT,2021-09-23 00:00:00-04:00,286.8145429004646,288.78197237941265,285.5476956875188,287.4959411621094,18604600.0,0.0,0.0,0.33
MSFT,2021-09-24 00:00:00-04:00,286.2195130742343,287.7262628330811,284.9718498809772,287.2944030761719,14999000.0,0.0,0.0,-0.07
MSFT,2021-09-27 00:00:00-04:00,284.21360059113965,284.53029765067646,281.14246212180564,282.32293701171875,23571700.0,0.0,0.0,-1.73
MSFT,2021-09-28 00:00:00-04:00,278.1289850116234,279.069528394677,271.3629186493173,272.1018981933594,43186200.0,0.0,0.0,-3.62
MSFT,2021-09-29 00:00:00-04:00,273.6182975889951,275.2210260039281,271.6124707643782,272.5625915527344,26353700.0,0.0,0.0,0.17
MSFT,2021-09-30 00:00:00-04:00,274.20362889854306,276.2382457189751,270.27834846883263,270.5662841796875,32343600.0,0.0,0.0,-0.73
MSFT,2021-10-01 00:00:00-04:00,270.7582465838053,278.301717984921,269.96168585473896,277.4571533203125,30086300.0,0.0,0.0,2.55
MSFT,2021-10-04 00:00:00-04:00,275.8257051627655,276.1616156789927,268.9636587108174,271.7084655761719,31350700.0,0.0,0.0,-2.07
MSFT,2021-10-05 00:00:00-04:00,272.6105528079684,278.7048275786298,272.6105528079684,277.1308898925781,24993000.0,0.0,0.0,2.0
MSFT,2021-10-06 00:00:00-04:00,274.270845855537,281.80471044780717,274.0117300480355,281.3056335449219,28002600.0,0.0,0.0,1.51
MSFT,2021-10-07 00:00:00-04:00,283.29231359523686,284.6935366211754,282.0830770442581,282.9756164550781,20430500.0,0.0,0.0,0.59
MSFT,2021-10-08 00:00:00-04:00,284.2904382451461,284.6935366211754,281.9295171528448,282.9756164550781,17685700.0,0.0,0.0,0.0
MSFT,2021-10-11 00:00:00-04:00,281.1232834858587,285.9698937714107,280.96011698698385,282.3805236816406,19298600.0,0.0,0.0,-0.21
MSFT,2021-10-12 00:00:00-04:00,283.4458821015579,283.5418606976777,280.57630659547624,281.0849609375,17974100.0,0.0,0.0,-0.46
MSFT,2021-10-13 00:00:00-04:00,283.03321851694517,285.3077678287941,281.6703926860201,284.3768310546875,23416300.0,0.0,0.0,1.17
MSFT,2021-10-14 00:00:00-04:00,287.1599309878296,291.05642058387167,285.8355029331909,290.557373046875,27262900.0,0.0,0.0,2.17
MSFT,2021-10-15 00:00:00-04:00,290.16399355489904,292.18903370330804,288.41728256762934,291.95867919921875,25384800.0,0.0,0.0,0.48
MSFT,2021-10-18 00:00:00-04:00,291.34445521764906,295.7975751445461,290.49989041550754,294.9146423339844,22729300.0,0.0,0.0,1.01
MSFT,2021-10-19 00:00:00-04:00,295.93190452763184,296.8436278454899,294.8474080448137,295.8167419433594,17682100.0,0.0,0.0,0.31
MSFT,2021-10-20 00:00:00-04:00,296.75725195686545,297.2275382211196,293.7820916523756,295.0297546386719,16537100.0,0.0,0.0,-0.27
MSFT,2021-10-21 00:00:00-04:00,294.79942529790196,298.49435169218145,294.0220192983192,298.2448425292969,16918100.0,0.0,0.0,1.09
MSFT,2021-10-22 00:00:00-04:00,297.89940328620986,298.56161758905387,295.4041059859267,296.7093505859375,17449300.0,0.0,0.0,-0.51
MSFT,2021-10-25 00:00:00-04:00,296.90120994069343,296.9396072317386,294.1180067552253,295.72076416015625,17554500.0,0.0,0.0,-0.33
MSFT,2021-10-26 00:00:00-04:00,298.4751735047065,299.81878579139044,296.1718339720267,297.6210021972656,28107300.0,0.0,0.0,0.64
MSFT,2021-10-27 00:00:00-04:00,303.27383257307736,312.9670843453073,303.27383257307736,310.15509033203125,52588700.0,0.0,0.0,4.21
MSFT,2021-10-28 00:00:00-04:00,311.2683843629812,311.786645375774,308.4179927254557,311.28759765625,26297900.0,0.0,0.0,0.37
MSFT,2021-10-29 00:00:00-04:00,311.07636256657173,318.6294104720148,310.8556147805,318.26470947265625,34766000.0,0.0,0.0,2.24
MSFT,2021-11-01 00:00:00-04:00,318.0152251584686,318.1399943940643,313.2261952874065,316.1053771972656,27073200.0,0.0,0.0,-0.68
MSFT,2021-11-02 00:00:00-04:00,317.00752073679007,320.02107850414706,316.71000761817237,319.7139587402344,26487100.0,0.0,0.0,1.14
MSFT,2021-11-03 00:00:00-04:00,320.4529715980219,321.41269899381626,317.3338575616903,320.5489501953125,21500100.0,0.0,0.0,0.26
MSFT,2021-11-04 00:00:00-04:00,319.48363531417436,322.98663410539643,316.2397523503642,322.8906555175781,23992200.0,0.0,0.0,0.73
MSFT,2021-11-05 00:00:00-04:00,324.8773141787061,325.14603666479826,320.9520328371746,322.5259704589844,22570100.0,0.0,0.0,-0.11
MSFT,2021-11-08 00:00:00-05:00,323.7159701176598,324.05188049254014,320.9711644072854,323.41845703125,20897000.0,0.0,0.0,0.28
MSFT,2021-11-09 00:00:00-05:00,323.5336680917774,325.07884433236194,321.0575844525398,322.42041015625,21307400.0,0.0,0.0,-0.31
MSFT,2021-11-10 00:00:00-05:00,321.0959121845267,321.15349346911216,316.63318689786576,317.47772216796875,25500900.0,0.0,0.0,-1.53
MSFT,2021-11-11 00:00:00-05:00,317.90961275273645,320.32811458361215,317.1994240467713,319.0420837402344,16849800.0,0.0,0.0,0.49
MSFT,2021-11-12 00:00:00-05:00,320.4721987193662,323.64889419343916,320.34742946636004,323.159423828125,23831000.0,0.0,0.0,1.29
MSFT,2021-11-15 00:00:00-05:00,323.9463532471072,324.27265700662844,320.57770113283607,322.5355529785156,16723000.0,0.0,0.0,-0.19
MSFT,2021-11-16 00:00:00-05:00,322.16120369996304,326.9502621097972,321.998066485535,325.83697509765625,20886800.0,0.0,0.0,1.02
MSFT,2021-11-17 00:00:00-05:00,325.8851065761686,329.0099268651389,324.9813100529108,326.05816650390625,19053400.0,0.62,0.0,0.07
MSFT,2021-11-18 00:00:00-05:00,325.15435635646554,329.25990808153233,324.1351865907532,328.1253356933594,22463500.0,0.0,0.0,0.63
MSFT,2021-11-19 00:00:00-05:00,329.44260130183307,331.8078416400719,329.01954636756113,329.89447021484375,21963400.0,0.0,0.0,0.54
MSFT,2021-11-22 00:00:00-05:00,331.3462958819071,336.2018030638584,326.4715696014347,326.74078369140625,31031100.0,0.0,0.0,-0.96
MSFT,2021-11-23 00:00:00-05:00,324.067875438659,326.3754584116151,320.7123087229874,324.6736145019531,30427600.0,0.0,0.0,-0.63
MSFT,2021-11-24 00:00:00-05:00,323.3275835286007,325.13517671876446,321.0488729392215,324.8948059082031,21661300.0,0.0,0.0,0.07
MSFT,2021-11-26 00:00:00-05:00,321.4719205549108,324.91401757282057,315.48186952965966,316.9817810058594,24217200.0,0.0,0.0,-2.44
MSFT,2021-11-29 00:00:00-05:00,322.0392144330682,325.97167755508315,321.8469060388488,323.66412353515625,28563500.0,0.0,0.0,2.11
MSFT,2021-11-30 00:00:00-05:00,322.4045459611877,324.7697863608636,316.3183410190401,317.8567199707031,42885600.0,0.0,0.0,-1.79
MSFT,2021-12-01 00:00:00-05:00,322.22190230238374,326.21205212002263,316.70299756222425,317.36639404296875,33337600.0,0.0,0.0,-0.15
MSFT,2021-12-02 00:00:00-05:00,317.57784067361735,320.6449739601022,315.1741330410827,316.7990417480469,30766000.0,0.0,0.0,-0.18
MSFT,2021-12-03 00:00:00-05:00,319.2027326168605,319.8854066749846,305.78043811748984,310.5686340332031,41779300.0,0.0,0.0,-1.97
MSFT,2021-12-06 00:00:00-05:00,311.47244701692887,314.83763770524575,306.9342458292847,313.62615966796875,30032600.0,0.0,0.0,0.98
MSFT,2021-12-07 00:00:00-05:00,318.8662948497607,322.8660390443126,317.38560254163633,322.01995849609375,31021900.0,0.0,0.0,2.68
MSFT,2021-12-08 00:00:00-05:00,322.39495499206663,322.5776391619141,318.0586560269623,322.06805419921875,24761000.0,0.0,0.0,0.01
MSFT,2021-12-09 00:00:00-05:00,321.52962129274965,323.52949356795324,319.3278164061056,320.27008056640625,22214200.0,0.0,0.0,-0.56
MSFT,2021-12-10 00:00:00-05:00,322.0777150522778,329.78880124115864,321.89503086165314,329.3465270996094,38095700.0,0.0,0.0,2.83
MSFT,2021-12-13 00:00:00-05:00,327.5581205344927,330.5483488274046,326.01974140047037,326.3274230957031,28899400.0,0.0,0.0,-0.92
MSFT,2021-12-14 00:00:00-05:00,320.38543259627,321.75075164875943,311.6263053995195,315.6933898925781,44438700.0,0.0,0.0,-3.26
MSFT,2021-12-15 00:00:00-05:00,315.9529188096588,322.2794934666321,312.00123771055326,321.7602844238281,35381100.0,0.0,0.0,1.92
MSFT,2021-12-16 00:00:00-05:00,322.77955765121357,323.78913274409354,310.578331953771,312.38592529296875,35034800.0,0.0,0.0,-2.91
MSFT,2021-12-17 00:00:00-05:00,308.5207628124847,312.4051635201681,305.03057377478706,311.3282775878906,47750300.0,0.0,0.0,-0.34
MSFT,2021-12-20 00:00:00-05:00,307.72266611167277,310.36674473714834,305.3382067120296,307.58807373046875,28326500.0,0.0,0.0,-1.2
MSFT,2021-12-21 00:00:00-05:00,310.8378750297764,315.10686227817746,307.48227910762097,314.6838073730469,24740600.0,0.0,0.0,2.31
MSFT,2021-12-22 00:00:00-05:00,315.6548296221217,320.7603015592964,313.20305992289275,320.3661193847656,24831500.0,0.0,0.0,1.81
MSFT,2021-12-23 00:00:00-05:00,319.93351795028815,323.43333069819255,319.91429885047023,321.7987976074219,19617800.0,0.0,0.0,0.45
MSFT,2021-12-27 00:00:00-05:00,322.5390413218641,329.28866997310473,322.5101980089156,329.25982666015625,19947000.0,0.0,0.0,2.32
MSFT,2021-12-28 00:00:00-05:00,329.93289096293216,330.5674732743384,327.21190693909,328.1060791015625,15661500.0,0.0,0.0,-0.35
MSFT,2021-12-29 00:00:00-05:00,328.1541872836197,331.0386367329647,326.5965892757154,328.7791748046875,15042000.0,0.0,0.0,0.21
MSFT,2021-12-30 00:00:00-05:00,328.7406340105007,329.913644365541,325.76965526074713,326.2503967285156,15994500.0,0.0,0.0,-0.77
MSFT,2021-12-31 00:00:00-05:00,325.47173976117205,326.2889771388825,322.9141905168314,323.3660888671875,18000800.0,0.0,0.0,-0.88
MSFT,2022-01-03 00:00:00-05:00,322.4333715730328,324.9812959837682,317.0779035290574,321.8564758300781,28865100.0,0.0,0.0,-0.47
MSFT,2022-01-04 00:00:00-05:00,321.9333951684874,322.2891685868689,313.5588850186426,316.33758544921875,32674300.0,0.0,0.0,-1.71
MSFT,2022-01-05 00:00:00-05:00,313.308871857317,313.5108044365724,303.8094433864934,304.19403076171875,40054300.0,0.0,0.0,-3.84
MSFT,2022-01-06 00:00:00-05:00,301.0883900628225,306.42463822029214,299.4923247910214,301.790283203125,39646100.0,0.0,0.0,-0.79
MSFT,2022-01-07 00:00:00-05:00,302.049962942499,304.30945449198936,298.14634321960966,301.9442138671875,32720000.0,0.0,0.0,0.05
MSFT,2022-01-10 00:00:00-05:00,297.56933505306506,302.59790121232373,292.9542288432168,302.16522216796875,44289500.0,0.0,0.0,0.07
MSFT,2022-01-11 00:00:00-05:00,301.30958257691026,304.4151542522141,297.95401590280085,302.84796142578125,29386800.0,0.0,0.0,0.23
MSFT,2022-01-12 00:00:00-05:00,307.35733034753923,310.9532679259109,304.86706317706137,306.01123046875,34372200.0,0.0,0.0,1.04
MSFT,2022-01-13 00:00:00-05:00,308.1265127840826,308.52072440499325,292.2908837943043,293.06005859375,45366000.0,0.0,0.0,-4.23
MSFT,2022-01-14 00:00:00-05:00,292.53126883368355,298.8482206128136,292.0505272250826,298.2521057128906,39846400.0,0.0,0.0,1.77
MSFT,2022-01-18 00:00:00-05:00,292.3581471597959,297.8674260520063,290.1178753051929,290.9928283691406,42333200.0,0.0,0.0,-2.43
MSFT,2022-01-19 00:00:00-05:00,294.4926786966677,301.8191755170397,291.04095775062984,291.64666748046875,45933900.0,0.0,0.0,0.22
MSFT,2022-01-20 00:00:00-05:00,297.1656180407453,299.64623177263644,289.54106334856164,289.98333740234375,35380700.0,0.0,0.0,-0.57
MSFT,2022-01-21 00:00:00-05:00,291.03131903917586,292.39660859622313,284.22400232617673,284.6278381347656,57984400.0,0.0,0.0,-1.85
MSFT,2022-01-24 00:00:00-05:00,280.94540441346044,285.666261131879,265.4174271692936,284.95477294921875,85731500.0,0.0,0.0,0.11
MSFT,2022-01-25 00:00:00-05:00,280.29152732225515,283.627874669316,274.18613344698997,277.37823486328125,72848600.0,0.0,0.0,-2.66
MSFT,2022-01-26 00:00:00-05:00,296.1271434101873,296.61750913568017,281.7433657696805,285.2816162109375,90428900.0,0.0,0.0,2.85
MSFT,2022-01-27 00:00:00-05:00,291.0024967310887,295.4637633356451,286.45467082104994,288.2911071777344,53481300.0,0.0,0.0,1.05
MSFT,2022-01-28 00:00:00-05:00,288.66613137183003,296.5983683124137,283.10875927077944,296.3868408203125,49743700.0,0.0,0.0,2.81
MSFT,2022-01-31 00:00:00-05:00,297.05023502997614,300.34811523788875,294.5695920371354,299.0020446777344,46444500.0,0.0,0.0,0.88
MSFT,2022-02-01 00:00:00-05:00,298.4539337157057,298.6654611438378,293.37730478266843,296.86749267578125,40950400.0,0.0,0.0,-0.71
MSFT,2022-02-02 00:00:00-05:00,297.7040073654435,302.9825400250582,296.98289506365415,301.386474609375,36636000.0,0.0,0.0,1.52
MSFT,2022-02-03 00:00:00-05:00,297.5694951174912,299.2424962257356,288.4065592723671,289.6468811035156,43730000.0,0.0,0.0,-3.9
MSFT,2022-02-04 00:00:00-05:00,288.64681946632084,296.9059553802916,288.4160729228112,294.1561279296875,35096500.0,0.0,0.0,1.56
MSFT,2022-02-07 00:00:00-05:00,294.37728012769503,295.9829403994106,288.3487625883948,289.35833740234375,28533300.0,0.0,0.0,-1.63
MSFT,2022-02-08 00:00:00-05:00,289.646747832777,293.79073713074837,288.3968316951647,292.8292541503906,32421200.0,0.0,0.0,1.2
MSFT,2022-02-09 00:00:00-05:00,297.9347607103794,299.9154135304483,295.5503014236904,299.22314453125,31284700.0,0.0,0.0,2.18
MSFT,2022-02-10 00:00:00-05:00,292.3293112144285,297.21363213902004,289.1179613871902,290.7332458496094,45386200.0,0.0,0.0,-2.84
MSFT,2022-02-11 00:00:00-05:00,291.51204526354115,292.5696824760353,282.8875412205064,283.67596435546875,39175600.0,0.0,0.0,-2.43
MSFT,2022-02-14 00:00:00-05:00,282.45490783075724,285.3297625384846,280.12813492881736,283.6375427246094,36359500.0,0.0,0.0,-0.01
MSFT,2022-02-15 00:00:00-05:00,288.4546070123702,289.2141576740427,285.5797520645728,288.8968811035156,27058300.0,0.0,0.0,1.85
MSFT,2022-02-16 00:00:00-05:00,287.47087375855756,289.8795515618136,282.95219184742473,288.5596008300781,29982100.0,0.62,0.0,-0.12
MSFT,2022-02-17 00:00:00-05:00,285.5343966952426,285.95832650311576,279.40673213150365,280.1100769042969,32461600.0,0.0,0.0,-2.93
MSFT,2022-02-18 00:00:00-05:00,282.34519885606585,283.1256081080043,275.8514129414356,277.4122314453125,34264000.0,0.0,0.0,-0.96
MSFT,2022-02-22 00:00:00-05:00,274.5893178506724,280.8904283246642,274.10758220532034,277.2099609375,41736100.0,0.0,0.0,-0.07
MSFT,2022-02-23 00:00:00-05:00,279.58004589911764,281.04454083688285,269.8682698302373,270.03204345703125,37811200.0,0.0,0.0,-2.59
MSFT,2022-02-24 00:00:00-05:00,262.5555199373533,284.37813456051526,261.60166355056816,283.8289489746094,56989700.0,0.0,0.0,5.11
MSFT,2022-02-25 00:00:00-05:00,284.3589600636408,286.75799441504483,280.9964249197429,286.4496765136719,32546700.0,0.0,0.0,0.92
MSFT,2022-02-28 00:00:00-05:00,283.5591279167411,288.2127089883334,282.29698334683417,287.87548828125,34627500.0,0.0,0.0,0.5
MSFT,2022-03-01 00:00:00-05:00,285.5727965486782,289.01239505161357,281.4780448269364,284.17578125,31217800.0,0.0,0.0,-1.29
MSFT,2022-03-02 00:00:00-05:00,284.57084383733564,290.4576682481348,282.9715074955346,289.22442626953125,31873000.0,0.0,0.0,1.78
MSFT,2022-03-03 00:00:00-05:00,291.8257768521812,292.05700050828193,283.3086664169441,285.1103820800781,27314500.0,0.0,0.0,-1.42
MSFT,2022-03-04 00:00:00-05:00,283.53995896520416,284.85990985728677,276.6800484526404,279.2717590332031,32356500.0,0.0,0.0,-2.05
MSFT,2022-03-07 00:00:00-05:00,277.99029686784587,279.10792679805024,268.35558650691434,268.7217102050781,43157200.0,0.0,0.0,-3.78
MSFT,2022-03-08 00:00:00-05:00,267.6522494658014,273.5872347405663,260.13718693761393,265.77349853515625,48159500.0,0.0,0.0,-1.1
MSFT,2022-03-09 00:00:00-05:00,273.0862941142346,279.0212805569592,270.52345705468474,277.9614562988281,35204500.0,0.0,0.0,4.59
MSFT,2022-03-10 00:00:00-05:00,272.681647483681,276.130891339143,270.3307750668401,275.15777587890625,30628000.0,0.0,0.0,-1.01
MSFT,2022-03-11 00:00:00-05:00,277.44109570873076,278.93449337232187,269.22268940942564,269.8393249511719,27209300.0,0.0,0.0,-1.93
MSFT,2022-03-14 00:00:00-04:00,270.0994808190958,274.97464216380376,265.7446020938021,266.3419494628906,30660700.0,0.0,0.0,-1.3
MSFT,2022-03-15 00:00:00-04:00,270.1091142008014,277.3062441058317,268.5482958074122,276.66070556640625,34245100.0,0.0,0.0,3.87
MSFT,2022-03-16 00:00:00-04:00,278.54910553558244,283.8096787213844,272.8550174149433,283.6362609863281,37826300.0,0.0,0.0,2.52
MSFT,2022-03-17 00:00:00-04:00,282.576451409173,284.81168204871824,278.7996317030362,284.4359436035156,30816600.0,0.0,0.0,0.28
MSFT,2022-03-18 00:00:00-04:00,284.58046582678224,290.00481304770483,282.0369173074508,289.45562744140625,43390600.0,0.0,0.0,1.76
MSFT,2022-03-21 00:00:00-04:00,287.9719290179041,289.17626805109586,284.1276588300462,288.2320556640625,28351200.0,0.0,0.0,-0.42
MSFT,2022-03-22 00:00:00-04:00,288.84863696836237,293.8586986740922,287.85626286698505,292.9530334472656,27599700.0,0.0,0.0,1.64
MSFT,2022-03-23 00:00:00-04:00,289.53274726035676,292.1533901687108,286.84465430957243,288.54998779296875,25715400.0,0.0,0.0,-1.5
MSFT,2022-03-24 00:00:00-04:00,288.2127385462436,293.08789961459325,287.42268524354915,292.9915466308594,24484500.0,0.0,0.0,1.54
MSFT,2022-03-25 00:00:00-04:00,294.0803426717011,294.3404693263562,288.3573210468133,292.5869445800781,22566500.0,0.0,0.0,-0.14
MSFT,2022-03-28 00:00:00-04:00,293.2131884282858,299.4468485037341,293.2131884282858,299.35052490234375,29578200.0,0.0,0.0,2.31
MSFT,2022-03-29 00:00:00-04:00,302.44322106271255,304.2834544196327,297.7607361570676,303.888427734375,30393400.0,0.0,0.0,1.52
MSFT,2022-03-30 00:00:00-04:00,302.2987264531988,304.40873068688376,300.1983369373926,302.3950500488281,28163600.0,0.0,0.0,-0.49
MSFT,2022-03-31 00:00:00-04:00,302.43355970417105,303.6282838118876,296.6431186303352,297.0477600097656,33422100.0,0.0,0.0,-1.77
MSFT,2022-04-01 00:00:00-04:00,298.0690878498517,298.8013353889546,294.3790059993479,298.1172790527344,27110500.0,0.0,0.0,0.36
MSFT,2022-04-04 00:00:00-04:00,298.7628242488305,303.5994397899151,298.3967004352338,303.4645690917969,24289600.0,0.0,0.0,1.79
MSFT,2022-04-05 00:00:00-04:00,301.82654511251576,303.3681045702332,298.5507496416169,299.52386474609375,23156700.0,0.0,0.0,-1.3
MSFT,2022-04-06 00:00:00-04:00,294.04175386251336,295.7856342398464,285.8715081688589,288.5596008300781,40110400.0,0.0,0.0,-3.66
MSFT,2022-04-07 00:00:00-04:00,285.82338673563873,292.55804141565983,285.52471299808303,290.361328125,31411200.0,0.0,0.0,0.62
MSFT,2022-04-08 00:00:00-04:00,289.46525511827485,290.1204083993762,285.4572118764955,286.12200927734375,24361900.0,0.0,0.0,-1.46
MSFT,2022-04-11 00:00:00-04:00,281.1312167731274,281.9212406623146,274.58924032351246,274.8397521972656,34569300.0,0.0,0.0,-3.94
MSFT,2022-04-12 00:00:00-04:00,278.6743681898196,280.11957482236716,270.24399616662504,271.75665283203125,30966700.0,0.0,0.0,-1.12
MSFT,2022-04-13 00:00:00-04:00,272.4022274692682,278.0385105603026,271.02444128433206,277.11358642578125,21907200.0,0.0,0.0,1.97
MSFT,2022-04-14 00:00:00-04:00,277.5663736108414,277.7783384197441,269.11674301597424,269.60809326171875,28221600.0,0.0,0.0,-2.71
MSFT,2022-04-18 00:00:00-04:00,268.7217442498862,272.14205510022083,268.17255863306326,270.2729187011719,20778000.0,0.0,0.0,0.25
MSFT,2022-04-19 00:00:00-04:00,269.17453350895715,275.7165098517803,268.2399654599824,274.8782653808594,22297700.0,0.0,0.0,1.7
MSFT,2022-04-20 00:00:00-04:00,278.8285578322928,279.1176168323527,274.9457700942281,275.89959716796875,22906700.0,0.0,0.0,0.37
MSFT,2022-04-21 00:00:00-04:00,278.03846671115735,282.5860513093376,269.82970383090816,270.55230712890625,29454600.0,0.0,0.0,-1.94
MSFT,2022-04-22 00:00:00-04:00,271.39053717811265,272.8550320937384,263.393738668187,264.0199890136719,29405800.0,0.0,0.0,-2.41
MSFT,2022-04-25 00:00:00-04:00,263.3070532274066,270.8413756866367,260.87908697872507,270.46563720703125,35678900.0,0.0,0.0,2.44
MSFT,2022-04-26 00:00:00-04:00,267.3633137874921,268.19188507903243,260.137278279722,260.3492431640625,46518400.0,0.0,0.0,-3.74
MSFT,2022-04-27 00:00:00-04:00,271.7952151207864,280.34119944845656,268.96260761022705,272.8742980957031,63477700.0,0.0,0.0,4.81
MSFT,2022-04-28 00:00:00-04:00,274.7723263295594,280.3508322510041,271.17856852888485,279.0501403808594,33646600.0,0.0,0.0,2.26
MSFT,2022-04-29 00:00:00-04:00,278.0674307607547,279.29105809866707,266.3998077256145,267.3825378417969,37073900.0,0.0,0.0,-4.18
MSFT,2022-05-02 00:00:00-04:00,267.56556930704056,274.5314764230111,266.1300066784379,274.0786437988281,35151100.0,0.0,0.0,2.5
MSFT,2022-05-03 00:00:00-04:00,273.5872373213016,273.7510403407447,269.91641488989063,271.48687744140625,25978600.0,0.0,0.0,-0.95
MSFT,2022-05-04 00:00:00-04:00,272.2673535703565,280.2545389514792,266.6214258152803,279.3874206542969,33599300.0,0.0,0.0,2.91
MSFT,2022-05-05 00:00:00-04:00,275.1095502622621,275.8899595127689,264.3186620189304,267.2187194824219,43260400.0,0.0,0.0,-4.36
MSFT,2022-05-06 00:00:00-04:00,264.77152276793004,269.04933732325316,261.36082642726797,264.6944580078125,37780300.0,0.0,0.0,-0.94
MSFT,2022-05-09 00:00:00-04:00,260.1950242973113,262.41099624830406,253.70123795853172,254.91519165039062,47726000.0,0.0,0.0,-3.69
MSFT,2022-05-10 00:00:00-04:00,261.765522095456,263.7502706382624,255.38734673917406,259.655517578125,39336400.0,0.0,0.0,1.86
MSFT,2022-05-11 00:00:00-04:00,255.97502163371615,261.4475309989085,249.82807066667775,251.03240966796875,48975900.0,0.0,0.0,-3.32
MSFT,2022-05-12 00:00:00-04:00,248.27688839647124,250.3868926130945,240.88706627938942,246.02236938476562,51033800.0,0.0,0.0,-2.0
MSFT,2022-05-13 00:00:00-04:00,247.94932803549173,253.43148171105642,246.0223855668309,251.58160400390625,34925100.0,0.0,0.0,2.26
MSFT,2022-05-16 00:00:00-04:00,250.4639088051504,256.10986406168763,246.43660714810298,251.94766235351562,32550900.0,0.0,0.0,0.15
MSFT,2022-05-17 00:00:00-04:00,256.3892786113193,258.52818561527994,252.87261500014733,257.0733642578125,28828800.0,0.0,0.0,2.03
MSFT,2022-05-18 00:00:00-04:00,253.98305768762685,254.5624926108289,244.10379687009177,245.36888122558594,31356000.0,0.62,0.0,-4.55
MSFT,2022-05-19 00:00:00-04:00,245.19511999738197,248.8358857066328,243.2443856117695,244.461181640625,32692300.0,0.0,0.0,-0.37
MSFT,2022-05-20 00:00:00-04:00,248.42057161150723,249.6760190694131,237.99085911430905,243.90103149414062,39199300.0,0.0,0.0,-0.23
MSFT,2022-05-23 00:00:00-04:00,246.73060439189265,252.5345479716084,244.7412185194128,251.71368408203125,33175400.0,0.0,0.0,3.2
MSFT,2022-05-24 00:00:00-04:00,249.0483104249833,252.3703436440929,244.80880649372511,250.71897888183594,29043900.0,0.0,0.0,-0.4
MSFT,2022-05-25 00:00:00-04:00,249.28967862489,255.5088559710711,248.3142970660737,253.5194854736328,28547900.0,0.0,0.0,1.12
MSFT,2022-05-26 00:00:00-04:00,253.27807996316005,257.9521373499767,252.46688284359203,256.78363037109375,25002100.0,0.0,0.0,1.29
MSFT,2022-05-27 00:00:00-04:00,259.2752549960121,263.96861721941957,258.3867839504424,263.8720397949219,26910800.0,0.0,0.0,2.76
MSFT,2022-05-31 00:00:00-04:00,263.18632567522593,265.34951799157335,259.70974554446406,262.5489501953125,37827700.0,0.0,0.0,-0.5
MSFT,2022-06-01 00:00:00-04:00,265.76488780764225,268.16950970418117,260.78179284572826,263.0802001953125,25292200.0,0.0,0.0,0.2
MSFT,2022-06-02 00:00:00-04:00,255.38343546239255,265.2337143251771,252.63114082746247,265.1661071777344,44008200.0,0.0,0.0,0.79
MSFT,2022-06-03 00:00:00-04:00,261.04251687853196,264.0748772583433,259.20766358686035,260.762451171875,28059000.0,0.0,0.0,-1.66
MSFT,2022-06-06 00:00:00-04:00,262.73246453455715,264.7797759619563,258.0584066884809,259.53594970703125,22400300.0,0.0,0.0,-0.47
MSFT,2022-06-07 00:00:00-04:00,257.49836222355793,263.76584558835543,256.8223496712607,263.1574401855469,22860700.0,0.0,0.0,1.4
MSFT,2022-06-08 00:00:00-04:00,262.3944559964506,263.64023679590827,260.36644828068603,261.1390380859375,17372300.0,0.0,0.0,-0.77
MSFT,2022-06-09 00:00:00-04:00,258.5992253476871,263.3601943996646,255.55722824112877,255.7117462158203,26439700.0,0.0,0.0,-2.08
MSFT,2022-06-10 00:00:00-04:00,251.64605970485297,251.64605970485297,243.87206395245485,244.31629943847656,31422800.0,0.0,0.0,-4.46
MSFT,2022-06-13 00:00:00-04:00,236.70647229198008,240.48242256411086,233.24920982974828,233.9541778564453,46135800.0,0.0,0.0,-4.24
MSFT,2022-06-14 00:00:00-04:00,235.49932172717016,237.31487111467933,233.22988499278367,236.10772705078125,28651500.0,0.0,0.0,0.92
MSFT,2022-06-15 00:00:00-04:00,239.79673406143797,246.54708847653447,237.97153296010552,243.12844848632812,33111700.0,0.0,0.0,2.97
MSFT,2022-06-16 00:00:00-04:00,237.5466256119709,238.9372578860195,234.6881168136664,236.57125854492188,33169200.0,0.0,0.0,-2.7
MSFT,2022-06-17 00:00:00-04:00,236.31050590715876,241.91165700040483,235.6634784930398,239.15936279296875,43084800.0,0.0,0.0,1.09
MSFT,2022-06-21 00:00:00-04:00,241.67987371090587,246.0159401392919,240.95558733169304,245.0405731201172,29928300.0,0.0,0.0,2.46
MSFT,2022-06-22 00:00:00-04:00,243.253984977507,248.35297445153836,241.78609384504884,244.45147705078125,25939900.0,0.0,0.0,-0.24
MSFT,2022-06-23 00:00:00-04:00,246.80780403535596,250.47750946113382,244.93431446825159,249.9849853515625,25861400.0,0.0,0.0,2.26
MSFT,2022-06-24 00:00:00-04:00,252.83392578793828,258.7924022848079,252.747014945619,258.5220031738281,33923200.0,0.0,0.0,3.42
MSFT,2022-06-27 00:00:00-04:00,259.01442487792315,259.1013356957246,254.25345676244666,255.8082733154297,24615100.0,0.0,0.0,-1.05
MSFT,2022-06-28 00:00:00-04:00,254.92949381458487,257.7590321077553,247.53211228973697,247.68663024902344,27295500.0,0.0,0.0,-3.17
MSFT,2022-06-29 00:00:00-04:00,248.75859390135693,252.98843151702386,246.99133318160082,251.33706665039062,20069800.0,0.0,0.0,1.47
MSFT,2022-06-30 00:00:00-04:00,248.23708621339836,250.63207057542505,244.22937393334024,248.02462768554688,31730900.0,0.0,0.0,-1.32
MSFT,2022-07-01 00:00:00-04:00,247.5997090497768,250.86380133736168,245.88072261210712,250.68031311035156,22837700.0,0.0,0.0,1.07
MSFT,2022-07-05 00:00:00-04:00,247.37761951989364,253.9638045325972,246.00630564678934,253.8382568359375,22941000.0,0.0,0.0,1.26
MSFT,2022-07-06 00:00:00-04:00,254.70744763170356,258.8020716718211,253.40372589174646,257.0830993652344,23824400.0,0.0,0.0,1.28
MSFT,2022-07-07 00:00:00-04:00,256.0304528288306,259.8353737242691,255.93387539808108,259.197998046875,20859900.0,0.0,0.0,0.82
MSFT,2022-07-08 00:00:00-04:00,255.7117696472832,258.90828502143717,254.26319665701553,258.4833679199219,19658800.0,0.0,0.0,-0.28
MSFT,2022-07-11 00:00:00-04:00,256.54221460414914,257.3920486214131,253.1911819736528,255.44131469726562,19455200.0,0.0,0.0,-1.18
MSFT,2022-07-12 00:00:00-04:00,256.764381930095,256.8223224888686,243.39887133033,244.97299194335938,35868500.0,0.0,0.0,-4.1
MSFT,2022-07-13 00:00:00-04:00,241.61228376039588,244.8570873615849,239.603594413408,244.0555419921875,29497400.0,0.0,0.0,-0.37
MSFT,2022-07-14 00:00:00-04:00,241.97922671108796,246.39253681901963,237.50796132232233,245.36888122558594,25102800.0,0.0,0.0,0.54
MSFT,2022-07-15 00:00:00-04:00,246.9526960395664,251.44326589652985,246.03526953214475,247.9184112548828,29774100.0,0.0,0.0,1.04
MSFT,2022-07-18 00:00:00-04:00,250.84451446983314,251.89714046464383,244.6156545937457,245.5330810546875,20975000.0,0.0,0.0,-0.96
MSFT,2022-07-19 00:00:00-04:00,248.748908389752,250.81555306514318,244.98262500187312,250.63206481933594,25012600.0,0.0,0.0,2.08
MSFT,2022-07-20 00:00:00-04:00,250.98939669680948,255.78900284248536,250.0333479953983,253.27813720703125,22788300.0,0.0,0.0,1.06
MSFT,2022-07-21 00:00:00-04:00,250.88318973487608,255.80834373168997,248.2178060367972,255.76004028320312,22404700.0,0.0,0.0,0.98
MSFT,2022-07-22 00:00:00-04:00,256.1463197014491,256.23323054289847,250.1878727355114,251.43362426757812,21881300.0,0.0,0.0,-1.69
MSFT,2022-07-25 00:00:00-04:00,252.05160811244352,252.534465599249,248.0052600153113,249.95599365234375,21056000.0,0.0,0.0,-0.59
MSFT,2022-07-26 00:00:00-04:00,250.9507414709721,250.97007463688564,241.01355313399756,243.26365661621094,39348000.0,0.0,0.0,-2.68
MSFT,2022-07-27 00:00:00-04:00,252.2061678876976,260.79136010238045,249.97536828625238,259.5262756347656,45994000.0,0.0,0.0,6.69
MSFT,2022-07-28 00:00:00-04:00,260.50171243898495,268.3143459872542,258.68616288804407,266.9333801269531,33459300.0,0.0,0.0,2.85
MSFT,2022-07-29 00:00:00-04:00,268.1791756325024,272.33174002161905,267.1458530919337,271.11492919921875,32152800.0,0.0,0.0,1.57
MSFT,2022-08-01 00:00:00-04:00,268.29499686655436,271.63636311853617,266.38287021128184,268.4784851074219,21539600.0,0.0,0.0,-0.97
MSFT,2022-08-02 00:00:00-04:00,266.5373945260248,268.3626103956282,263.0415102262708,265.3978576660156,22754200.0,0.0,0.0,-1.15
MSFT,2022-08-03 00:00:00-04:00,267.27132785781305,273.7802383800219,267.1264470117995,272.7855529785156,23518900.0,0.0,0.0,2.78
MSFT,2022-08-04 00:00:00-04:00,272.1385611722735,274.0699917823572,270.5644699809408,273.9251403808594,18098700.0,0.0,0.0,0.42
MSFT,2022-08-05 00:00:00-04:00,269.57938130013923,273.92509952465934,269.1254939956156,273.2104797363281,16774600.0,0.0,0.0,-0.26
MSFT,2022-08-08 00:00:00-04:00,274.3113883534034,276.11730051736697,269.74357435929414,270.70928955078125,18739200.0,0.0,0.0,-0.92
MSFT,2022-08-09 00:00:00-04:00,270.05256187655357,273.3745944260837,268.0921320968785,272.621337890625,23405200.0,0.0,0.0,0.71
MSFT,2022-08-10 00:00:00-04:00,278.29016718582943,279.8739248174104,277.1023268586765,279.2462158203125,24687800.0,0.0,0.0,2.43
MSFT,2022-08-11 00:00:00-04:00,280.87827114074025,281.2259144656879,276.687070719345,277.1795654296875,20065900.0,0.0,0.0,-0.74
MSFT,2022-08-12 00:00:00-04:00,278.58952057102715,281.90191650390625,277.10231096943915,281.90191650390625,22619700.0,0.0,0.0,1.7
MSFT,2022-08-15 00:00:00-04:00,281.02312948938925,284.09409682100915,280.1636287959346,283.408447265625,18085700.0,0.0,0.0,0.53
MSFT,2022-08-16 00:00:00-04:00,281.9791529178918,283.958886627976,280.4630025536895,282.6744689941406,18102900.0,0.0,0.0,-0.26
MSFT,2022-08-17 00:00:00-04:00,280.4002056199427,283.8938524278254,280.1389197170631,281.9292907714844,18253400.0,0.62,0.0,-0.26
MSFT,2022-08-18 00:00:00-04:00,280.8357203997343,282.50027733774294,279.76148592010856,280.8163757324219,17186200.0,0.0,0.0,-0.39
MSFT,2022-08-19 00:00:00-04:00,279.5873798762718,279.92610362667006,276.3550474268576,276.926025390625,20570000.0,0.0,0.0,-1.39
MSFT,2022-08-22 00:00:00-04:00,272.9871317684134,273.3548871851572,268.28380815555704,268.7967224121094,25061100.0,0.0,0.0,-2.94
MSFT,2022-08-23 00:00:00-04:00,267.5289306640625,269.87090517738073,266.5224469010499,267.5289306640625,17527400.0,0.0,0.0,-0.47
MSFT,2022-08-24 00:00:00-04:00,266.53223836596896,268.29357825746257,266.24189106268454,266.8999938964844,18137000.0,0.0,0.0,-0.24
MSFT,2022-08-25 00:00:00-04:00,268.39027578883355,270.0258011315452,265.67085828538086,269.8612976074219,16583400.0,0.0,0.0,1.11
MSFT,2022-08-26 00:00:00-04:00,270.0838799821935,271.3032734990673,259.3417106465169,259.4481506347656,27549300.0,0.0,0.0,-3.86
MSFT,2022-08-29 00:00:00-04:00,257.2803991374211,258.78042347023177,255.34486862600002,256.6803894042969,20338500.0,0.0,0.0,-1.07
MSFT,2022-08-30 00:00:00-04:00,258.07396828165844,258.4416942626222,252.25768976691393,254.49322509765625,22767100.0,0.0,0.0,-0.85
MSFT,2022-08-31 00:00:00-04:00,256.835171011409,258.4996984815058,252.90601788695525,253.04151916503906,24791800.0,0.0,0.0,-0.57
MSFT,2022-09-01 00:00:00-04:00,250.5253174553684,252.4802216307378,247.1768588698768,252.00599670410156,23263400.0,0.0,0.0,-0.41
MSFT,2022-09-02 00:00:00-04:00,253.26411708214042,256.20610147316614,246.26716536821394,247.805908203125,22855400.0,0.0,0.0,-1.67
MSFT,2022-09-06 00:00:00-04:00,247.94142082307454,249.51885306650013,243.81873220604314,245.0865020751953,21328200.0,0.0,0.0,-1.1
MSFT,2022-09-07 00:00:00-04:00,246.48973931975843,250.4865986759276,245.057451273247,249.7704620361328,24126700.0,0.0,0.0,1.91
MSFT,2022-09-08 00:00:00-04:00,249.2091619552673,252.03501907292284,246.57682534056357,250.18658447265625,20319900.0,0.0,0.0,0.17
MSFT,2022-09-09 00:00:00-04:00,252.10280861891394,256.68034817535016,251.89958621733555,255.93515014648438,22084700.0,0.0,0.0,2.3
MSFT,2022-09-12 00:00:00-04:00,257.2125840758803,258.82876464312335,256.6125744929972,258.0545349121094,18747700.0,0.0,0.0,0.83
MSFT,2022-09-13 00:00:00-04:00,250.49630836570796,252.0060195193781,243.4800115748494,243.86712646484375,33353300.0,0.0,0.0,-5.5
MSFT,2022-09-14 00:00:00-04:00,245.3574916342139,246.03492427019088,241.8057953877336,244.0897216796875,23913000.0,0.0,0.0,0.09
MSFT,2022-09-15 00:00:00-04:00,241.71867215528192,243.29611908968658,236.15402331387534,237.47018432617188,31530900.0,0.0,0.0,-2.71
MSFT,2022-09-16 00:00:00-04:00,236.38626175161542,237.3927455707123,234.25718181157072,236.85079956054688,39791800.0,0.0,0.0,-0.26
MSFT,2022-09-19 00:00:00-04:00,234.65400280433187,237.23793382536144,233.0862280822725,236.63792419433594,26826900.0,0.0,0.0,-0.09
MSFT,2022-09-20 00:00:00-04:00,234.26688762643548,235.66045686379198,231.91521092748422,234.63462829589844,26660300.0,0.0,0.0,-0.85
MSFT,2022-09-21 00:00:00-04:00,236.3959688481416,239.6766917207571,231.19906057717108,231.24745178222656,28625600.0,0.0,0.0,-1.44
MSFT,2022-09-22 00:00:00-04:00,230.2022859976419,235.99920442354707,229.91196827312697,233.2120361328125,31061200.0,0.0,0.0,0.85
MSFT,2022-09-23 00:00:00-04:00,231.8184154017902,233.35717293349165,227.6183189581972,230.25064086914062,34176000.0,0.0,0.0,-1.27
MSFT,2022-09-26 00:00:00-04:00,229.40870677369827,233.66686706312993,229.263533156856,229.79580688476562,27694200.0,0.0,0.0,-0.2
MSFT,2022-09-27 00:00:00-04:00,232.24421970145121,234.0055589313427,226.94087211261905,228.789306640625,27018700.0,0.0,0.0,-0.44
MSFT,2022-09-28 00:00:00-04:00,229.1764596269769,234.51852731554808,227.16350637089323,233.2991485595703,29029700.0,0.0,0.0,1.97
MSFT,2022-09-29 00:00:00-04:00,231.18940064159077,232.215229269323,226.85381719409244,229.84420776367188,27484200.0,0.0,0.0,-1.48
MSFT,2022-09-30 00:00:00-04:00,230.60870866268925,232.7861798495217,225.22793778149074,225.3924560546875,35694800.0,0.0,0.0,-1.94
MSFT,2022-10-03 00:00:00-04:00,227.82154744014306,233.8216870981845,227.09572373714803,232.979736328125,28880400.0,0.0,0.0,3.37
MSFT,2022-10-04 00:00:00-04:00,237.18952317598578,242.2896489224366,237.08306843402076,240.85736083984375,34888400.0,0.0,0.0,3.38
MSFT,2022-10-05 00:00:00-04:00,238.0605356080036,242.50257374872547,236.23146021082852,241.16705322265625,20347100.0,0.0,0.0,0.13
MSFT,2022-10-06 00:00:00-04:00,239.93795297204747,242.2702700067914,238.14759670449743,238.83470153808594,20239900.0,0.0,0.0,-0.97
MSFT,2022-10-07 00:00:00-04:00,233.13457344372063,233.54104772265964,225.65375442204814,226.68927001953125,37769600.0,0.0,0.0,-5.09
MSFT,2022-10-10 00:00:00-04:00,225.53766359831536,226.99898360972267,219.4213809672786,221.8601531982422,29743600.0,0.0,0.0,-2.13
MSFT,2022-10-11 00:00:00-04:00,220.28270418108383,221.6762883943557,216.88585373642715,218.14395141601562,30474000.0,0.0,0.0,-1.68
MSFT,2022-10-12 00:00:00-04:00,218.1342072790965,220.51491548211942,216.7406381971181,218.47293090820312,21903900.0,0.0,0.0,0.15
MSFT,2022-10-13 00:00:00-04:00,212.76313280674802,228.4893134395643,212.06634085274027,226.68927001953125,42551800.0,0.0,0.0,3.76
MSFT,2022-10-14 00:00:00-04:00,227.94734744050535,229.59255965182822,220.9794428267959,221.19235229492188,30198600.0,0.0,0.0,-2.42
MSFT,2022-10-17 00:00:00-04:00,228.21836002283007,231.25714167375685,227.5602721133645,229.87322998046875,28142300.0,0.0,0.0,3.92
MSFT,2022-10-18 00:00:00-04:00,235.39920874972353,236.06695432268646,227.7828867076281,230.81199645996094,26329600.0,0.0,0.0,0.41
MSFT,2022-10-19 00:00:00-04:00,229.39898638890583,231.8861492807651,226.73763290241635,228.85704040527344,19985700.0,0.0,0.0,-0.85
MSFT,2022-10-20 00:00:00-04:00,228.16996380022994,233.53137553473397,227.29896641864062,228.53770446777344,21811000.0,0.0,0.0,-0.14
MSFT,2022-10-21 00:00:00-04:00,227.17318083073934,235.166915097807,226.9409118947973,234.31527709960938,26299700.0,0.0,0.0,2.53
MSFT,2022-10-24 00:00:00-04:00,235.90240190553322,239.85088505869388,233.52170816579923,239.2799072265625,24911200.0,0.0,0.0,2.12
MSFT,2022-10-25 00:00:00-04:00,239.28956155004425,242.94771196115997,237.90566472884615,242.57997131347656,34775500.0,0.0,0.0,1.38
MSFT,2022-10-26 00:00:00-04:00,223.718229712473,230.61839877791698,222.64400998891642,223.8634033203125,82543200.0,0.0,0.0,-7.72
MSFT,2022-10-27 00:00:00-04:00,223.5924250678105,226.15701124638468,218.50198634809382,219.4407196044922,40424600.0,0.0,0.0,-1.98
MSFT,2022-10-28 00:00:00-04:00,218.9471714496145,228.97321801422746,218.763293726381,228.26673889160156,40647700.0,0.0,0.0,4.02
MSFT,2022-10-31 00:00:00-04:00,226.22473999169745,227.34735093033876,223.69887276321543,224.6472930908203,28357300.0,0.0,0.0,-1.59
MSFT,2022-11-01 00:00:00-04:00,227.03770950079402,228.140961178221,220.00205274402387,220.81497192382812,30592300.0,0.0,0.0,-1.71
MSFT,2022-11-02 00:00:00-04:00,222.06337802281334,223.8440621960301,212.94701812750728,213.00509643554688,38407000.0,0.0,0.0,-3.54
MSFT,2022-11-03 00:00:00-04:00,212.9954026993864,213.3050945982589,207.08235775345725,207.34365844726562,36633900.0,0.0,0.0,-2.66
MSFT,2022-11-04 00:00:00-04:00,210.53726518655444,214.44702903809562,206.5500636010322,214.25347900390625,36789100.0,0.0,0.0,3.33
MSFT,2022-11-07 00:00:00-05:00,214.83413436780316,221.04718322198104,214.14701479487408,220.5245819091797,33498000.0,0.0,0.0,2.93
MSFT,2022-11-08 00:00:00-05:00,221.32783708020688,224.18274067732156,218.56002878294467,221.4923553466797,28192500.0,0.0,0.0,0.44
MSFT,2022-11-09 00:00:00-05:00,220.04074269428185,221.26013615245242,217.09874333274988,217.27293395996094,27852900.0,0.0,0.0,-1.9
MSFT,2022-11-10 00:00:00-05:00,227.84090847628838,235.4862608906142,227.42477661146236,235.1475372314453,46268000.0,0.0,0.0,8.23
MSFT,2022-11-11 00:00:00-05:00,235.15720711007216,239.99603178997629,234.13136387371884,239.14439392089844,34620200.0,0.0,0.0,1.7
MSFT,2022-11-14 00:00:00-05:00,234.18944503837977,236.0475519661583,231.49905966480162,233.7636260986328,31123300.0,0.0,0.0,-2.25
MSFT,2022-11-15 00:00:00-05:00,237.74116029609917,239.03796188941354,232.29263846364998,234.17010498046875,31390100.0,0.0,0.0,0.17
MSFT,2022-11-16 00:00:00-05:00,235.62582643468144,236.60603316606853,233.32576434985185,234.59710693359375,24093300.0,0.68,0.0,0.18
MSFT,2022-11-17 00:00:00-05:00,230.76368475624398,236.0722794395261,230.6181168177236,234.54859924316406,23123500.0,0.0,0.0,-0.02
MSFT,2022-11-18 00:00:00-05:00,236.32457848011174,236.547802374884,231.97677705188883,234.10215759277344,27613500.0,0.0,0.0,-0.19
MSFT,2022-11-21 00:00:00-05:00,234.30595375905,237.45035420758848,234.0730450796648,234.9076690673828,26394700.0,0.0,0.0,0.34
MSFT,2022-11-22 00:00:00-05:00,236.40220193537894,238.0714497781423,233.60719434514203,237.79971313476562,19665700.0,0.0,0.0,1.23
MSFT,2022-11-23 00:00:00-05:00,237.8773882479825,240.95384732065142,237.06217820148206,240.27450561523438,19508500.0,0.0,0.0,1.04
MSFT,2022-11-25 00:00:00-05:00,240.01245273021934,241.36143645953254,239.44956540890726,240.18714904785156,9200800.0,0.0,0.0,-0.04
MSFT,2022-11-28 00:00:00-05:00,238.81875468278062,239.37192761122702,233.69455635778226,234.626220703125,24778200.0,0.0,0.0,-2.32
MSFT,2022-11-29 00:00:00-05:00,234.2768683035418,235.62585219825684,231.18100986954173,233.2384490966797,17956300.0,0.0,0.0,-0.59
MSFT,2022-11-30 00:00:00-05:00,233.47135371926146,247.7958155951577,232.78229762918565,247.61141967773438,47594200.0,0.0,0.0,6.16
MSFT,2022-12-01 00:00:00-05:00,246.378856625145,248.56246413319528,243.51590752074188,247.17466735839844,26041500.0,0.0,0.0,-0.18
MSFT,2022-12-02 00:00:00-05:00,242.44840731366295,248.50427013338341,242.3222385687394,247.49496459960938,21528500.0,0.0,0.0,0.13
MSFT,2022-12-05 00:00:00-05:00,244.57377324279298,246.33037684588194,240.7403313992676,242.8171844482422,23435300.0,0.0,0.0,-1.89
MSFT,2022-12-06 00:00:00-05:00,243.41890331596056,244.42820886485632,236.58662873937655,237.8870849609375,22463700.0,0.0,0.0,-2.03
MSFT,2022-12-07 00:00:00-05:00,237.60564320065706,238.89639979977625,235.0629579890975,237.15921020507812,20481500.0,0.0,0.0,-0.31
MSFT,2022-12-08 00:00:00-05:00,237.61533452681962,241.4002634352855,235.88785939315616,240.09979248046875,22611800.0,0.0,0.0,1.24
MSFT,2022-12-09 00:00:00-05:00,237.47946700334126,240.9829448599812,236.95540766792848,238.17822265625,20609700.0,0.0,0.0,-0.8
MSFT,2022-12-12 00:00:00-05:00,240.14831706074776,245.08811932166867,239.8765804009923,245.0590057373047,30665100.0,0.0,0.0,2.89
MSFT,2022-12-13 00:00:00-05:00,253.96813536884156,256.13234388565945,245.6024963823434,249.33889770507812,42196900.0,0.0,0.0,1.75
MSFT,2022-12-14 00:00:00-05:00,249.54272515265737,254.84160556776638,246.8059293712521,249.63006591796875,35410900.0,0.0,0.0,0.12
MSFT,2022-12-15 00:00:00-05:00,246.2333334693487,246.69916567601095,240.04158720461845,241.6623077392578,35560400.0,0.0,0.0,-3.19
MSFT,2022-12-16 00:00:00-05:00,241.21585785298825,242.46778637167077,236.32456849542362,237.46975708007812,86102000.0,0.0,0.0,-1.73
MSFT,2022-12-19 00:00:00-05:00,237.6347483108368,237.9744265437408,231.6662265103739,233.35487365722656,29696400.0,0.0,0.0,-1.73
MSFT,2022-12-20 00:00:00-05:00,232.33586378495446,235.74230142731602,231.38478542376703,234.66505432128906,25150800.0,0.0,0.0,0.56
MSFT,2022-12-21 00:00:00-05:00,234.55828309775762,238.37231067567322,233.02490350803566,237.21742248535156,23690600.0,0.0,0.0,1.09
MSFT,2022-12-22 00:00:00-05:00,234.14094822183725,234.84941820626472,226.96901129135682,231.1615447998047,28651700.0,0.0,0.0,-2.55
MSFT,2022-12-23 00:00:00-05:00,229.14295316711923,231.8215067666557,227.0369865095698,231.68563842773438,21207000.0,0.0,0.0,0.23
MSFT,2022-12-27 00:00:00-05:00,231.65652750812146,231.8797366085177,228.87121912390276,229.96788024902344,16688600.0,0.0,0.0,-0.74
MSFT,2022-12-28 00:00:00-05:00,229.8999051151991,232.64639991916565,227.26016504949752,227.6095428466797,17457100.0,0.0,0.0,-1.03
MSFT,2022-12-29 00:00:00-05:00,228.6965364200889,234.78152813488126,228.6965364200889,233.89837646484375,19770700.0,0.0,0.0,2.76
MSFT,2022-12-30 00:00:00-05:00,231.1809912077217,232.87935283490333,229.6767250905103,232.7434844970703,21938500.0,0.0,0.0,-0.49
MSFT,2023-01-03 00:00:00-05:00,235.90726682667218,238.4984794551215,230.39486293780934,232.5105438232422,25740000.0,0.0,0.0,-0.1
MSFT,2023-01-04 00:00:00-05:00,225.42597193507248,225.99855889308043,219.29246770974694,222.33981323242188,50623400.0,0.0,0.0,-4.37
MSFT,2023-01-05 00:00:00-05:00,220.49587519530553,220.8355534662342,215.21639405316571,215.7501678466797,39585600.0,0.0,0.0,-2.96
MSFT,2023-01-06 00:00:00-05:00,216.41981859861454,219.0983724573706,212.87752704272575,218.29286193847656,43613600.0,0.0,0.0,1.18
MSFT,2023-01-09 00:00:00-05:00,219.76798480761224,224.41665135349578,219.7291716302323,220.418212890625,27369800.0,0.0,0.0,0.97
MSFT,2023-01-10 00:00:00-05:00,221.03930492500658,224.48455530245445,220.62200037429594,222.09715270996094,27033900.0,0.0,0.0,0.76
MSFT,2023-01-11 00:00:00-05:00,224.46515686951886,228.98765452783252,224.29047536414728,228.81297302246094,28669300.0,0.0,0.0,3.02
MSFT,2023-01-12 00:00:00-05:00,228.3180371449277,232.8211212975009,226.66820302336927,231.47213745117188,27269500.0,0.0,0.0,1.16
MSFT,2023-01-13 00:00:00-05:00,230.00670447846073,232.3067667845128,227.98807845959973,232.1708984375,21333300.0,0.0,0.0,0.3
MSFT,2023-01-17 00:00:00-05:00,230.94806647820474,233.80131636600996,230.09402846864725,233.25784301757812,29831300.0,0.0,0.0,0.47
MSFT,2023-01-18 00:00:00-05:00,234.44186787994613,235.22796439382358,228.57038560512123,228.85182189941406,30028700.0,0.0,0.0,-1.89
MSFT,2023-01-19 00:00:00-05:00,226.88172064205048,228.57038281279662,223.87318816519613,225.0863037109375,28623000.0,0.0,0.0,-1.65
MSFT,2023-01-20 00:00:00-05:00,227.92984354153225,233.63634353931783,227.59016528126836,233.13168334960938,35389800.0,0.0,0.0,3.57
MSFT,2023-01-23 00:00:00-05:00,233.98568794215404,237.93558370839386,232.5784623295547,235.42201232910156,31934000.0,0.0,0.0,0.98
MSFT,2023-01-24 00:00:00-05:00,235.34438219144687,236.7515930613996,233.34517042755766,234.89794921875,40234400.0,0.0,0.0,-0.22
MSFT,2023-01-25 00:00:00-05:00,227.56105444486033,236.12080454500452,224.0866898660757,233.5101776123047,66526600.0,0.0,0.0,-0.59
MSFT,2023-01-26 00:00:00-05:00,236.46043582898827,240.98293336442927,234.85912950577273,240.6820831298828,33454500.0,0.0,0.0,3.07
MSFT,2023-01-27 00:00:00-05:00,241.6429281386719,242.45813826853885,239.54666082597973,240.83741760253906,26498900.0,0.0,0.0,0.06
MSFT,2023-01-30 00:00:00-05:00,237.2950768809861,238.35292478678218,235.05324194345323,235.54820251464844,25867400.0,0.0,0.0,-2.2
MSFT,2023-01-31 00:00:00-05:00,236.26640883866017,240.63362532295534,235.78116256262737,240.4977569580078,26541100.0,0.0,0.0,2.1
MSFT,2023-02-01 00:00:00-05:00,240.6821076556318,247.65023576111176,238.2267631452796,245.2919464111328,31259900.0,0.0,0.0,1.99
MSFT,2023-02-02 00:00:00-05:00,251.182852423541,256.8796381260482,249.65917223320272,256.79229736328125,39940400.0,0.0,0.0,4.69
MSFT,2023-02-03 00:00:00-05:00,251.88158807324123,256.40408589321055,249.51358441442338,250.72669982910156,29077300.0,0.0,0.0,-2.36
MSFT,2023-02-06 00:00:00-05:00,249.84354121530777,250.67815038089995,247.26202813154237,249.19329833984375,22518000.0,0.0,0.0,-0.61
MSFT,2023-02-07 00:00:00-05:00,252.8423276033304,260.83917372488975,252.40559427354566,259.6648864746094,50841400.0,0.0,0.0,4.2
MSFT,2023-02-08 00:00:00-05:00,265.13852274513965,268.59347315321855,258.35476105655573,258.85943603515625,54686000.0,0.0,0.0,-0.31
MSFT,2023-02-09 00:00:00-05:00,265.7208390034506,265.8955501652922,255.0454213286766,255.8412322998047,42375100.0,0.0,0.0,-1.17
MSFT,2023-02-10 00:00:00-05:00,253.812867726257,256.29732581806934,252.96854410513563,255.3365478515625,25818500.0,0.0,0.0,-0.2
MSFT,2023-02-13 00:00:00-05:00,259.74256046553177,266.4971782446964,259.26699912258107,263.31396484375,44630900.0,0.0,0.0,3.12
MSFT,2023-02-14 00:00:00-05:00,264.62413161713886,266.85625191813295,261.33414871350027,264.1388854980469,37047900.0,0.0,0.0,0.31
MSFT,2023-02-15 00:00:00-05:00,261.05478666212923,263.39953537520864,258.9727165508735,262.0277099609375,28922400.0,0.68,0.0,-0.8
MSFT,2023-02-16 00:00:00-05:00,256.8711498021807,259.5175018592182,254.80855755164183,255.05178833007812,29603600.0,0.0,0.0,-2.66
MSFT,2023-02-17 00:00:00-05:00,252.36657534668234,253.04760380497552,249.068351286821,251.07257080078125,30000100.0,0.0,0.0,-1.56
MSFT,2023-02-21 00:00:00-05:00,247.58946437392655,248.57212619836037,244.77771723097973,245.82847595214844,28397400.0,0.0,0.0,-2.09
MSFT,2023-02-22 00:00:00-05:00,247.21003358389876,247.45326436545926,243.56157186049097,244.69989013671875,22491100.0,0.0,0.0,-0.46
MSFT,2023-02-23 00:00:00-05:00,248.64023054148305,249.88557094928385,243.69777930306105,247.8716278076172,29219100.0,0.0,0.0,1.3
MSFT,2023-02-24 00:00:00-05:00,243.19186174048357,244.20369522047608,241.38222420199676,242.47189331054688,24990900.0,0.0,0.0,-2.18
MSFT,2023-02-27 00:00:00-05:00,245.62417017099744,245.97442307770388,242.63728915469153,243.38644409179688,21190000.0,0.0,0.0,0.38
MSFT,2023-02-28 00:00:00-05:00,242.3259744546454,244.68044668021838,241.99516930320846,242.66648864746094,22491000.0,0.0,0.0,-0.3
MSFT,2023-03-01 00:00:00-05:00,243.97022241717565,244.13561758385552,239.13479280403806,239.601806640625,27565300.0,0.0,0.0,-1.26
MSFT,2023-03-02 00:00:00-05:00,239.87418786109544,244.5928558822364,238.95963779243274,244.3107147216797,24808200.0,0.0,0.0,1.97
MSFT,2023-03-03 00:00:00-05:00,245.3614953141732,248.69861464364337,244.58315381318207,248.37754821777344,30760100.0,0.0,0.0,1.66
MSFT,2023-03-06 00:00:00-05:00,249.48669107630843,253.07678008876618,249.0488786018787,249.91477966308594,24109800.0,0.0,0.0,0.62
MSFT,2023-03-07 00:00:00-05:00,249.36019623261095,250.71257368875254,246.5290010946981,247.26841735839844,21473200.0,0.0,0.0,-1.06
MSFT,2023-03-08 00:00:00-05:00,247.16137194826737,247.6478334867659,244.01883456634258,246.83058166503906,17340200.0,0.0,0.0,-0.18
MSFT,2023-03-09 00:00:00-05:00,248.8932225660645,252.53194586818475,244.76802281359187,245.4879913330078,26653400.0,0.0,0.0,-0.54
MSFT,2023-03-10 00:00:00-05:00,244.2815470078051,245.9452372856859,240.89577859254197,241.8589630126953,28333900.0,0.0,0.0,-1.48
MSFT,2023-03-13 00:00:00-04:00,240.701198918384,250.9266314715002,239.07641892091627,247.04466247558594,33339700.0,0.0,0.0,2.14
MSFT,2023-03-14 00:00:00-04:00,249.79801983882402,254.00105499083594,248.93211882541823,253.7286376953125,33620300.0,0.0,0.0,2.71
MSFT,2023-03-15 00:00:00-04:00,252.9405940179142,259.26459506275955,252.19142412250247,258.25274658203125,46028000.0,0.0,0.0,1.78
MSFT,2023-03-16 00:00:00-04:00,258.0289000532813,269.0715820217102,256.1511657925528,268.7213439941406,54768800.0,0.0,0.0,4.05
MSFT,2023-03-17 00:00:00-04:00,270.7256186044692,275.65831665347815,268.8381452248547,271.8639221191406,69527400.0,0.0,0.0,1.17
MSFT,2023-03-20 00:00:00-04:00,269.4802097016117,269.96667117719255,262.5432643092286,264.85882568359375,43466600.0,0.0,0.0,-2.58
MSFT,2023-03-21 00:00:00-04:00,267.43716494158167,267.5539109885018,262.2222805461307,266.366943359375,34558700.0,0.0,0.0,0.57
MSFT,2023-03-22 00:00:00-04:00,265.9971973475459,273.43034485869043,264.81022985408475,264.9172668457031,34873300.0,0.0,0.0,-0.54
MSFT,2023-03-23 00:00:00-04:00,270.41426299778846,273.44977847868375,267.7484630649204,270.141845703125,36610900.0,0.0,0.0,1.97
MSFT,2023-03-24 00:00:00-04:00,269.7332022897182,273.03142599171395,267.8262812456373,272.9730529785156,28172000.0,0.0,0.0,1.05
MSFT,2023-03-27 00:00:00-04:00,272.90495366822654,273.83895161321755,268.05978551317787,268.8965148925781,26840200.0,0.0,0.0,-1.49
MSFT,2023-03-28 00:00:00-04:00,268.32245293412296,268.66298193563654,264.68370058234905,267.7776184082031,21878600.0,0.0,0.0,-0.42
MSFT,2023-03-29 00:00:00-04:00,271.4066242065595,273.527619165426,270.8715283691032,272.9146728515625,25087000.0,0.0,0.0,1.92
MSFT,2023-03-30 00:00:00-04:00,276.53394388967973,276.7576972006701,273.8584053599599,276.3587951660156,25053400.0,0.0,0.0,1.26
MSFT,2023-03-31 00:00:00-04:00,276.04753751584985,281.4375111990139,275.33729282077917,280.4937744140625,32766000.0,0.0,0.0,1.5
MSFT,2023-04-03 00:00:00-04:00,278.761931454292,280.46454697415277,276.26154151333856,279.4527282714844,24883300.0,0.0,0.0,-0.37
MSFT,2023-04-04 00:00:00-04:00,279.45268618193273,282.5854994542806,277.9349286652677,279.4040222167969,25824300.0,0.0,0.0,-0.02
MSFT,2023-04-05 00:00:00-04:00,278.1100534490355,279.37484150873803,275.25939610333745,276.64093017578125,22064800.0,0.0,0.0,-0.99
MSFT,2023-04-06 00:00:00-04:00,275.5415966022882,284.171421432575,274.39355424617895,283.7044372558594,29770300.0,0.0,0.0,2.55
MSFT,2023-04-10 00:00:00-04:00,281.3791115118309,281.75856581319096,277.00095709388467,281.55426025390625,23103000.0,0.0,0.0,-0.76
MSFT,2023-04-11 00:00:00-04:00,278.0127931758795,278.2365761916983,274.0140932371224,275.1718444824219,27276600.0,0.0,0.0,-2.27
MSFT,2023-04-12 00:00:00-04:00,277.07878271017614,279.2386732168352,274.32539366289427,275.81396484375,27403400.0,0.0,0.0,0.23
MSFT,2023-04-13 00:00:00-04:00,275.91129524198396,282.05043844818863,275.5026841124763,281.9920654296875,24222700.0,0.0,0.0,2.24
MSFT,2023-04-14 00:00:00-04:00,279.22894208294247,280.66887902365164,276.00856885442937,278.3922424316406,20987900.0,0.0,0.0,-1.28
MSFT,2023-04-17 00:00:00-04:00,282.0796326398558,283.70442754241606,278.4117226515916,280.980224609375,23836200.0,0.0,0.0,0.93
MSFT,2023-04-18 00:00:00-04:00,283.6751635426458,283.86002128619106,279.2386370800672,280.5617980957031,20161800.0,0.0,0.0,-0.15
MSFT,2023-04-19 00:00:00-04:00,278.2462970182061,281.2234396408052,276.8355761901663,280.63970947265625,17150300.0,0.0,0.0,0.03
MSFT,2023-04-20 00:00:00-04:00,277.52633742538336,281.20398586251105,277.3609274204324,278.363037109375,23244400.0,0.0,0.0,-0.81
MSFT,2023-04-21 00:00:00-04:00,277.2928296281938,278.51869257683563,275.3956176560884,278.02252197265625,21676400.0,0.0,0.0,-0.12
MSFT,2023-04-24 00:00:00-04:00,274.4519370721957,277.2345132199959,271.173190218911,274.1405944824219,26611000.0,0.0,0.0,-1.4
MSFT,2023-04-25 00:00:00-04:00,271.9417767926592,273.9751827450711,267.9138604386518,267.9625244140625,45772200.0,0.0,0.0,-2.25
MSFT,2023-04-26 00:00:00-04:00,288.6663495624961,291.4586346304273,284.80384294642164,287.3723449707031,64599200.0,0.0,0.0,7.24
MSFT,2023-04-27 00:00:00-04:00,287.9560567732343,296.936147852177,287.2555509397699,296.5761413574219,46462600.0,0.0,0.0,3.2
MSFT,2023-04-28 00:00:00-04:00,295.7783383038111,300.5651029592613,295.097280309873,298.9403381347656,36469600.0,0.0,0.0,0.8
MSFT,2023-05-01 00:00:00-04:00,298.6582633895383,300.24413310215317,296.8875358766026,297.28643798828125,21294100.0,0.0,0.0,-0.55
MSFT,2023-05-02 00:00:00-04:00,299.42687857918656,300.8084130116415,295.6811180076152,297.1405029296875,26404400.0,0.0,0.0,-0.05
MSFT,2023-05-03 00:00:00-04:00,298.31772775720617,300.2538355598004,295.856233076209,296.1578369140625,22360800.0,0.0,0.0,-0.33
MSFT,2023-05-04 00:00:00-04:00,297.9480161890788,299.42687857918656,295.1849176329067,297.1405029296875,22519900.0,0.0,0.0,0.33
MSFT,2023-05-05 00:00:00-04:00,297.44211220444237,303.52288282414327,296.03136154416666,302.2386169433594,28197100.0,0.0,0.0,1.72
MSFT,2023-05-08 00:00:00-04:00,301.7326615616671,301.8007733081372,297.8020437181864,300.292724609375,21318600.0,0.0,0.0,-0.64
MSFT,2023-05-09 00:00:00-04:00,299.66030098483304,301.6450723308815,298.0160586463366,298.6873779296875,21340800.0,0.0,0.0,-0.53
MSFT,2023-05-10 00:00:00-04:00,300.2635789224399,304.5249876536261,299.3393196181208,303.8536682128906,30078000.0,0.0,0.0,1.73
MSFT,2023-05-11 00:00:00-04:00,301.7034867589505,302.695857722587,297.9674652772338,301.71319580078125,31680200.0,0.0,0.0,-0.7
MSFT,2023-05-12 00:00:00-04:00,302.14127044452766,302.2385686971637,298.29824184109515,300.60406494140625,19774700.0,0.0,0.0,-0.37
MSFT,2023-05-15 00:00:00-04:00,300.7305114762556,301.5088380158988,299.2613882145806,301.08074951171875,16336500.0,0.0,0.0,0.16
MSFT,2023-05-16 00:00:00-04:00,301.4407550392499,305.2157014683238,301.4407550392499,303.2990417480469,26730300.0,0.0,0.0,0.74
MSFT,2023-05-17 00:00:00-04:00,304.49844392680916,306.58503594078644,302.9870982202375,306.165771484375,24315000.0,0.68,0.0,0.95
MSFT,2023-05-18 00:00:00-04:00,306.6824666262682,311.07995152372933,305.8926785291236,310.5729064941406,27276000.0,0.0,0.0,1.44
MSFT,2023-05-19 00:00:00-04:00,308.8372836549044,310.7971433987786,308.476519967082,310.3973693847656,27546700.0,0.0,0.0,-0.06
MSFT,2023-05-22 00:00:00-04:00,310.65094892902596,314.5413890695808,310.0756729757329,313.16656494140625,24115700.0,0.0,0.0,0.89
MSFT,2023-05-23 00:00:00-04:00,312.0452341385488,314.66812088311536,307.38449657033,307.3942565917969,30797200.0,0.0,0.0,-1.84
MSFT,2023-05-24 00:00:00-04:00,306.8774884337067,308.6033161721185,304.8103574976606,306.0194396972656,23384900.0,0.0,0.0,-0.45
MSFT,2023-05-25 00:00:00-04:00,315.1752035575117,318.74389070661766,312.01605056749,317.7883605957031,43301700.0,0.0,0.0,3.85
MSFT,2023-05-26 00:00:00-04:00,315.93575245913513,325.08172801991043,315.7992609054812,324.58447265625,36630600.0,0.0,0.0,2.14
MSFT,2023-05-30 00:00:00-04:00,326.866039835357,327.3632951279749,322.2735326633113,322.9463195800781,29503100.0,0.0,0.0,-0.5
MSFT,2023-05-31 00:00:00-04:00,323.9993748636306,327.5583014347169,319.16310540886235,320.1966857910156,45950600.0,0.0,0.0,-0.85
MSFT,2023-06-01 00:00:00-04:00,317.79799826429337,325.2083832572948,316.6181962485788,324.2820739746094,26773900.0,0.0,0.0,1.28
MSFT,2023-06-02 00:00:00-04:00,325.9104672337744,329.0793797798021,324.25287030723234,327.0317687988281,25873800.0,0.0,0.0,0.85
MSFT,2023-06-05 00:00:00-04:00,326.8562514071327,330.1129147289543,326.31022580563945,327.55828857421875,21307100.0,0.0,0.0,0.16
MSFT,2023-06-06 00:00:00-04:00,326.96353250247705,327.0025428376745,323.88240041372416,325.3547058105469,20396200.0,0.0,0.0,-0.67
MSFT,2023-06-07 00:00:00-04:00,323.37526627503576,326.144404188158,314.45356638917923,315.3116149902344,40717100.0,0.0,0.0,-3.09
MSFT,2023-06-08 00:00:00-04:00,315.8576718437754,318.49031851672504,315.2823959646681,317.1447448730469,23277700.0,0.0,0.0,0.58
MSFT,2023-06-09 00:00:00-04:00,316.8814888323344,321.75673881470783,316.3159729270914,318.6365966796875,22529000.0,0.0,0.0,0.47
MSFT,2023-06-12 00:00:00-04:00,320.3819105271756,323.81410551348466,317.0472562466259,323.5703430175781,24260300.0,0.0,0.0,1.55
MSFT,2023-06-13 00:00:00-04:00,326.1249647437929,328.572349691123,322.14677395783576,325.949462890625,22951300.0,0.0,0.0,0.74
MSFT,2023-06-14 00:00:00-04:00,325.9982505458626,330.58099797009817,324.50642506625707,328.92340087890625,26003800.0,0.0,0.0,0.91
MSFT,2023-06-15 00:00:00-04:00,329.0598905688736,341.1114945004108,328.78687775426107,339.4149169921875,38899100.0,0.0,0.0,3.19
MSFT,2023-06-16 00:00:00-04:00,342.5545684921727,342.70082003895476,333.41835487715986,333.7888488769531,46552000.0,0.0,0.0,-1.66
MSFT,2023-06-20 00:00:00-04:00,330.84420359010136,333.54508130008793,327.48026928452794,329.6156311035156,26375400.0,0.0,0.0,-1.25
MSFT,2023-06-21 00:00:00-04:00,327.97752820350655,329.3036115330344,323.78482556024073,325.2376403808594,25117800.0,0.0,0.0,-1.33
MSFT,2023-06-22 00:00:00-04:00,325.78375659192324,331.6340575859297,325.02321865294914,331.2342834472656,23556800.0,0.0,0.0,1.84
MSFT,2023-06-23 00:00:00-04:00,326.01771828331994,329.5279043913859,325.13044892910204,326.6612548828125,23146900.0,0.0,0.0,-1.38
MSFT,2023-06-26 00:00:00-04:00,325.3937413274087,327.72409574191425,320.2942182667598,320.4014892578125,21520600.0,0.0,0.0,-1.92
MSFT,2023-06-27 00:00:00-04:00,323.58003605093296,327.76300833110724,321.0839107605563,326.2224426269531,24354100.0,0.0,0.0,1.82
MSFT,2023-06-28 00:00:00-04:00,326.3102386492254,329.5474118113246,325.48144019271336,327.4705505371094,20259500.0,0.0,0.0,0.38
MSFT,2023-06-29 00:00:00-04:00,326.35897729326905,327.72404134255896,324.3211263632283,326.69049072265625,16997000.0,0.0,0.0,-0.24
MSFT,2023-06-30 00:00:00-04:00,329.32312037613315,334.17887983586667,328.78685480648323,332.04351806640625,26832800.0,0.0,0.0,1.64
MSFT,2023-07-03 00:00:00-04:00,330.7272007694062,332.3945278816647,328.17257461621756,329.55712890625,12508700.0,0.0,0.0,-0.75
MSFT,2023-07-05 00:00:00-04:00,326.7295145394102,333.12584042536054,326.3785108077479,329.7131652832031,18172400.0,0.0,0.0,0.05
MSFT,2023-07-06 00:00:00-04:00,328.88436028376566,334.43239728548525,327.1292821478824,332.75531005859375,28161200.0,0.0,0.0,0.92
MSFT,2023-07-07 00:00:00-04:00,330.8539769415479,333.26235165945616,328.5918537740865,328.8063659667969,21214800.0,0.0,0.0,-1.19
MSFT,2023-07-10 00:00:00-04:00,326.25178071727987,326.8660670625544,319.4166697574399,323.5508728027344,32791400.0,0.0,0.0,-1.6
MSFT,2023-07-11 00:00:00-04:00,322.80007207810127,324.55515029230673,318.84137119543414,324.1748962402344,26698200.0,0.0,0.0,0.19
MSFT,2023-07-12 00:00:00-04:00,328.2017988317313,333.12578887236407,327.29500957576835,328.7868347167969,29995300.0,0.0,0.0,1.42
MSFT,2023-07-13 00:00:00-04:00,331.0879653631058,335.16366709536976,330.5614300476907,334.1106262207031,20567200.0,0.0,0.0,1.62
MSFT,2023-07-14 00:00:00-04:00,338.91759393807007,342.66178201390807,335.71943143019837,336.626220703125,28352700.0,0.0,0.0,0.75
MSFT,2023-07-17 00:00:00-04:00,337.05526407197954,338.33257714303016,333.6621092446477,337.1040344238281,20363900.0,0.0,0.0,0.14
MSFT,2023-07-18 00:00:00-04:00,337.20153461943244,357.62884439822335,333.63287773911316,350.5207214355469,64738600.0,0.0,0.0,3.98
MSFT,2023-07-19 00:00:00-04:00,352.72436118966306,353.4166384044317,343.6466474604791,346.22076416015625,39732900.0,0.0,0.0,-1.23
MSFT,2023-07-20 00:00:00-04:00,344.74842283159865,349.03863672095343,336.7530012262202,338.215576171875,33778400.0,0.0,0.0,-2.31
MSFT,2023-07-21 00:00:00-04:00,340.4387369530099,341.56003861838775,331.35126286647005,335.1929626464844,69405400.0,0.0,0.0,-0.89
MSFT,2023-07-24 00:00:00-04:00,337.2210689969038,338.2643797019485,333.7693834548789,336.49951171875,26678100.0,0.0,0.0,0.39
MSFT,2023-07-25 00:00:00-04:00,338.4495845575855,343.11035203179654,336.46050402116185,342.2230529785156,41637700.0,0.0,0.0,1.7
MSFT,2023-07-26 00:00:00-04:00,332.92109821610006,336.0705206538034,324.79891447113727,329.3426513671875,58383700.0,0.0,0.0,-3.76
MSFT,2023-07-27 00:00:00-04:00,331.9850338749244,332.8138025679025,320.8401897883476,322.4685363769531,39635300.0,0.0,0.0,-2.09
MSFT,2023-07-28 00:00:00-04:00,325.34498615387326,331.5268003348271,324.8574610945914,329.9277038574219,28484900.0,0.0,0.0,2.31
MSFT,2023-07-31 00:00:00-04:00,328.5138989953868,329.27443689751834,325.0426931980882,327.5388488769531,25446000.0,0.0,0.0,-0.72
MSFT,2023-08-01 00:00:00-04:00,326.82706253525544,330.0934864927497,325.374247332057,327.9483642578125,18311900.0,0.0,0.0,0.13
MSFT,2023-08-02 00:00:00-04:00,325.3058561762553,325.3058561762553,318.2172253774095,319.32879638671875,27761300.0,0.0,0.0,-2.63
MSFT,2023-08-03 00:00:00-04:00,317.86629010944046,321.64948875271074,317.8175495134228,318.50982666015625,18253700.0,0.0,0.0,-0.26
MSFT,2023-08-04 00:00:00-04:00,323.5996092744747,326.7782818997198,319.0753628445266,319.6018981933594,23741500.0,0.0,0.0,0.34
MSFT,2023-08-07 00:00:00-04:00,320.17711054796575,322.84873758215554,319.3483122344212,321.8736877441406,17741500.0,0.0,0.0,0.71
MSFT,2023-08-08 00:00:00-04:00,318.80233812895545,320.54768595225426,314.9411484793251,317.9150390625,22327600.0,0.0,0.0,-1.23
MSFT,2023-08-09 00:00:00-04:00,318.324602002666,318.9486185830014,313.0398174565163,314.1903991699219,22373300.0,0.0,0.0,-1.17
MSFT,2023-08-10 00:00:00-04:00,317.88576445394,320.0698965106326,313.1665264082013,314.87286376953125,20113700.0,0.0,0.0,0.22
MSFT,2023-08-11 00:00:00-04:00,312.26953644201075,314.3658880842269,311.2457160426732,313.0008239746094,24355500.0,0.0,0.0,-0.59
MSFT,2023-08-14 00:00:00-04:00,313.37132372944086,315.974690482468,312.09398089474894,315.9552001953125,18836100.0,0.0,0.0,0.94
MSFT,2023-08-15 00:00:00-04:00,314.9411305404492,316.97898134379494,312.8935197157339,313.8295593261719,16966300.0,0.0,0.0,-0.67
MSFT,2023-08-16 00:00:00-04:00,313.45825308321696,316.99543186990195,312.48113879078903,313.0674133300781,20698900.0,0.68,0.0,-0.24
MSFT,2023-08-17 00:00:00-04:00,313.2042327148122,314.50378164094593,308.9733110073384,309.62799072265625,21257200.0,0.0,0.0,-1.1
MSFT,2023-08-18 00:00:00-04:00,307.29273496852556,311.0937247535903,304.4200159024574,309.2372131347656,24755000.0,0.0,0.0,-0.13
MSFT,2023-08-21 00:00:00-04:00,310.65396660689254,315.3831966115051,309.78435031765304,314.5135803222656,24040000.0,0.0,0.0,1.71
MSFT,2023-08-22 00:00:00-04:00,318.050696980202,318.6174101401044,314.1031469540319,315.08026123046875,16084600.0,0.0,0.0,0.18
MSFT,2023-08-23 00:00:00-04:00,316.40917150691627,321.66605140677217,316.0573948399172,319.5163879394531,21166400.0,0.0,0.0,1.41
MSFT,2023-08-24 00:00:00-04:00,325.2325153533981,325.35954498918005,312.63749714645934,312.64727783203125,23281400.0,0.0,0.0,-2.15
MSFT,2023-08-25 00:00:00-04:00,314.11295718549064,317.91391657239774,311.5040487015702,315.5884094238281,21684100.0,0.0,0.0,0.94
MSFT,2023-08-28 00:00:00-04:00,318.207066953983,318.68584344960186,314.3572339791844,316.29193115234375,14808500.0,0.0,0.0,0.22
MSFT,2023-08-29 00:00:00-04:00,314.5135489536253,321.4510662996378,314.5135489536253,320.89410400390625,19284600.0,0.0,0.0,1.46
MSFT,2023-08-30 00:00:00-04:00,321.14822344769897,322.262118428765,318.97902814860515,321.2654724121094,15222100.0,0.0,0.0,0.12
MSFT,2023-08-31 00:00:00-04:00,321.6660497077852,323.33690686450706,319.30141990622377,320.2590026855469,26411000.0,0.0,0.0,-0.31
MSFT,2023-09-01 00:00:00-04:00,323.7277442108601,324.3921747944003,319.30141751711045,321.1383972167969,14942000.0,0.0,0.0,0.27
MSFT,2023-09-05 00:00:00-04:00,321.47061510740485,327.1867399112931,321.13839981294905,325.9164733886719,18553900.0,0.0,0.0,1.49
MSFT,2023-09-06 00:00:00-04:00,325.75036744875047,326.80563776371406,322.62358978658284,325.2618103027344,17535800.0,0.0,0.0,-0.2
MSFT,2023-09-07 00:00:00-04:00,323.70825547986243,325.4572688809115,321.4999672739755,322.3598327636719,18381000.0,0.0,0.0,-0.89
MSFT,2023-09-08 00:00:00-04:00,322.5356945258159,328.4667861972207,321.92010767166425,326.6200256347656,19530100.0,0.0,0.0,1.32
MSFT,2023-09-11 00:00:00-04:00,329.5220626550476,330.67508035139593,327.7534879124914,330.2060546875,16583300.0,0.0,0.0,1.1
MSFT,2023-09-12 00:00:00-04:00,328.13454656577954,329.08234867340195,323.89387388585794,324.1772155761719,17565500.0,0.0,0.0,-1.83
MSFT,2023-09-13 00:00:00-04:00,323.7277859536388,329.141008354495,323.59100543664357,328.36907958984375,16544400.0,0.0,0.0,1.29
MSFT,2023-09-14 00:00:00-04:00,331.38835303568044,333.0592103619418,328.8674109262189,330.94866943359375,20267000.0,0.0,0.0,0.79
MSFT,2023-09-15 00:00:00-04:00,329.2093670251741,329.6783628105359,322.10572689470496,322.6626892089844,37679800.0,0.0,0.0,-2.5
MSFT,2023-09-18 00:00:00-04:00,320.29809265490445,322.8385960925468,318.89104551464607,321.5292663574219,16834200.0,0.0,0.0,-0.35
MSFT,2023-09-19 00:00:00-04:00,318.7054373268487,321.85174708859677,317.0834237409372,321.128662109375,16505900.0,0.0,0.0,-0.12
MSFT,2023-09-20 00:00:00-04:00,321.96892330963425,322.04707932853614,313.1748951347457,313.4289245605469,21436500.0,0.0,0.0,-2.4
MSFT,2023-09-21 00:00:00-04:00,311.9535360525413,317.9041588491349,307.79101939102566,312.21734619140625,35560400.0,0.0,0.0,-0.39
MSFT,2023-09-22 00:00:00-04:00,313.96645780671054,314.09348747067116,308.91476240736046,309.7550964355469,21447900.0,0.0,0.0,-0.79
MSFT,2023-09-25 00:00:00-04:00,309.3447089347615,310.400009405929,307.7911002925378,310.2729797363281,17836000.0,0.0,0.0,0.17
MSFT,2023-09-26 00:00:00-04:00,307.918083681108,308.650919524038,302.92501329864484,304.99652099609375,26297600.0,0.0,0.0,-1.7
MSFT,2023-09-27 00:00:00-04:00,305.15284644995364,307.10707545013054,302.60259191792346,305.63165283203125,19410100.0,0.0,0.0,0.21
MSFT,2023-09-28 00:00:00-04:00,303.8728115871533,308.2600757204857,302.3680768122536,306.4621887207031,19683600.0,0.0,0.0,0.27
MSFT,2023-09-29 00:00:00-04:00,310.4780935014134,312.1587314237549,307.77149741019485,308.52386474609375,24147300.0,0.0,0.0,0.67
MSFT,2023-10-02 00:00:00-04:00,309.04173366618016,314.523360821819,307.96690188868587,314.4353942871094,20570000.0,0.0,0.0,1.92
MSFT,2023-10-03 00:00:00-04:00,313.48759919542874,314.03481069195016,304.0877634575696,306.2178955078125,21033500.0,0.0,0.0,-2.61
MSFT,2023-10-04 00:00:00-04:00,306.84320351373003,312.7156700194833,306.81389127739357,311.6603698730469,20720100.0,0.0,0.0,1.78
MSFT,2023-10-05 00:00:00-04:00,311.78742886180316,312.65707498694155,307.6933171593875,312.0512390136719,16965600.0,0.0,0.0,0.13
MSFT,2023-10-06 00:00:00-04:00,309.3055602997531,321.65630098463043,309.06128169271835,319.7704772949219,25673600.0,0.0,0.0,2.47
MSFT,2023-10-09 00:00:00-04:00,317.3179339483483,322.7409074969346,315.7838570263933,322.27191162109375,19891200.0,0.0,0.0,0.78
MSFT,2023-10-10 00:00:00-04:00,323.3857337911902,323.5225441036011,320.1710492794707,320.87457275390625,20557100.0,0.0,0.0,-0.43
MSFT,2023-10-11 00:00:00-04:00,323.63010886357574,325.20327882959333,321.60750436322496,324.81243896484375,20063200.0,0.0,0.0,1.23
MSFT,2023-10-12 00:00:00-04:00,323.0047438226922,325.99471177384464,321.1970760539996,323.58123779296875,19313100.0,0.0,0.0,-0.38
MSFT,2023-10-13 00:00:00-04:00,324.7733436051939,326.1901418317179,318.89109484470674,320.2297668457031,21072400.0,0.0,0.0,-1.04
MSFT,2023-10-16 00:00:00-04:00,323.47367526332005,328.4472132631376,323.03399172229655,325.0273132324219,22158000.0,0.0,0.0,1.5
MSFT,2023-10-17 00:00:00-04:00,322.0471583622745,325.828586634413,319.9170559493173,324.46063232421875,18338500.0,0.0,0.0,-0.17
MSFT,2023-10-18 00:00:00-04:00,324.88074324116036,327.909803713785,320.78663169696983,322.5552062988281,23153600.0,0.0,0.0,-0.59
MSFT,2023-10-19 00:00:00-04:00,324.54851006231695,329.1702714544596,323.336897867666,323.7375183105469,25052100.0,0.0,0.0,0.37
MSFT,2023-10-20 00:00:00-04:00,324.1283854502297,324.32382025517603,318.0018889823848,319.1939697265625,25027700.0,0.0,0.0,-1.4
MSFT,2023-10-23 00:00:00-04:00,318.0214589074995,325.11531975085603,316.9661883632888,321.7833557128906,24374700.0,0.0,0.0,0.81
MSFT,2023-10-24 00:00:00-04:00,323.71803518553446,324.2456853865201,320.10272927891094,322.9656677246094,31153600.0,0.0,0.0,0.37
MSFT,2023-10-25 00:00:00-04:00,337.1240202368528,338.2770379621599,329.89337919706037,332.87359619140625,55053800.0,0.0,0.0,3.07
MSFT,2023-10-26 00:00:00-04:00,332.7465065726092,333.81155756370936,319.45774634837835,320.3860168457031,37828500.0,0.0,0.0,-3.75
MSFT,2023-10-27 00:00:00-04:00,322.867891093588,329.0139487725961,320.8843501338627,322.2620849609375,29856500.0,0.0,0.0,0.59
MSFT,2023-10-30 00:00:00-04:00,325.7797742554051,331.6815546418734,324.235916527097,329.59051513671875,22828100.0,0.0,0.0,2.27
MSFT,2023-10-31 00:00:00-04:00,331.0952162716641,331.241777466002,327.0304168400943,330.37213134765625,20265300.0,0.0,0.0,0.24
MSFT,2023-11-01 00:00:00-04:00,332.0136566147739,339.46904305176577,331.8768463077068,338.1499328613281,28158800.0,0.0,0.0,2.35
MSFT,2023-11-02 00:00:00-04:00,339.29324086548826,340.84684939451466,336.87976677643417,340.3485412597656,24348100.0,0.0,0.0,0.65
MSFT,2023-11-03 00:00:00-04:00,341.62845567867816,346.27952899199676,339.38107504059997,344.72589111328125,23637700.0,0.0,0.0,1.29
MSFT,2023-11-06 00:00:00-05:00,345.36110615399525,349.3575005821622,345.2633887474612,348.37060546875,23828300.0,0.0,0.0,1.06
MSFT,2023-11-07 00:00:00-05:00,351.17493911544506,354.16490704694723,349.44545721598166,352.2790832519531,25833900.0,0.0,0.0,1.12
MSFT,2023-11-08 00:00:00-05:00,353.4027977448311,355.54268108240564,352.29865348709427,354.8880310058594,26767800.0,0.0,0.0,0.74
MSFT,2023-11-09 00:00:00-05:00,354.0085034994957,356.44153841470893,352.1128993476677,352.43536376953125,24847300.0,0.0,0.0,-0.69
MSFT,2023-11-10 00:00:00-05:00,353.21708130319655,361.6300519453443,352.8067099465058,361.20989990234375,28042100.0,0.0,0.0,2.49
MSFT,2023-11-13 00:00:00-05:00,359.79306407971893,360.03734267871334,357.52615152445077,358.2882995605469,19986500.0,0.0,0.0,-0.81
MSFT,2023-11-14 00:00:00-05:00,362.5192275200011,363.4377174527681,358.9429851939613,361.796142578125,27683900.0,0.0,0.0,0.98
MSFT,2023-11-15 00:00:00-05:00,363.51938712911283,365.3307238214912,359.4365366374243,361.94305419921875,26860100.0,0.75,0.0,0.04
MSFT,2023-11-16 00:00:00-05:00,363.20609957538716,368.48345088606146,362.4424045116938,368.3072204589844,27182300.0,0.0,0.0,1.76
MSFT,2023-11-17 00:00:00-05:00,365.8006186204478,366.5447423144695,359.3287982048387,362.1192321777344,40157000.0,0.0,0.0,-1.68
MSFT,2023-11-20 00:00:00-05:00,363.4605799020616,370.950669899153,363.2451772540551,369.5505676269531,52465100.0,0.0,0.0,2.05
MSFT,2023-11-21 00:00:00-05:00,367.8176325584251,368.3561243217149,363.3627202596963,365.27197265625,28423100.0,0.0,0.0,-1.16
MSFT,2023-11-22 00:00:00-05:00,370.0988544984735,371.8514473874102,367.13219027268104,369.9519958496094,23345300.0,0.0,0.0,1.28
MSFT,2023-11-24 00:00:00-05:00,369.44288626548433,370.0695230751344,367.2986899991627,369.5408020019531,10176600.0,0.0,0.0,-0.11
MSFT,2023-11-27 00:00:00-05:00,368.90443134275364,372.68376401378913,368.33656782207504,370.6961669921875,22179200.0,0.0,0.0,0.31
MSFT,2023-11-28 00:00:00-05:00,370.44154248770207,374.994339854648,370.25551157363964,374.70062255859375,20453100.0,0.0,0.0,1.08
MSFT,2023-11-29 00:00:00-05:00,375.7385563254902,376.2672475889846,369.55065146948715,370.9311828613281,28963400.0,0.0,0.0,-1.01
MSFT,2023-11-30 00:00:00-05:00,370.578664516551,372.1452267516367,367.6218003340975,370.9898986816406,30554400.0,0.0,0.0,0.02
MSFT,2023-12-01 00:00:00-05:00,368.8848238631299,370.25555453657734,363.54872995472044,366.6818542480469,33040500.0,0.0,0.0,-1.16
MSFT,2023-12-04 00:00:00-05:00,361.3849305128498,361.79613477265366,355.3145134346435,361.4241027832031,32063300.0,0.0,0.0,-1.43
MSFT,2023-12-05 00:00:00-05:00,358.7903292029664,365.28172122334854,357.9776614584204,364.7334289550781,23065000.0,0.0,0.0,0.92
MSFT,2023-12-06 00:00:00-05:00,365.73209860202707,366.35870548187097,360.33726166675575,361.0911560058594,21182100.0,0.0,0.0,-1.0
MSFT,2023-12-07 00:00:00-05:00,360.5331422311326,363.68583789268007,358.66306211428184,363.1962890625,23118900.0,0.0,0.0,0.58
MSFT,2023-12-08 00:00:00-05:00,361.48291520154305,366.6329492470928,360.5331891522053,366.40777587890625,20154400.0,0.0,0.0,0.88
MSFT,2023-12-11 00:00:00-05:00,360.77790780370736,363.83268764840955,358.44765064841334,363.5389404296875,27708800.0,0.0,0.0,-0.78
MSFT,2023-12-12 00:00:00-05:00,363.0983520859286,366.59373770012405,362.7164896784692,366.5545654296875,24838300.0,0.0,0.0,0.83
MSFT,2023-12-13 00:00:00-05:00,368.16030502773964,369.74646839477913,363.02004212186165,366.5447998046875,30955500.0,0.0,0.0,0.0
MSFT,2023-12-14 00:00:00-05:00,365.50693426286074,365.9475401487158,356.5188251808004,358.28118896484375,43277500.0,0.0,0.0,-2.25
MSFT,2023-12-15 00:00:00-05:00,359.1819921925265,364.61597239957655,358.6238993402138,362.98089599609375,78502300.0,0.0,0.0,1.31
MSFT,2023-12-18 00:00:00-05:00,361.7276536100702,365.20343845853677,360.9737292655857,364.8607482910156,21802900.0,0.0,0.0,0.52
MSFT,2023-12-19 00:00:00-05:00,363.7249554315047,365.4579772949219,362.1094503782396,365.4579772949219,20603700.0,0.0,0.0,0.16
MSFT,2023-12-20 00:00:00-05:00,367.16165234300763,368.17012181958876,362.7850842518913,362.8731994628906,26316700.0,0.0,0.0,-0.71
MSFT,2023-12-21 00:00:00-05:00,364.7726511936181,366.58398798641923,362.3053356484184,365.732177734375,17708000.0,0.0,0.0,0.79
MSFT,2023-12-22 00:00:00-05:00,365.8691843460341,367.33783074743565,364.9194584779402,366.7503662109375,17107500.0,0.0,0.0,0.28
MSFT,2023-12-26 00:00:00-05:00,367.1616249726416,369.0610768362086,365.69297847275107,366.8287353515625,12673100.0,0.0,0.0,0.02
MSFT,2023-12-27 00:00:00-05:00,365.87894525127507,367.22030403850823,365.0173346750331,366.2510070800781,14905400.0,0.0,0.0,-0.16
MSFT,2023-12-28 00:00:00-05:00,367.5238756999293,368.5910885400905,366.33917592392487,367.4357604980469,14327000.0,0.0,0.0,0.32
MSFT,2023-12-29 00:00:00-05:00,368.14072884940924,369.2764857473798,365.6734134446601,368.1799011230469,18730800.0,0.0,0.0,0.2
MSFT,2024-01-02 00:00:00-05:00,366.0454121665628,368.0427796247224,359.1036138103624,363.117919921875,25258600.0,0.0,0.0,-1.37
MSFT,2024-01-03 00:00:00-05:00,361.29684544783345,365.4580105992302,360.8072966064926,362.8536071777344,23083500.0,0.0,0.0,-0.07
MSFT,2024-01-04 00:00:00-05:00,362.9220617620248,365.30126137357655,359.4952207170188,360.2491149902344,20901500.0,0.0,0.0,-0.72
MSFT,2024-01-05 00:00:00-05:00,361.25764113124956,364.2830491168241,358.8392688743441,360.0631408691406,21004600.0,0.0,0.0,-0.05
MSFT,2024-01-08 00:00:00-05:00,361.58071261682426,367.35741205524755,361.2967958412056,366.8580627441406,23134000.0,0.0,0.0,1.89
MSFT,2024-01-09 00:00:00-05:00,364.2341014424794,368.1308907001316,363.4312342532303,367.9350891113281,20830000.0,0.0,0.0,0.29
MSFT,2024-01-10 00:00:00-05:00,368.5028865703074,376.1398642784874,368.45394365179305,374.76910400390625,25514200.0,0.0,0.0,1.86
MSFT,2024-01-11 00:00:00-05:00,377.9316910243427,382.5138608324762,372.4291670394017,376.59033203125,27850800.0,0.0,0.0,0.49
MSFT,2024-01-12 00:00:00-05:00,377.43234537080764,380.55566927985785,376.6099069263744,380.3500671386719,21661200.0,0.0,0.0,1.0
MSFT,2024-01-16 00:00:00-05:00,385.43158211314164,385.7938434606626,379.51782397721394,382.1124267578125,27202300.0,0.0,0.0,0.46
MSFT,2024-01-17 00:00:00-05:00,379.87028626114164,381.9557389879291,376.7665338147622,381.3291320800781,22234100.0,0.0,0.0,-0.2
MSFT,2024-01-18 00:00:00-05:00,383.5321225973024,385.75466344784127,381.96556042243856,385.6371765136719,23392100.0,0.0,0.0,1.13
MSFT,2024-01-19 00:00:00-05:00,387.4877057228784,390.3368835449219,385.27493541414515,390.3368835449219,29331100.0,0.0,0.0,1.22
MSFT,2024-01-22 00:00:00-05:00,391.6585969965062,392.24606151114637,385.3630068278654,388.22198486328125,27016900.0,0.0,0.0,-0.54
MSFT,2024-01-23 00:00:00-05:00,387.47789064929606,391.03201985975426,385.6959257751216,390.5620422363281,20525900.0,0.0,0.0,0.6
MSFT,2024-01-24 00:00:00-05:00,393.1468390669837,397.1513444657461,392.07962632176026,394.1455078125,24867000.0,0.0,0.0,0.92
MSFT,2024-01-25 00:00:00-05:00,395.8687653294727,398.5025403738,394.1161721859946,396.4072570800781,21021200.0,0.0,0.0,0.57
MSFT,2024-01-26 00:00:00-05:00,395.9177133168471,397.680107020746,394.0182614789132,395.4869079589844,17803300.0,0.0,0.0,-0.23
MSFT,2024-01-29 00:00:00-05:00,397.5724131081032,401.4104892723421,395.8785633157736,401.1559143066406,24510200.0,0.0,0.0,1.43
MSFT,2024-01-30 00:00:00-05:00,403.64277019124665,404.41623575131524,397.9542157503529,400.0494689941406,33477600.0,0.0,0.0,-0.28
MSFT,2024-01-31 00:00:00-05:00,398.45356335794276,406.6388350866889,388.907361460185,389.2696228027344,47871100.0,0.0,0.0,-2.69
MSFT,2024-02-01 00:00:00-05:00,393.4308049580275,399.4718507500115,393.40143322301293,395.3400573730469,30657700.0,0.0,0.0,1.56
MSFT,2024-02-02 00:00:00-05:00,395.36939499914837,404.0246140998081,395.12462060191353,402.62451171875,28256700.0,0.0,0.0,1.84
MSFT,2024-02-05 00:00:00-05:00,401.33212452419457,402.5657971362689,395.5456537728456,397.17095947265625,25352300.0,0.0,0.0,-1.35
MSFT,2024-02-06 00:00:00-05:00,397.39614463854895,399.4424550677267,394.4882235276778,397.0142822265625,18382600.0,0.0,0.0,-0.04
MSFT,2024-02-07 00:00:00-05:00,398.92347427594905,405.6400685561608,398.88430201096446,405.3952941894531,22340500.0,0.0,0.0,2.11
MSFT,2024-02-08 00:00:00-05:00,405.39538860876115,406.87383568951475,403.9071708692484,405.4541320800781,21225300.0,0.0,0.0,0.01
MSFT,2024-02-09 00:00:00-05:00,406.57025541446654,412.02383590927224,406.4135962217608,411.75946044921875,22032800.0,0.0,0.0,1.56
MSFT,2024-02-12 00:00:00-05:00,411.769283442755,411.94551383927785,406.0807287884979,406.580078125,21202900.0,0.0,0.0,-1.26
MSFT,2024-02-13 00:00:00-05:00,396.4757753769111,401.49855072964925,394.9581860838381,397.8269348144531,27824900.0,0.0,0.0,-2.15
MSFT,2024-02-14 00:00:00-05:00,400.27921574475005,402.01541247950905,396.8460370500132,401.6720886230469,20401200.0,0.75,0.0,0.97
MSFT,2024-02-15 00:00:00-05:00,400.34788638470263,401.3189759217452,396.5713838346197,398.79803466796875,21825500.0,0.0,0.0,-0.72
MSFT,2024-02-16 00:00:00-05:00,400.17133095818804,400.49504745207923,395.73763633762957,396.3457946777344,22296500.0,0.0,0.0,-0.61
MSFT,2024-02-20 00:00:00-05:00,395.5413968145009,396.7675320143623,390.41126629664336,395.1000061035156,24307900.0,0.0,0.0,-0.31
MSFT,2024-02-21 00:00:00-05:00,392.53004284668083,394.60956341609165,389.6363517174895,394.50164794921875,18518900.0,0.0,0.0,-0.15
MSFT,2024-02-22 00:00:00-05:00,402.3587454167674,404.9483275530714,400.76967888893086,403.7908630371094,27009900.0,0.0,0.0,2.35
MSFT,2024-02-23 00:00:00-05:00,407.7341476569605,407.92049268532105,401.1620503723916,402.5058898925781,16295900.0,0.0,0.0,-0.32
MSFT,2024-02-26 00:00:00-05:00,403.60448178020243,404.2911294979053,399.5827521513917,399.75933837890625,16193500.0,0.0,0.0,-0.68
MSFT,2024-02-27 00:00:00-05:00,400.2007433350152,400.5244598178457,396.13979878680874,399.70050048828125,14835800.0,0.0,0.0,-0.01
MSFT,2024-02-28 00:00:00-05:00,400.38709194736896,401.48570431449235,397.5817089338175,399.9358825683594,13183100.0,0.0,0.0,0.06
MSFT,2024-02-29 00:00:00-05:00,400.8383181687279,406.2921650523384,398.1702468207432,405.74285888671875,31947300.0,0.0,0.0,1.45
MSFT,2024-03-01 00:00:00-05:00,403.4180696743678,407.93025299029875,403.0355310756915,407.56732177734375,17823400.0,0.0,0.0,0.45
MSFT,2024-03-04 00:00:00-05:00,405.54671909934444,409.3820740419509,404.4481066223211,406.99847412109375,17596000.0,0.0,0.0,-0.14
MSFT,2024-03-05 00:00:00-05:00,406.0567462440755,406.3412180011649,392.991071894389,394.9626770019531,26919200.0,0.0,0.0,-2.96
MSFT,2024-03-06 00:00:00-05:00,395.27659515513125,397.4247865981622,390.784048581795,394.41339111328125,22344100.0,0.0,0.0,-0.14
MSFT,2024-03-07 00:00:00-05:00,398.3664647487739,401.9565926355365,394.5605358436286,401.3288269042969,18718500.0,0.0,0.0,1.75
MSFT,2024-03-08 00:00:00-05:00,400.17133994719717,402.5843959078717,396.61063804407956,398.4645690917969,18002200.0,0.0,0.0,-0.71
MSFT,2024-03-11 00:00:00-04:00,396.05146623078247,397.93479302965693,393.5991959671877,396.79693603515625,16120800.0,0.0,0.0,-0.42
MSFT,2024-03-12 00:00:00-04:00,399.8378019777306,407.63603426425436,399.02366133031137,407.3515625,22457000.0,0.0,0.0,2.66
MSFT,2024-03-13 00:00:00-04:00,410.1177430442753,410.19620253246603,403.5947092048327,407.1750183105469,17115900.0,0.0,0.0,-0.04
MSFT,2024-03-14 00:00:00-04:00,412.21687278632703,419.652174073812,410.0098292271171,417.101806640625,34157300.0,0.0,0.0,2.44
MSFT,2024-03-15 00:00:00-04:00,411.28505067232237,414.53185475986993,404.9091467039747,408.4698486328125,45079900.0,0.0,0.0,-2.07
MSFT,2024-03-18 00:00:00-04:00,406.3412957443731,412.69759281286395,405.880267609136,409.3526916503906,20106000.0,0.0,0.0,0.22
MSFT,2024-03-19 00:00:00-04:00,409.8528643144651,413.61957818454806,407.61639479250874,413.3645324707031,19837900.0,0.0,0.0,0.98
MSFT,2024-03-20 00:00:00-04:00,413.94328882066856,417.82767717758037,412.6288753346162,417.11163330078125,17860100.0,0.0,0.0,0.91
MSFT,2024-03-21 00:00:00-04:00,421.6237557740876,422.5948752417206,419.004747660182,421.17254638671875,21296200.0,0.0,0.0,0.97
MSFT,2024-03-22 00:00:00-04:00,421.4962894258474,421.65320840400005,417.93558766825475,420.5545959472656,17648500.0,0.0,0.0,-0.15
MSFT,2024-03-25 00:00:00-04:00,417.12140106535213,419.2499850699005,413.5606994442316,414.7868347167969,18060500.0,0.0,0.0,-1.37
MSFT,2024-03-26 00:00:00-04:00,417.48430243445387,417.85705232022457,413.3056540804049,413.59991455078125,16725600.0,0.0,0.0,-0.29
MSFT,2024-03-27 00:00:00-04:00,416.3366372044591,416.34645586465973,411.0103133950258,413.38409423828125,16705000.0,0.0,0.0,-0.05
MSFT,2024-03-28 00:00:00-04:00,412.92315255513495,413.81578270674646,411.1182848623514,412.687744140625,21871200.0,0.0,0.0,-0.17
MSFT,2024-04-01 00:00:00-04:00,415.85607505767865,419.7208560550212,414.15909296576694,416.4642333984375,16316000.0,0.0,0.0,0.92
MSFT,2024-04-02 00:00:00-04:00,412.0893875977787,414.3160686838876,409.8627364466167,413.3940124511719,17912000.0,0.0,0.0,-0.74
MSFT,2024-04-03 00:00:00-04:00,411.71659648353796,415.17920112214335,411.0888008867087,412.4228515625,16502300.0,0.0,0.0,-0.23
MSFT,2024-04-04 00:00:00-04:00,416.8761593197056,420.48592418548293,409.5978373618215,409.90191650390625,19370900.0,0.0,0.0,-0.61
MSFT,2024-04-05 00:00:00-04:00,411.9912731648726,418.36717662742586,410.33353586981326,417.39605712890625,16554800.0,0.0,0.0,1.83
MSFT,2024-04-08 00:00:00-04:00,417.0527692258899,419.12247124179834,415.21844567326013,416.48382568359375,14272400.0,0.0,0.0,-0.22
MSFT,2024-04-09 00:00:00-04:00,418.2985504874364,419.57371934199267,413.57056515417355,418.1416015625,12496900.0,0.0,0.0,0.4
MSFT,2024-04-10 00:00:00-04:00,414.12962029851764,415.9344877287147,411.68716854848634,415.17919921875,16216600.0,0.0,0.0,-0.71
MSFT,2024-04-11 00:00:00-04:00,417.69033834286756,421.1725504908495,414.2963744060529,419.7600402832031,17966400.0,0.0,0.0,1.1
MSFT,2024-04-12 00:00:00-04:00,415.95410040174403,417.06253143112855,411.75581460240056,413.84515380859375,19253800.0,0.0,0.0,-1.41
MSFT,2024-04-15 00:00:00-04:00,418.45542004596757,418.6712210349568,405.53684662340567,405.74285888671875,20273500.0,0.0,0.0,-1.96
MSFT,2024-04-16 00:00:00-04:00,406.65515878258486,410.4120243786573,405.83119940750504,406.6649475097656,16765600.0,0.0,0.0,0.23
MSFT,2024-04-17 00:00:00-04:00,409.2839199801292,410.88280503231437,402.49602250375233,403.9772033691406,15855500.0,0.0,0.0,-0.66
MSFT,2024-04-18 00:00:00-04:00,402.79031869935466,404.02627254838046,396.2378594372626,396.5517272949219,21029900.0,0.0,0.0,-1.84
MSFT,2024-04-19 00:00:00-04:00,396.3163237053195,397.73865251494925,390.17582902876677,391.50006103515625,30565800.0,0.0,0.0,-1.27
MSFT,2024-04-22 00:00:00-04:00,392.441727661041,395.1588624515417,388.1944084543801,393.304931640625,20286900.0,0.0,0.0,0.46
MSFT,2024-04-23 00:00:00-04:00,396.5223162949651,400.4067342721825,395.3648518176367,399.78875732421875,15734500.0,0.0,0.0,1.65
MSFT,2024-04-24 00:00:00-04:00,401.7407287200192,404.59517495198185,399.01380533371923,401.2502746582031,15065300.0,0.0,0.0,0.37
MSFT,2024-04-25 00:00:00-04:00,386.507271018032,392.25540884693,380.6218216022703,391.421630859375,40586500.0,0.0,0.0,-2.45
MSFT,2024-04-26 00:00:00-04:00,404.30094095620495,405.1150815807432,398.01331587991365,398.5626220703125,29694700.0,0.0,0.0,1.82
MSFT,2024-04-29 00:00:00-04:00,397.5130062731547,398.56258512123486,391.5687056006696,394.5702819824219,19582100.0,0.0,0.0,-1.0
MSFT,2024-04-30 00:00:00-04:00,393.8247883748175,394.4820099813431,381.7400231834723,381.8969421386719,28781400.0,0.0,0.0,-3.21
MSFT,2024-05-01 00:00:00-04:00,385.11436938308555,394.05045900742965,382.85829240714,387.39990234375,23562500.0,0.0,0.0,1.44
MSFT,2024-05-02 00:00:00-04:00,390.0679505478797,392.29460134045365,387.11540734616494,390.2445068359375,17709400.0,0.0,0.0,0.73
MSFT,2024-05-03 00:00:00-04:00,394.59976579857647,399.37678414031285,394.1877711661832,398.8961486816406,17446700.0,0.0,0.0,2.22
MSFT,2024-05-06 00:00:00-04:00,400.95603550783153,406.0273140130064,398.6116505989638,405.644775390625,16996600.0,0.0,0.0,1.69
MSFT,2024-05-07 00:00:00-04:00,406.74337133005633,406.7531899905989,401.2797058272895,401.5249328613281,20018200.0,0.0,0.0,-1.02
MSFT,2024-05-08 00:00:00-04:00,400.37736994582315,404.3598554078132,398.9452222175611,402.7021179199219,11792300.0,0.0,0.0,0.29
MSFT,2024-05-09 00:00:00-04:00,402.73150019277335,404.84044690561177,401.28956389363333,404.4480895996094,14689700.0,0.0,0.0,0.43
MSFT,2024-05-10 00:00:00-04:00,405.0562460600837,407.44966453116945,403.93799631140473,406.8218688964844,13402300.0,0.0,0.0,0.59
MSFT,2024-05-13 00:00:00-04:00,410.0294239104783,410.36292908810583,402.9766919421273,405.8213195800781,15440200.0,0.0,0.0,-0.25
MSFT,2024-05-14 00:00:00-04:00,404.15378509704203,409.51935413927424,403.69275704643184,408.60711669921875,15109300.0,0.0,0.0,0.69
MSFT,2024-05-15 00:00:00-04:00,410.66092785109674,416.46855556809163,410.0418362179186,415.7511901855469,22239500.0,0.75,0.0,1.75
MSFT,2024-05-16 00:00:00-04:00,414.49335406459187,418.05067177577746,413.0684896947791,413.6973876953125,17530100.0,0.0,0.0,-0.49
MSFT,2024-05-17 00:00:00-04:00,415.2205635959117,415.5939858480529,410.7886784280323,412.930908203125,15352200.0,0.0,0.0,-0.19
MSFT,2024-05-20 00:00:00-04:00,412.930965804356,419.37732877198647,412.714775522377,417.97210693359375,16272100.0,0.0,0.0,1.22
MSFT,2024-05-21 00:00:00-04:00,419.4362019217813,425.4698558470045,417.4905197677202,421.6079406738281,21453300.0,0.0,0.0,0.87
MSFT,2024-05-22 00:00:00-04:00,422.6397422694005,424.91956115828395,419.7310254046841,423.0622863769531,18073700.0,0.0,0.0,0.34
MSFT,2024-05-23 00:00:00-04:00,425.46982612085486,426.0889176680517,418.05062390261264,419.6032409667969,17211700.0,0.0,0.0,-0.82
MSFT,2024-05-24 00:00:00-04:00,419.790064367194,423.5930220442471,417.05822172145747,422.7086181640625,11855300.0,0.0,0.0,0.74
MSFT,2024-05-28 00:00:00-04:00,422.1877338257991,423.35712243524114,419.2102222377172,422.86578369140625,15718000.0,0.0,0.0,0.04
MSFT,2024-05-29 00:00:00-04:00,418.3159892619867,423.4750461602697,418.3159892619867,421.7357177734375,15517100.0,0.0,0.0,-0.27
MSFT,2024-05-30 00:00:00-04:00,416.95003623481153,416.95003623481153,407.0643033400361,407.48687744140625,28394500.0,0.0,0.0,-3.38
MSFT,2024-05-31 00:00:00-04:00,409.5308058785648,409.5308058785648,397.5028441158069,407.9388732910156,47995300.0,0.0,0.0,0.11
MSFT,2024-06-03 00:00:00-04:00,408.3319723384426,409.21637607324783,401.83648858598,406.3567810058594,17484700.0,0.0,0.0,-0.39
MSFT,2024-06-04 00:00:00-04:00,405.2856495851976,409.226195718034,402.58328662384173,408.86260986328125,14348900.0,0.0,0.0,0.62
MSFT,2024-06-05 00:00:00-04:00,410.57248754759564,416.7338647316788,409.0886349128657,416.66510009765625,16988000.0,0.0,0.0,1.91
MSFT,2024-06-06 00:00:00-04:00,416.6651146111646,417.9425834215114,413.2945078470223,417.166259765625,14861300.0,0.0,0.0,0.12
MSFT,2024-06-07 00:00:00-04:00,418.81714102196315,418.8957420228007,415.67256118761725,416.5078430175781,13621700.0,0.0,0.0,-0.16
MSFT,2024-06-10 00:00:00-04:00,417.3431202309482,420.66454478320344,416.5471539046789,420.45819091796875,13982900.0,0.0,0.0,0.95
MSFT,2024-06-11 00:00:00-04:00,418.1096457911631,425.3224952545953,417.88361916349896,425.1849060058594,14551100.0,0.0,0.0,1.12
MSFT,2024-06-12 00:00:00-04:00,427.7792095971262,435.7192312163597,425.74505981738713,433.4197692871094,22366200.0,0.0,0.0,1.94
MSFT,2024-06-13 00:00:00-04:00,433.21338970261115,435.7093989946261,431.75901618030764,433.93072509765625,15960600.0,0.0,0.0,0.12
MSFT,2024-06-14 00:00:00-04:00,430.68786981308114,435.4636977946633,429.15489539650804,434.903564453125,13582000.0,0.0,0.0,0.22
MSFT,2024-06-17 00:00:00-04:00,434.9233042265467,443.12866872845996,433.0857017909196,440.6031799316406,20790000.0,0.0,0.0,1.31
MSFT,2024-06-18 00:00:00-04:00,441.919864030814,442.3424381224516,437.1833815521162,438.6082458496094,17112500.0,0.0,0.0,-0.45
MSFT,2024-06-20 00:00:00-04:00,438.5689526211533,438.79497924029823,433.6260860366594,437.9793701171875,19877400.0,0.0,0.0,-0.14
MSFT,2024-06-21 00:00:00-04:00,439.63028836717615,442.77483854275334,438.7753636944757,441.98870849609375,34187100.0,0.0,0.0,0.92
MSFT,2024-06-24 00:00:00-04:00,442.00833058442447,444.9072412251996,438.677069430459,439.9152526855469,15913700.0,0.0,0.0,-0.47
MSFT,2024-06-25 00:00:00-04:00,440.4852168409384,443.60031790530934,439.01120049902784,443.1384582519531,16413400.0,0.0,0.0,0.73
MSFT,2024-06-26 00:00:00-04:00,441.2221891732116,445.7425115856911,440.42622281234816,444.32745361328125,16507000.0,0.0,0.0,0.27
MSFT,2024-06-27 00:00:00-04:00,444.3471165440364,448.2680202655606,443.94421515967235,445.0055236816406,14806300.0,0.0,0.0,0.15
MSFT,2024-06-28 00:00:00-04:00,445.22168389223947,447.49166642517747,438.6770484115445,439.20770263671875,28362300.0,0.0,0.0,-1.3
MSFT,2024-07-01 00:00:00-04:00,440.88808384173325,449.447196335744,437.94005138791704,448.81829833984375,17662800.0,0.0,0.0,2.19
MSFT,2024-07-02 00:00:00-04:00,445.3494309967801,451.6287242891569,445.2609636362825,451.3240966796875,13979800.0,0.0,0.0,0.56
MSFT,2024-07-03 00:00:00-04:00,450.2529744663604,453.0339384006955,449.94834686189404,452.78826904296875,9932800.0,0.0,0.0,0.32
MSFT,2024-07-05 00:00:00-04:00,451.6483651745115,460.2369864186551,451.0194672052492,459.4606628417969,16000300.0,0.0,0.0,1.47
MSFT,2024-07-08 00:00:00-04:00,458.46817132419625,459.598274429734,456.4143789671548,458.1635437011719,12962300.0,0.0,0.0,-0.28
MSFT,2024-07-09 00:00:00-04:00,458.91038601076474,459.23465638604694,450.06628863582495,451.5796203613281,17207200.0,0.0,0.0,-1.44
MSFT,2024-07-10 00:00:00-04:00,453.2305038870679,458.37972423311413,450.91136946375343,458.1733703613281,18196100.0,0.0,0.0,1.46
MSFT,2024-07-11 00:00:00-04:00,454.96002402992053,456.72883147324404,443.7279978013262,446.8234558105469,23111200.0,0.0,0.0,-2.48
MSFT,2024-07-12 00:00:00-04:00,446.45981604032585,448.4546499899947,442.84357035631416,445.6933288574219,16324300.0,0.0,0.0,-0.25
MSFT,2024-07-15 00:00:00-04:00,445.44771219074863,449.3391368001631,443.61011000854984,446.0962829589844,14429400.0,0.0,0.0,0.09
MSFT,2024-07-16 00:00:00-04:00,446.35175028412175,446.430351284593,438.92271119875926,441.733154296875,17175700.0,0.0,0.0,-0.98
MSFT,2024-07-17 00:00:00-04:00,434.92324477920374,437.14410559537976,431.5723108003405,435.8371276855469,21778000.0,0.0,0.0,-1.33
MSFT,2024-07-18 00:00:00-04:00,436.6428994208888,436.94752703468305,426.8750830594602,432.7416687011719,20794800.0,0.0,0.0,-0.71
MSFT,2024-07-19 00:00:00-04:00,425.5976305961669,433.49836608097274,424.51667935003445,429.53814697265625,20940400.0,0.0,0.0,-0.74
MSFT,2024-07-22 00:00:00-04:00,434.1370473740231,436.89836840804566,431.3069317261726,435.2671203613281,15808800.0,0.0,0.0,1.33
MSFT,2024-07-23 00:00:00-04:00,436.21057880982977,440.6228216077749,435.4244487287082,437.1441345214844,13107100.0,0.0,0.0,0.43
MSFT,2024-07-24 00:00:00-04:00,432.82027904039575,433.8324355773718,420.183031900693,421.4703369140625,26805800.0,0.0,0.0,-3.59
MSFT,2024-07-25 00:00:00-04:00,421.3721545577555,422.35483218497876,410.27774573844266,411.1523132324219,29943800.0,0.0,0.0,-2.45
MSFT,2024-07-26 00:00:00-04:00,410.95575198353527,421.490056226304,410.0418390958428,417.90325927734375,23583800.0,0.0,0.0,1.64
MSFT,2024-07-29 00:00:00-04:00,424.10394408211863,424.66407745687695,417.34314804369717,419.3379821777344,15125800.0,0.0,0.0,0.34
MSFT,2024-07-30 00:00:00-04:00,420.31083428857175,421.6177822082065,410.13027948455533,415.593994140625,32687600.0,0.0,0.0,-0.89
MSFT,2024-07-31 00:00:00-04:00,413.21586942488864,414.47369536650564,405.0694649339739,411.1031188964844,42891400.0,0.0,0.0,-1.08
MSFT,2024-08-01 00:00:00-04:00,413.5008583778063,420.05530026736574,405.9342299111822,409.88458251953125,30296400.0,0.0,0.0,-0.3
MSFT,2024-08-02 00:00:00-04:00,405.3445889736249,407.8111188309651,397.33577420400843,401.41387939453125,29437900.0,0.0,0.0,-2.07
MSFT,2024-08-05 00:00:00-04:00,382.4286607640187,394.09303926008795,378.90082173461536,388.3050537109375,40709200.0,0.0,0.0,-3.27
MSFT,2024-08-06 00:00:00-04:00,393.07100276300895,398.6427974223072,391.59698650264767,392.687744140625,24946500.0,0.0,0.0,1.13
MSFT,2024-08-07 00:00:00-04:00,401.56132604317764,402.9763539760022,390.58480577308114,391.5281677246094,20650900.0,0.0,0.0,-0.3
MSFT,2024-08-08 00:00:00-04:00,395.46871662305415,398.8294567188382,393.0120229903142,395.7143859863281,20203000.0,0.0,0.0,1.07
MSFT,2024-08-09 00:00:00-04:00,397.03117577316215,400.9815283942931,395.2918474526737,398.9866943359375,19276700.0,0.0,0.0,0.83
MSFT,2024-08-12 00:00:00-04:00,400.0086698442997,401.67923346079886,397.2375123110676,399.76300048828125,16762900.0,0.0,0.0,0.19
MSFT,2024-08-13 00:00:00-04:00,402.49487016333154,407.7620371122612,402.475227409518,406.83831787109375,19414300.0,0.0,0.0,1.77
MSFT,2024-08-14 00:00:00-04:00,407.6145724584555,410.4840036540826,405.305304565642,409.6388854980469,18267000.0,0.0,0.0,0.69
MSFT,2024-08-15 00:00:00-04:00,413.27153919674845,414.56116454959863,411.16483466760724,414.482421875,20752100.0,0.75,0.0,1.18
MSFT,2024-08-16 00:00:00-04:00,414.05909962624725,414.787581998409,410.81040112271256,411.96221923828125,22775600.0,0.0,0.0,-0.61
MSFT,2024-08-19 00:00:00-04:00,412.4446299731582,415.19125033166955,409.9835081573214,414.97467041015625,15234000.0,0.0,0.0,0.73
MSFT,2024-08-20 00:00:00-04:00,415.14201975205145,419.23729981689326,415.082955234779,418.19378662109375,16387600.0,0.0,0.0,0.78
MSFT,2024-08-21 00:00:00-04:00,417.48500333716095,419.76893159636126,415.1617187597954,417.5440979003906,16067300.0,0.0,0.0,-0.16
MSFT,2024-08-22 00:00:00-04:00,417.7606059891525,420.1528389914807,408.1622318516386,409.0876159667969,19361900.0,0.0,0.0,-2.03
MSFT,2024-08-23 00:00:00-04:00,410.4953972510095,412.73993890763575,405.68142906839694,410.308349609375,18493800.0,0.0,0.0,0.3
MSFT,2024-08-26 00:00:00-04:00,409.89487877847426,410.7907306533513,404.94310328054127,407.0596618652344,13152800.0,0.0,0.0,-0.79
MSFT,2024-08-27 00:00:00-04:00,406.43952621400086,407.91619944694173,403.87012920932085,407.404296875,13492900.0,0.0,0.0,0.08
MSFT,2024-08-28 00:00:00-04:00,408.4280692350888,408.5461982686738,400.97578558888256,404.2146301269531,14882700.0,0.0,0.0,-0.78
MSFT,2024-08-29 00:00:00-04:00,408.4871383812944,415.48655408743093,404.2146347079457,406.6954345703125,17045200.0,0.0,0.0,0.61
MSFT,2024-08-30 00:00:00-04:00,409.1369250633482,410.9975176628722,405.72088654420793,410.6529846191406,24308300.0,0.0,0.0,0.97
MSFT,2024-09-03 00:00:00-04:00,411.4109748667296,413.35034007836833,400.7001678121759,403.07269287109375,20313600.0,0.0,0.0,-1.85
MSFT,2024-09-04 00:00:00-04:00,399.59758459335677,404.8446830658677,398.0815251485243,402.54107666015625,15135800.0,0.0,0.0,-0.13
MSFT,2024-09-05 00:00:00-04:00,401.28095677141835,406.67574622741506,399.8141378862011,402.03900146484375,14195500.0,0.0,0.0,-0.12
MSFT,2024-09-06 00:00:00-04:00,402.6985610672717,404.26383081056673,394.5670056307313,395.4530334472656,19609500.0,0.0,0.0,-1.64
MSFT,2024-09-09 00:00:00-04:00,400.90684301767806,402.294919165343,395.8960031892495,399.4104919433594,15295100.0,0.0,0.0,1.0
MSFT,2024-09-10 00:00:00-04:00,401.8519446669211,409.8554868302287,401.3597203496137,407.7586364746094,19594300.0,0.0,0.0,2.09
MSFT,2024-09-11 00:00:00-04:00,409.03846009013733,417.39642045511704,403.2105102076021,416.4612121582031,19266900.0,0.0,0.0,2.13
MSFT,2024-09-12 00:00:00-04:00,416.72697057085117,420.7238298297295,413.2223356546228,420.3595886230469,17395700.0,0.0,0.0,0.94
MSFT,2024-09-13 00:00:00-04:00,419.2077526362247,425.1144444971336,418.84351144501346,423.89373779296875,15874600.0,0.0,0.0,0.84
MSFT,2024-09-16 00:00:00-04:00,423.9035976857479,426.7880250402565,421.5606050753592,424.632080078125,13834700.0,0.0,0.0,0.17
MSFT,2024-09-17 00:00:00-04:00,433.3838592052121,434.9786612819886,425.54762597309116,428.3828430175781,18874200.0,0.0,0.0,0.88
MSFT,2024-09-18 00:00:00-04:00,428.235163297131,429.249144206207,423.7165475930165,424.1103210449219,18898000.0,0.0,0.0,-1.0
MSFT,2024-09-19 00:00:00-04:00,434.36830593406904,434.63409626466625,430.1056262859268,431.8677978515625,21706600.0,0.0,0.0,1.83
MSFT,2024-09-20 00:00:00-04:00,430.42066355244185,432.4092391189892,427.4673174405253,428.5009765625,55167100.0,0.0,0.0,-0.78
MSFT,2024-09-23 00:00:00-04:00,427.52638627626743,429.67247726227924,423.6968964015023,426.76837158203125,15128900.0,0.0,0.0,-0.4
MSFT,2024-09-24 00:00:00-04:00,426.26630559260894,426.61086866115505,419.4736152765213,422.4958801269531,17015800.0,0.0,0.0,-1.0
MSFT,2024-09-25 00:00:00-04:00,423.14556440453987,426.384408985251,421.9051794925785,425.3901062011719,13396400.0,0.0,0.0,0.69
MSFT,2024-09-26 00:00:00-04:00,428.3237537072511,428.53047950890726,422.45644824495844,424.6025390625,14492000.0,0.0,0.0,-0.19
MSFT,2024-09-27 00:00:00-04:00,424.80927883764434,425.1341637224931,420.8222737453315,421.36370849609375,14896100.0,0.0,0.0,-0.76
MSFT,2024-09-30 00:00:00-04:00,421.5507213885959,423.72637439868134,418.7548910042777,423.60821533203125,16807300.0,0.0,0.0,0.53
MSFT,2024-10-01 00:00:00-04:00,421.78706729834266,421.81659955830685,412.2969671899716,414.1477355957031,19092900.0,0.0,0.0,-2.23
MSFT,2024-10-02 00:00:00-04:00,416.00826255732983,416.2445506428297,410.22955427128664,410.6430358886719,16582300.0,0.0,0.0,-0.85
MSFT,2024-10-03 00:00:00-04:00,411.1353318978847,413.0254566537122,407.84727671300476,410.0622863769531,13686400.0,0.0,0.0,-0.14
MSFT,2024-10-04 00:00:00-04:00,411.7357819472086,413.2223089798081,408.5166457695598,409.5896911621094,19169700.0,0.0,0.0,-0.12
MSFT,2024-10-07 00:00:00-04:00,409.5306729821077,410.6233966552464,402.6395318501973,403.171142578125,20919800.0,0.0,0.0,-1.57
MSFT,2024-10-08 00:00:00-04:00,404.5099645290717,409.19594995144206,401.82243880752753,408.2607116699219,19229300.0,0.0,0.0,1.26
MSFT,2024-10-09 00:00:00-04:00,409.3928021729279,413.84252930935924,407.8570646785986,410.9679260253906,14974300.0,0.0,0.0,0.66
MSFT,2024-10-10 00:00:00-04:00,408.77260867644156,410.8596349305785,406.72493873590105,409.37310791015625,13848400.0,0.0,0.0,-0.39
MSFT,2024-10-11 00:00:00-04:00,409.66850956364067,410.64310419410805,406.82343830885475,409.845703125,14144900.0,0.0,0.0,0.12
MSFT,2024-10-14 00:00:00-04:00,411.27310627026066,417.4456186019399,411.02699410502277,412.621826171875,16653100.0,0.0,0.0,0.68
MSFT,2024-10-15 00:00:00-04:00,415.61453317923247,415.9098858066577,408.80216519233556,412.22802734375,18900200.0,0.0,0.0,-0.1
MSFT,2024-10-16 00:00:00-04:00,408.71356498849764,409.8850312589263,404.09649835161355,409.6487731933594,15508900.0,0.0,0.0,-0.63
MSFT,2024-10-17 00:00:00-04:00,415.7917465890575,415.9295838303706,409.127039576057,410.2394714355469,14820000.0,0.0,0.0,0.14
MSFT,2024-10-18 00:00:00-04:00,410.65297755440105,413.12392355721715,409.78665782313783,411.6571044921875,17145300.0,0.0,0.0,0.35
MSFT,2024-10-21 00:00:00-04:00,409.6487277415062,412.4445580314681,407.315589473935,412.2673645019531,14206100.0,0.0,0.0,0.15
MSFT,2024-10-22 00:00:00-04:00,411.9818876442807,423.8838676895073,411.5389037972299,420.86163330078125,25482200.0,0.0,0.0,2.08
MSFT,2024-10-23 00:00:00-04:00,424.1595460644349,424.37612597688815,415.95910173602493,417.9969177246094,19654400.0,0.0,0.0,-0.68
MSFT,2024-10-24 00:00:00-04:00,418.71552307399537,419.3554387186423,415.8310957950025,418.1248779296875,13581600.0,0.0,0.0,0.03
MSFT,2024-10-25 00:00:00-04:00,420.1233007480341,425.79370434385993,419.9362531076575,421.4916687011719,16899100.0,0.0,0.0,0.81
MSFT,2024-10-28 00:00:00-04:00,424.9470943239702,425.2227387354677,419.6704341057476,419.9559326171875,14882400.0,0.0,0.0,-0.36
MSFT,2024-10-29 00:00:00-04:00,421.3439905701075,426.4336029274501,419.17819168549653,425.2325744628906,17644100.0,0.0,0.0,1.26
MSFT,2024-10-30 00:00:00-04:00,430.6372663836306,431.68077966192817,425.3803136298507,425.8036193847656,29749100.0,0.0,0.0,0.13
MSFT,2024-10-31 00:00:00-04:00,408.90056227484143,409.6881391925744,399.981460227055,400.03070068359375,53971000.0,0.0,0.0,-6.05
MSFT,2024-11-01 00:00:00-04:00,402.6493843637014,409.0384470027673,401.162857168779,403.98822021484375,24230400.0,0.0,0.0,0.99
MSFT,2024-11-04 00:00:00-05:00,403.42703719981586,404.0374205874987,399.26283871579096,402.1078796386719,19672300.0,0.0,0.0,-0.47
MSFT,2024-11-05 00:00:00-05:00,402.019305938334,408.4477546696806,401.73380740675793,405.0612487792969,17626000.0,0.0,0.0,0.73
MSFT,2024-11-06 00:00:00-05:00,406.0063586804049,413.91148078515863,404.13588205792996,413.6456604003906,26681800.0,0.0,0.0,2.12
MSFT,2024-11-07 00:00:00-05:00,414.7285393416903,420.2119257079772,413.35031719618456,418.8139953613281,19901800.0,0.0,0.0,1.25
MSFT,2024-11-08 00:00:00-05:00,418.70569909892066,419.8673412736044,415.22074253188157,415.96893310546875,16891400.0,0.0,0.0,-0.68
MSFT,2024-11-11 00:00:00-05:00,415.9492425000552,418.2036383732599,409.530647967578,411.5093994140625,24503300.0,0.0,0.0,-1.07
MSFT,2024-11-12 00:00:00-05:00,411.7456609678349,417.8394007087299,410.71200186963034,416.4513244628906,19401200.0,0.0,0.0,1.2
MSFT,2024-11-13 00:00:00-05:00,415.0829203341967,422.65330239599416,411.7062388180916,418.5875549316406,21502200.0,0.0,0.0,0.51
MSFT,2024-11-14 00:00:00-05:00,418.3906594438851,421.5113747579457,413.4684163916041,420.25128173828125,30246900.0,0.0,0.0,0.4
MSFT,2024-11-15 00:00:00-05:00,413.2912534776132,416.2248913266483,407.2073678244848,408.54620361328125,28247600.0,0.0,0.0,-2.79
MSFT,2024-11-18 00:00:00-05:00,408.41819885611204,411.89330132284374,405.69128696291637,409.29437255859375,24727000.0,0.0,0.0,0.18
MSFT,2024-11-19 00:00:00-05:00,406.68563392869004,411.4405385103304,405.1498961868294,411.2928771972656,18133500.0,0.0,0.0,0.49
MSFT,2024-11-20 00:00:00-05:00,410.38713903081657,410.8006207181085,404.19494808048387,409.0285949707031,19191700.0,0.0,0.0,-0.55
MSFT,2024-11-21 00:00:00-05:00,413.80287334750346,414.07906953202513,404.717960528392,407.2629089355469,20780200.0,0.83,0.0,-0.43
MSFT,2024-11-22 00:00:00-05:00,405.7832472742104,411.73135363774225,405.4774597411712,411.3367919921875,24814600.0,0.0,0.0,1.0
MSFT,2024-11-25 00:00:00-05:00,412.69810354496985,415.36141754143,409.2160446876401,413.1025390625,27691100.0,0.0,0.0,0.43
MSFT,2024-11-26 00:00:00-05:00,413.891635863064,423.21330950979313,413.161695275106,422.17755126953125,23458900.0,0.0,0.0,2.2
MSFT,2024-11-27 00:00:00-05:00,419.33662612341953,421.427859986681,416.2885945934304,417.24542236328125,18332400.0,0.0,0.0,-1.17
MSFT,2024-11-29 00:00:00-05:00,414.38481768654003,419.1097738504757,412.1259094010287,417.70904541015625,16271900.0,0.0,0.0,0.11
MSFT,2024-12-02 00:00:00-05:00,415.8447150882336,427.11947839003886,415.5882364843767,425.1269226074219,20207200.0,0.0,0.0,1.78
MSFT,2024-12-03 00:00:00-05:00,424.00241788094525,426.5967051479557,421.93093157664276,425.3439636230469,18302000.0,0.0,0.0,0.05
MSFT,2024-12-04 00:00:00-05:00,427.1490975254907,433.698935348809,426.754535872994,431.4794921875,26009400.0,0.0,0.0,1.44
MSFT,2024-12-05 00:00:00-05:00,431.97270407918,438.6211597736825,430.2464705000807,436.6088562011719,21697800.0,0.0,0.0,1.19
MSFT,2024-12-06 00:00:00-05:00,436.29321828806303,440.04162946603964,435.7704172944161,437.5459899902344,18821000.0,0.0,0.0,0.21
MSFT,2024-12-09 00:00:00-05:00,436.5891705079944,442.2413336019405,434.51768404131514,439.96270751953125,19144400.0,0.0,0.0,0.55
MSFT,2024-12-10 00:00:00-05:00,438.3548667232301,443.5138201555157,435.60274857576576,437.3092346191406,18469500.0,0.0,0.0,-0.6
MSFT,2024-12-11 00:00:00-05:00,438.019420871054,444.2338797106506,438.019420871054,442.892333984375,19200200.0,0.0,0.0,1.28
MSFT,2024-12-12 00:00:00-05:00,443.01071967285327,449.96499320791463,443.01071967285327,443.4546203613281,20834800.0,0.0,0.0,0.13
MSFT,2024-12-13 00:00:00-05:00,442.34980235220513,445.2991859531554,439.5286279530639,441.1956787109375,20177800.0,0.0,0.0,-0.51
MSFT,2024-12-16 00:00:00-05:00,441.19569319284585,446.039014950384,439.23272866925197,445.45703125,23598800.0,0.0,0.0,0.97
MSFT,2024-12-17 00:00:00-05:00,444.8849575716068,449.1068307764244,443.4645114369834,448.2880859375,22733500.0,0.0,0.0,0.64
MSFT,2024-12-18 00:00:00-05:00,445.19070178831043,446.50262602359174,431.08488976149135,431.44989013671875,24444500.0,0.0,0.0,-3.76
MSFT,2024-12-19 00:00:00-05:00,435.6224173363725,437.1612287919841,430.39440791706704,431.0947570800781,22963700.0,0.0,0.0,-0.08
MSFT,2024-12-20 00:00:00-05:00,427.2280306144627,437.71367214918683,422.80889160222836,430.670654296875,64263700.0,0.0,0.0,-0.1
MSFT,2024-12-23 00:00:00-05:00,430.80868309982753,431.7063281244541,426.95178067217284,429.33892822265625,19152500.0,0.0,0.0,-0.31
MSFT,2024-12-24 00:00:00-05:00,428.7470606574343,433.629847299066,428.29331629516184,433.3634948730469,7164500.0,0.0,0.0,0.94
MSFT,2024-12-26 00:00:00-05:00,433.11689244443306,434.95164765481866,430.7001836707867,432.1600646972656,8194200.0,0.0,0.0,-0.28
MSFT,2024-12-27 00:00:00-05:00,428.6978084898888,429.3093836032803,420.5598497453618,424.6830749511719,18117700.0,0.0,0.0,-1.73
MSFT,2024-12-30 00:00:00-05:00,420.27376177490316,421.7435167493127,416.17025429217676,419.0604553222656,13158700.0,0.0,0.0,-1.32
MSFT,2024-12-31 00:00:00-05:00,420.3131993235258,420.93464819489714,414.9470768224156,415.7756652832031,13246500.0,0.0,0.0,-0.78
MSFT,2025-01-02 00:00:00-05:00,419.7509500092328,420.2836247921959,409.21600045312425,412.89532470703125,16896500.0,0.0,0.0,-0.69
MSFT,2025-01-03 00:00:00-05:00,415.3613950253171,418.27134378737713,413.8423310893823,417.6005859375,16662900.0,0.0,0.0,1.14
MSFT,2025-01-06 00:00:00-05:00,422.1874466156374,428.42162361284306,419.7016808979234,422.03948974609375,20573600.0,0.0,0.0,1.06
MSFT,2025-01-07 00:00:00-05:00,423.1738758487943,424.8014616583564,415.085225621156,416.6339111328125,18139100.0,0.0,0.0,-1.28
MSFT,2025-01-08 00:00:00-05:00,417.7090917280971,421.1714329663283,415.81518360520914,418.7941589355469,15054600.0,0.0,0.0,0.52
MSFT,2025-01-10 00:00:00-05:00,418.8631994200863,418.9420997125399,409.383695034764,413.2603454589844,20201100.0,0.0,0.0,-1.32
MSFT,2025-01-13 00:00:00-05:00,409.6007318390263,412.81646832203865,406.69081302742603,411.5242614746094,17604800.0,0.0,0.0,-0.42
MSFT,2025-01-14 00:00:00-05:00,412.1358238822972,414.03960580749714,405.1421150215387,410.02490234375,16935900.0,0.0,0.0,-0.36
MSFT,2025-01-15 00:00:00-05:00,413.43790279096226,422.3353935398116,412.5895665870108,420.5203857421875,19637800.0,0.0,0.0,2.56
MSFT,2025-01-16 00:00:00-05:00,422.87788427352234,423.6571336957602,418.6264203199314,418.8138122558594,15300000.0,0.0,0.0,-0.41
MSFT,2025-01-17 00:00:00-05:00,428.1947398206691,428.57945778773313,422.35515456567043,423.2034606933594,26197500.0,0.0,0.0,1.05
MSFT,2025-01-21 00:00:00-05:00,424.3575582513444,425.0480336398343,419.82002384260585,422.6806335449219,26085700.0,0.0,0.0,-0.12
MSFT,2025-01-22 00:00:00-05:00,431.6175824572203,441.1957044539868,430.0787709144918,440.1402587890625,27803800.0,0.0,0.0,4.13
MSFT,2025-01-23 00:00:00-05:00,435.9973147591307,440.6828062638951,435.50410512705025,440.6433410644531,18389300.0,0.0,0.0,0.11
MSFT,2025-01-24 00:00:00-05:00,439.1143639891968,440.5841189283991,435.40541825453283,438.029296875,15549500.0,0.0,0.0,-0.59
MSFT,2025-01-27 00:00:00-05:00,418.2516146753107,429.28964793288844,417.74853125025015,428.6583251953125,35647800.0,0.0,0.0,-2.14
MSFT,2025-01-28 00:00:00-05:00,428.6977608632086,442.2906153004339,425.5214900534852,441.12664794921875,23491700.0,0.0,0.0,2.91
MSFT,2025-01-29 00:00:00-05:00,440.62355690140845,440.8109789415141,434.41897223898974,436.32275390625,23581400.0,0.0,0.0,-1.09
MSFT,2025-01-30 00:00:00-05:00,413.0827588425547,417.1172097708342,407.54896156269734,409.3540954589844,54586300.0,0.0,0.0,-6.18
MSFT,2025-01-31 00:00:00-05:00,413.2899024984714,414.97667080056476,409.2751693701902,409.4231262207031,34161900.0,0.0,0.0,0.02
MSFT,2025-02-03 00:00:00-05:00,406.01014380943144,409.7683985075356,403.1100689884043,405.3393859863281,25679100.0,0.0,0.0,-1.0
MSFT,2025-02-04 00:00:00-05:00,407.0853452090854,408.29865167160733,404.1753965052981,406.7696838378906,20532100.0,0.0,0.0,0.35
MSFT,2025-02-05 00:00:00-05:00,406.74997908357795,408.2098602907994,404.8264495269334,407.6772155761719,16316700.0,0.0,0.0,0.22
MSFT,2025-02-06 00:00:00-05:00,408.3775613386283,412.5205341470821,408.3775613386283,410.1728515625,16309800.0,0.0,0.0,0.61
MSFT,2025-02-07 00:00:00-05:00,410.82388435232116,412.96439718513943,402.5576865372201,404.1852722167969,22886800.0,0.0,0.0,-1.46
MSFT,2025-02-10 00:00:00-05:00,408.0914590052598,409.8176925215145,405.33937124502273,406.6217041015625,20817900.0,0.0,0.0,0.6
MSFT,2025-02-11 00:00:00-05:00,404.0767525043344,406.88802298158646,403.74134350470337,405.852294921875,18140600.0,0.0,0.0,-0.19
MSFT,2025-02-12 00:00:00-05:00,401.6797906754277,405.17172339110687,398.8783635040398,403.4849548339844,19121700.0,0.0,0.0,-0.58
MSFT,2025-02-13 00:00:00-05:00,401.472636502677,405.4183135199023,400.84131373042015,404.9645690917969,23891700.0,0.0,0.0,0.37
MSFT,2025-02-14 00:00:00-05:00,402.25188608897315,403.3566707547541,400.3678218416371,402.8831787109375,22758500.0,0.0,0.0,-0.51
MSFT,2025-02-18 00:00:00-05:00,402.45907065768193,405.02376683445937,400.9794417214404,404.0768127441406,21423100.0,0.0,0.0,0.3
MSFT,2025-02-19 00:00:00-05:00,402.34067225656025,409.8473079963777,402.11378500109834,409.1370849609375,24114200.0,0.0,0.0,1.25
MSFT,2025-02-20 00:00:00-05:00,410.4714772753562,414.4448231183109,407.75338500421714,411.3017272949219,23508700.0,0.83,0.0,0.53
MSFT,2025-02-21 00:00:00-05:00,412.4976421272199,413.1993956224997,403.15730762956775,403.47357177734375,27524800.0,0.0,0.0,-1.9
MSFT,2025-02-24 00:00:00-05:00,403.77011965609864,404.62012670611466,394.6867476536957,399.31243896484375,26443700.0,0.0,0.0,-1.03
MSFT,2025-02-25 00:00:00-05:00,396.44608593506547,397.25657880262406,392.09714469383994,393.283203125,29387400.0,0.0,0.0,-1.51
MSFT,2025-02-26 00:00:00-05:00,393.39199655021156,398.9171335219328,389.67561326221704,395.092041015625,19619000.0,0.0,0.0,0.46
MSFT,2025-02-27 00:00:00-05:00,396.61410618114576,401.03224256641477,387.6197164134029,387.97552490234375,21127400.0,0.0,0.0,-1.8
MSFT,2025-02-28 00:00:00-05:00,388.10398215130573,393.01631660620876,382.0846478468725,392.38372802734375,32845700.0,0.0,0.0,1.14
MSFT,2025-03-03 00:00:00-05:00,394.1925192721913,394.1925192721913,381.67940898205217,383.98236083984375,23007700.0,0.0,0.0,-2.14
MSFT,2025-03-04 00:00:00-05:00,378.9514422192701,388.0249203607145,376.5792952112664,384.1009826660156,29342900.0,0.0,0.0,0.03
MSFT,2025-03-05 00:00:00-05:00,384.82256283708585,397.00951722391665,384.2987135267968,396.3670349121094,23433100.0,0.0,0.0,3.19
MSFT,2025-03-06 00:00:00-05:00,389.70514985658184,397.48382905920323,388.12370869732325,392.2848815917969,23304600.0,0.0,0.0,-1.03
MSFT,2025-03-07 00:00:00-05:00,387.76798692760104,390.21919261692045,381.06665528777256,388.7464904785156,22034100.0,0.0,0.0,-0.9
MSFT,2025-03-10 00:00:00-04:00,381.3631114017718,381.9166113327009,372.8431337183802,375.7490234375,32840100.0,0.0,0.0,-3.34
MSFT,2025-03-11 00:00:00-04:00,374.6025176419591,381.5212976511773,372.53677123025375,376.03570556640625,30380200.0,0.0,0.0,0.08
MSFT,2025-03-12 00:00:00-04:00,378.5067033632867,380.75035405096787,374.55311473502826,378.8229675292969,24253600.0,0.0,0.0,0.74
MSFT,2025-03-13 00:00:00-04:00,378.71423026442886,380.8491715851453,373.07049136146827,374.3751525878906,20473000.0,0.0,0.0,-1.17
MSFT,2025-03-14 00:00:00-04:00,375.3734493768336,385.7022111357248,375.10659301872727,384.05157470703125,19952800.0,0.0,0.0,2.58
MSFT,2025-03-17 00:00:00-04:00,382.2131776873556,388.15342385678485,381.0962841175908,384.1899719238281,22474300.0,0.0,0.0,0.04
MSFT,2025-03-18 00:00:00-04:00,382.57886557924786,382.87537263830677,376.67813379609476,379.0700378417969,19486900.0,0.0,0.0,-1.33
MSFT,2025-03-19 00:00:00-04:00,381.0567525075918,385.1585946525035,379.5445060727477,383.3201904296875,19185500.0,0.0,0.0,1.12
MSFT,2025-03-20 00:00:00-04:00,381.2642891356356,387.24410971121733,378.8328407062668,382.3515319824219,18470500.0,0.0,0.0,-0.25
MSFT,2025-03-21 00:00:00-04:00,378.77352451177876,387.194656647968,378.3583844724842,386.7202453613281,39675900.0,0.0,0.0,1.14
MSFT,2025-03-24 00:00:00-04:00,390.81222312553433,390.81222312553433,385.28708673252123,388.5191345214844,21004500.0,0.0,0.0,0.47
MSFT,2025-03-25 00:00:00-04:00,389.3493790004213,391.7610400507305,388.08423198363494,390.5749816894531,15775000.0,0.0,0.0,0.53
MSFT,2025-03-26 00:00:00-04:00,390.4168571879551,390.72325787798576,384.0614710304359,385.4452209472656,16108400.0,0.0,0.0,-1.31
MSFT,2025-03-27 00:00:00-04:00,385.60336562359333,387.6888690270636,382.9050306805178,386.0481262207031,13766800.0,0.0,0.0,0.16
MSFT,2025-03-28 00:00:00-04:00,383.5771397086297,384.6149747790714,372.5565178920864,374.4048156738281,21632000.0,0.0,0.0,-3.02
MSFT,2025-03-31 00:00:00-04:00,368.2174858935481,372.694923815259,362.9789628551185,371.034423828125,35184700.0,0.0,0.0,-0.9
MSFT,2025-04-01 00:00:00-04:00,370.302940607575,378.4078083047587,368.8994337189865,377.7554626464844,19689500.0,0.0,0.0,1.81
MSFT,2025-04-02 00:00:00-04:00,373.5844258095808,380.6119141988697,372.25008378933455,377.7060546875,16092600.0,0.0,0.0,-0.01
MSFT,2025-04-03 00:00:00-04:00,370.4413221297822,373.10011248760316,365.06444000689004,368.7807922363281,30198000.0,0.0,0.0,-2.36
MSFT,2025-04-04 00:00:00-04:00,359.90499587925865,370.2436198076782,355.30895597122804,355.6647644042969,49209900.0,0.0,0.0,-3.56
MSFT,2025-04-07 00:00:00-04:00,346.8087713756296,366.6953157485582,340.7894367933375,353.707763671875,50425000.0,0.0,0.0,-0.55
MSFT,2025-04-08 00:00:00-04:00,363.98712785508354,369.3145725706382,346.18608632628985,350.4460754394531,35868900.0,0.0,0.0,-0.92
MSFT,2025-04-09 00:00:00-04:00,349.43791334353114,388.66739600040677,349.00301621371585,385.95916748046875,50199700.0,0.0,0.0,10.13
MSFT,2025-04-10 00:00:00-04:00,377.6269854135807,379.44563241847453,363.5324334212975,376.92523193359375,38024400.0,0.0,0.0,-2.34
MSFT,2025-04-11 00:00:00-04:00,376.22346214057205,385.52425170247653,374.49376732812806,383.9428405761719,23839200.0,0.0,0.0,1.86
MSFT,2025-04-14 00:00:00-04:00,388.6575040815548,390.0709046779098,379.75203666792555,383.3102722167969,19251200.0,0.0,0.0,-0.16
MSFT,2025-04-15 00:00:00-04:00,384.0021677861047,387.3429548173336,379.702634359307,381.2544250488281,17199900.0,0.0,0.0,-0.54
MSFT,2025-04-16 00:00:00-04:00,376.25312290658945,377.1821883945702,363.7301188576812,367.2982177734375,21967800.0,0.0,0.0,-3.66
MSFT,2025-04-17 00:00:00-04:00,369.41339637295704,369.9767899290697,362.6330071079686,363.5126647949219,21120200.0,0.0,0.0,-1.03
MSFT,2025-04-21 00:00:00-04:00,358.6102676210093,360.2510105389955,351.5432339047138,354.95318603515625,20807300.0,0.0,0.0,-2.35
MSFT,2025-04-22 00:00:00-04:00,359.1637239988867,363.5027713530303,355.6845470865514,362.5638122558594,19485000.0,0.0,0.0,2.14
MSFT,2025-04-23 00:00:00-04:00,371.6966268435602,375.9764033603888,368.69189108581185,370.0460205078125,20545500.0,0.0,0.0,2.06
MSFT,2025-04-24 00:00:00-04:00,371.34077108557176,383.9428330432701,370.8366789549492,382.80615234375,22232300.0,0.0,0.0,3.45
MSFT,2025-04-25 00:00:00-04:00,382.5096738423667,387.60980644654984,380.1375268589871,387.30340576171875,18973200.0,0.0,0.0,1.17
MSFT,2025-04-28 00:00:00-04:00,387.41210451108003,388.18305301396595,382.1538550582223,386.62139892578125,16579400.0,0.0,0.0,-0.18
MSFT,2025-04-29 00:00:00-04:00,386.75975859738145,390.51568553400665,385.85045019118235,389.4679870605469,14974000.0,0.0,0.0,0.74
MSFT,2025-04-30 00:00:00-04:00,385.7713871677669,392.0576085897077,379.97939447353656,390.6738586425781,36461100.0,0.0,0.0,0.31
MSFT,2025-05-01 00:00:00-04:00,426.1078502028247,431.91962985286955,419.9699127886788,420.464111328125,58938100.0,0.0,0.0,7.63
MSFT,2025-05-02 00:00:00-04:00,426.7305579775838,434.3412277785372,425.0008630376841,430.2294921875,30757400.0,0.0,0.0,2.32
MSFT,2025-05-05 00:00:00-04:00,427.8474632490504,434.40054108405303,427.09627177369964,431.10919189453125,20136100.0,0.0,0.0,0.2
MSFT,2025-05-06 00:00:00-04:00,427.18524232094876,432.65107712392626,426.1671945058241,428.2823486328125,15104200.0,0.0,0.0,-0.66
MSFT,2025-05-07 00:00:00-04:00,428.80620435216304,433.0365428333408,426.1078693467033,428.3218994140625,23295300.0,0.0,0.0,0.01
MSFT,2025-05-08 00:00:00-04:00,432.8487322038109,438.5221520354275,430.60508165893515,433.0859680175781,23491300.0,0.0,0.0,1.11
MSFT,2025-05-09 00:00:00-04:00,434.8946881691784,435.6260923106028,430.82249727884243,433.6394348144531,15324200.0,0.0,0.0,0.13
MSFT,2025-05-12 00:00:00-04:00,440.7657862582039,444.15598092637396,434.6772567640601,444.0472717285156,22821900.0,0.0,0.0,2.4
MSFT,2025-05-13 00:00:00-04:00,442.5844751269483,445.4409573721911,440.19254074927665,443.9287109375,23618800.0,0.0,0.0,-0.03
MSFT,2025-05-14 00:00:00-04:00,442.940306646518,448.6334536340928,442.940306646518,447.6846008300781,19902800.0,0.0,0.0,0.85
MSFT,2025-05-15 00:00:00-04:00,446.3576953837484,451.7246558325709,446.0210270484144,448.6946105957031,21992300.0,0.83,0.0,0.23
MSFT,2025-05-16 00:00:00-04:00,447.6251542704443,449.91254071320964,444.3376746324017,449.82342529296875,23849800.0,0.0,0.0,0.25
MSFT,2025-05-19 00:00:00-04:00,446.4665765312085,455.0913104392369,446.3873426867718,454.37835693359375,21336500.0,0.0,0.0,1.01
MSFT,2025-05-20 00:00:00-04:00,451.13050930908776,453.8535912700005,449.87295142774695,453.6852722167969,15441800.0,0.0,0.0,-0.15
MSFT,2025-05-21 00:00:00-04:00,450.12052955644793,453.2991005803846,447.38753565613104,448.1401062011719,19216900.0,0.0,0.0,-1.22
MSFT,2025-05-22 00:00:00-04:00,450.4967994491365,455.74490907390424,449.4570590917957,450.40765380859375,18025600.0,0.0,0.0,0.51
MSFT,2025-05-23 00:00:00-04:00,445.57541331723985,449.24908978205974,444.5158796844098,445.7734375,16883500.0,0.0,0.0,-1.03
MSFT,2025-05-27 00:00:00-04:00,452.0118507212909,456.43809825868186,451.6553587930952,456.1806335449219,20974300.0,0.0,0.0,2.33
MSFT,2025-05-28 00:00:00-04:00,456.7054113344306,457.9926743719098,452.45739496057166,452.8831787109375,17086300.0,0.0,0.0,-0.72
MSFT,2025-05-29 00:00:00-04:00,457.0321797296883,457.2005290082406,450.8532686393741,454.1902770996094,13974800.0,0.0,0.0,0.29
MSFT,2025-05-30 00:00:00-04:00,455.2200705832806,457.16087682654637,451.08099341488645,455.8537902832031,34770500.0,0.0,0.0,0.37
MSFT,2025-06-02 00:00:00-04:00,452.6653804963421,457.5867035205711,452.41782757710985,457.4480895996094,16626500.0,0.0,0.0,0.35
MSFT,2025-06-03 00:00:00-04:00,456.9529759669727,459.5968543955761,456.3489311405408,458.43829345703125,15743800.0,0.0,0.0,0.22
MSFT,2025-06-04 00:00:00-04:00,459.4582001214203,461.1316602074749,458.48778183720145,459.3294677734375,14162700.0,0.0,0.0,0.19
MSFT,2025-06-05 00:00:00-04:00,460.40879598021155,465.05289099241804,459.487906406924,463.1021728515625,20131700.0,0.0,0.0,0.82
MSFT,2025-06-06 00:00:00-04:00,465.4886174973397,468.7068055435685,464.1914425792919,465.7757873535156,15285600.0,0.0,0.0,0.58
MSFT,2025-06-09 00:00:00-04:00,465.10242514198006,468.7958952647425,464.0329796350046,468.12255859375,16469900.0,0.0,0.0,0.5
MSFT,2025-06-10 00:00:00-04:00,466.57786264296146,468.1720890066924,462.38925618966,466.3105163574219,15375900.0,0.0,0.0,-0.39
MSFT,2025-06-11 00:00:00-04:00,465.4192790589967,470.81594475736864,465.0628173622344,467.99383544921875,16399200.0,0.0,0.0,0.36
MSFT,2025-06-12 00:00:00-04:00,470.37032681118086,475.7174938929388,468.88500933710617,474.1826477050781,18950600.0,0.0,0.0,1.32
MSFT,2025-06-13 00:00:00-04:00,471.74673205457395,474.48960742449077,468.13246560456287,470.3109130859375,16814500.0,0.0,0.0,-0.82
MSFT,2025-06-16 00:00:00-04:00,470.55848782417763,475.9848587535654,470.35055183096546,474.4500427246094,15626100.0,0.0,0.0,0.88
MSFT,2025-06-17 00:00:00-04:00,470.7466055851971,474.0539088222925,469.4395189734987,473.36077880859375,15414100.0,0.0,0.0,-0.23
MSFT,2025-06-18 00:00:00-04:00,473.3211507460615,476.29178558337986,469.81579317674493,475.5392150878906,17526500.0,0.0,0.0,0.46
MSFT,2025-06-20 00:00:00-04:00,477.5097592999014,478.7277002496467,472.2022093150259,472.7270202636719,37576200.0,0.0,0.0,-0.59
MSFT,2025-06-23 00:00:00-04:00,473.52910172023695,482.97572926336846,467.8849134818946,481.24285888671875,24864000.0,0.0,0.0,1.8
MSFT,2025-06-24 00:00:00-04:00,484.1640031375646,487.0356109071577,482.0350238939456,485.3126220703125,22305600.0,0.0,0.0,0.85
MSFT,2025-06-25 00:00:00-04:00,487.223778215148,489.71910084538035,484.5997232276066,487.4515075683594,17495100.0,0.0,0.0,0.44
MSFT,2025-06-26 00:00:00-04:00,488.15453290095326,493.1650012559548,487.9861836300842,492.5807800292969,21578900.0,0.0,0.0,1.05
MSFT,2025-06-27 00:00:00-04:00,492.6797975508017,494.4126679494895,488.2040517426954,491.0855712890625,34539200.0,0.0,0.0,-0.3
MSFT,2025-06-30 00:00:00-04:00,492.17482524139086,495.85841392483957,490.4815414994746,492.54119873046875,28369000.0,0.0,0.0,0.3
MSFT,2025-07-01 00:00:00-04:00,491.61036068604886,493.1748817381986,486.1741086010328,487.2336120605469,19945400.0,0.0,0.0,-1.08
MSFT,2025-07-02 00:00:00-04:00,485.1937811955959,488.66943364597034,483.9164299655294,486.28302001953125,16319600.0,0.0,0.0,-0.2
MSFT,2025-07-03 00:00:00-04:00,488.9764203666982,495.2345653483035,488.6100468852986,493.9571838378906,13984800.0,0.0,0.0,1.58
MSFT,2025-07-07 00:00:00-04:00,492.51147619590915,493.86806132382594,490.38252718836065,492.84814453125,13981600.0,0.0,0.0,-0.22
MSFT,2025-07-08 00:00:00-04:00,492.37280697303856,493.3234318678901,489.2734398258723,491.7588806152344,11846600.0,0.0,0.0,-0.22
MSFT,2025-07-09 00:00:00-04:00,495.4028504286207,501.8194324629264,494.84833435120834,498.5814514160156,18659500.0,0.0,0.0,1.39
MSFT,2025-07-10 00:00:00-04:00,498.12595942487985,499.502368126141,492.8778497571002,496.57135009765625,16492100.0,0.0,0.0,-0.4
MSFT,2025-07-11 00:00:00-04:00,493.5907480120544,500.0865333029929,492.92729298333927,498.3932800292969,16459500.0,0.0,0.0,0.37
MSFT,2025-07-14 00:00:00-04:00,496.6109349689791,499.0369655948213,496.1257409313552,498.09625244140625,12058800.0,0.0,0.0,-0.06
MSFT,2025-07-15 00:00:00-04:00,498.09622485625505,503.3245408608939,497.8684955298327,500.86883544921875,14927200.0,0.0,0.0,0.56
MSFT,2025-07-16 00:00:00-04:00,500.2351113436526,501.7600457375481,496.9773367906475,500.6708068847656,15154400.0,0.0,0.0,-0.04
MSFT,2025-07-17 00:00:00-04:00,500.7302212088446,508.34495123446135,500.67081092720053,506.6913146972656,17503100.0,0.0,0.0,1.2
MSFT,2025-07-18 00:00:00-04:00,509.4440336050126,509.60250130270686,502.463054063605,505.0574035644531,21209700.0,0.0,0.0,-0.32
MSFT,2025-07-21 00:00:00-04:00,501.7501675374202,507.0775415956098,500.6015183265846,505.0673828125,14066800.0,0.0,0.0,0.0
MSFT,2025-07-22 00:00:00-04:00,505.968437121084,506.19619667447284,500.32421875,500.32421875,13868600.0,0.0,0.0,-0.94
MSFT,2025-07-23 00:00:00-04:00,501.78975657062705,501.82937349813983,495.7989881406536,500.9183654785156,16396600.0,0.0,0.0,0.12
MSFT,2025-07-24 00:00:00-04:00,503.79000158856684,508.6420329312165,502.33438916388565,505.8793640136719,16107000.0,0.0,0.0,0.99
MSFT,2025-07-25 00:00:00-04:00,507.4537883180946,513.216827976129,505.364456023215,508.68170166015625,19125700.0,0.0,0.0,0.55
MSFT,2025-07-28 00:00:00-04:00,509.04804137949895,509.9590192096989,505.1267813382861,507.4834899902344,14308000.0,0.0,0.0,-0.24
MSFT,2025-07-29 00:00:00-04:00,510.4838436674275,512.5533521818816,506.5526719682665,507.55279541015625,16469200.0,0.0,0.0,0.01
MSFT,2025-07-30 00:00:00-04:00,510.12731827097724,510.89971236727115,504.4534248625209,508.2162170410156,26380400.0,0.0,0.0,0.13
MSFT,2025-07-31 00:00:00-04:00,549.7952354974353,550.0131135040644,526.6936395202101,528.2779541015625,51617300.0,0.0,0.0,3.95
MSFT,2025-08-01 00:00:00-04:00,529.7632164041114,530.5553736121248,515.7616096000787,518.9797973632812,28977600.0,0.0,0.0,-1.76
MSFT,2025-08-04 00:00:00-04:00,523.0990575737549,532.9813491761439,522.9604134562841,530.3969116210938,25349000.0,0.0,0.0,2.2
MSFT,2025-08-05 00:00:00-04:00,531.9218555369729,532.0406760929504,522.0791498987046,522.5841674804688,19171600.0,0.0,0.0,-1.47
MSFT,2025-08-06 00:00:00-04:00,525.70337986457,526.4955370830186,518.9006307843745,519.8016967773438,21355700.0,0.0,0.0,-0.53
MSFT,2025-08-07 00:00:00-04:00,521.6434435727333,522.9208551796034,512.483986539974,515.7418212890625,16079100.0,0.0,0.0,-0.78
MSFT,2025-08-08 00:00:00-04:00,517.4845698020915,519.524403327164,514.3257923084495,516.9300537109375,15531000.0,0.0,0.0,0.23
MSFT,2025-08-11 00:00:00-04:00,517.1875615378566,522.4258201385037,514.6327984158801,516.6627807617188,20194400.0,0.0,0.0,-0.05
MSFT,2025-08-12 00:00:00-04:00,518.6233183732385,525.7825288027884,517.5836082950698,524.0595703125,18667000.0,0.0,0.0,1.43
MSFT,2025-08-13 00:00:00-04:00,526.9014833945702,527.4857348349631,514.2861971986356,515.484375,19619200.0,0.0,0.0,-1.64
MSFT,2025-08-14 00:00:00-04:00,517.445017549053,520.8018496782777,515.0487221853349,517.3657836914062,20269100.0,0.0,0.0,0.36
MSFT,2025-08-15 00:00:00-04:00,517.6529556536844,520.9503168823401,513.9990723038397,515.078369140625,25213300.0,0.0,0.0,-0.44
MSFT,2025-08-18 00:00:00-04:00,516.4844919382945,517.7024328589179,508.9885829187347,512.0383911132812,23760600.0,0.0,0.0,-0.59
MSFT,2025-08-19 00:00:00-04:00,509.9589996924715,510.11740696385556,503.5721224631474,504.7801818847656,21481000.0,0.0,0.0,-1.42
MSFT,2025-08-20 00:00:00-04:00,504.87920872605446,505.9981527246316,499.5023667236012,500.76983642578125,27723000.0,0.0,0.0,-0.79
MSFT,2025-08-21 00:00:00-04:00,499.57962247206007,503.48747238505433,498.6175369804135,500.1251220703125,18443300.0,0.83,0.0,-0.13
MSFT,2025-08-22 00:00:00-04:00,500.1350363394598,506.56216679087737,498.310055406757,503.0907287597656,24324200.0,0.0,0.0,0.59
MSFT,2025-08-25 00:00:00-04:00,502.4956437530773,504.04291093011733,500.00611695670057,500.1449890136719,21638600.0,0.0,0.0,-0.59
MSFT,2025-08-26 00:00:00-04:00,500.24412923099453,500.8590951140394,494.44189267773186,497.9430847167969,30835700.0,0.0,0.0,-0.44
MSFT,2025-08-27 00:00:00-04:00,497.90339657266526,503.1502356611414,495.82052770460996,502.6047058105469,17277900.0,0.0,0.0,0.94
MSFT,2025-08-28 00:00:00-04:00,502.9518399416591,506.919197559233,501.3748189208979,505.4810485839844,18015600.0,0.0,0.0,0.57
MSFT,2025-08-29 00:00:00-04:00,504.5090396010348,505.44137107101903,500.3730559294206,502.55511474609375,20961600.0,0.0,0.0,-0.58
MSFT,2025-09-02 00:00:00-04:00,496.3859077753076,501.87077891116434,492.75577163159113,500.9979553222656,18128000.0,0.0,0.0,-0.31
MSFT,2025-09-03 00:00:00-04:00,499.67883751509856,503.6461955733364,498.2208322179546,501.2261047363281,16345100.0,0.0,0.0,0.05
MSFT,2025-09-04 00:00:00-04:00,500.1846427841772,504.00323087503085,499.0440334241921,503.82470703125,15509500.0,0.0,0.0,0.52
MSFT,2025-09-05 00:00:00-04:00,504.9157294675595,507.79205789513924,488.35199810583333,490.9605407714844,31994800.0,0.0,0.0,-2.55
MSFT,2025-09-08 00:00:00-04:00,494.0451377441344,497.1099483047291,490.990285532587,494.1344299316406,16771000.0,0.0,0.0,0.65
MSFT,2025-09-09 00:00:00-04:00,497.33805669614713,498.15137232357364,493.63851485593227,494.34271240234375,14410500.0,0.0,0.0,0.04
MSFT,2025-09-10 00:00:00-04:00,498.8754294126598,499.1233892811019,492.66650462093776,496.2867126464844,21611800.0,0.0,0.0,0.39
MSFT,2025-09-11 00:00:00-04:00,498.15138006137016,499.0638857033828,493.8170463660224,496.9215087890625,18881600.0,0.0,0.0,0.13
MSFT,2025-09-12 00:00:00-04:00,502.5154742767582,508.367321245748,499.73833579713096,505.73895263671875,23624900.0,0.0,0.0,1.77
MSFT,2025-09-15 00:00:00-04:00,504.6379958107742,511.26344571936806,502.8625947427051,511.15435791015625,17143800.0,0.0,0.0,1.07
MSFT,2025-09-16 00:00:00-04:00,512.6620043570016,513.0091239663263,504.4495745277025,504.885986328125,19711900.0,0.0,0.0,-1.23
MSFT,2025-09-17 00:00:00-04:00,506.4530503919847,507.1175961354426,501.80132099339164,505.8579406738281,15816600.0,0.0,0.0,0.19
MSFT,2025-09-18 00:00:00-04:00,507.31595138937655,508.883074673213,503.5172196080818,504.30078125,18913700.0,0.0,0.0,-0.31
MSFT,2025-09-19 00:00:00-04:00,506.39351766303514,515.0621842649809,506.1455578149837,513.703369140625,52474100.0,0.0,0.0,1.86
MSFT,2025-09-22 00:00:00-04:00,511.3825425873763,513.5149611406991,508.35738375283694,510.2518310546875,20009300.0,0.0,0.0,-0.67
MSFT,2025-09-23 00:00:00-04:00,509.60711582016205,510.3907077578639,503.17008724169204,505.0744323730469,19799600.0,0.0,0.0,-1.01
MSFT,2025-09-24 00:00:00-04:00,506.215041937542,508.29788064425674,502.7832857896144,505.9869079589844,13533700.0,0.0,0.0,0.18
MSFT,2025-09-25 00:00:00-04:00,504.1519591362548,505.8480263178102,500.91858324777104,502.892333984375,15786500.0,0.0,0.0,-0.61
MSFT,2025-09-26 00:00:00-04:00,505.8976246789574,509.74596656687834,502.4856945681329,507.28619384765625,16213100.0,0.0,0.0,0.87
MSFT,2025-09-29 00:00:00-04:00,507.3258652143003,512.6321819161793,504.7272507672145,510.4005432128906,17617800.0,0.0,0.0,0.61
MSFT,2025-09-30 00:00:00-04:00,509.05168089535164,513.9315141469417,505.5009089039439,513.7232666015625,19728200.0,0.0,0.0,0.65
MSFT,2025-10-01 00:00:00-04:00,510.5989672146665,516.262392605391,507.5143608700387,515.4689331054688,22632300.0,0.0,0.0,0.34
MSFT,2025-10-02 00:00:00-04:00,513.4158303625842,517.343476169315,506.5126054199375,511.53131103515625,21222900.0,0.0,0.0,-0.76
MSFT,2025-10-03 00:00:00-04:00,512.8801529316524,516.2425031799986,510.7973143114264,513.1281127929688,15112300.0,0.0,0.0,0.31
MSFT,2025-10-06 00:00:00-04:00,514.377848960065,526.6965386672223,513.9712214168786,524.256591796875,21388600.0,0.0,0.0,2.17
MSFT,2025-10-07 00:00:00-04:00,523.9788048028778,525.4764919541412,517.1847292577561,519.7039794921875,14615200.0,0.0,0.0,-0.87
MSFT,2025-10-08 00:00:00-04:00,519.0098207695767,522.6498549115006,518.8213688365025,520.5669555664062,13363400.0,0.0,0.0,0.17
MSFT,2025-10-09 00:00:00-04:00,518.07745494396,520.0512058016051,513.1777655449532,518.136962890625,18343600.0,0.0,0.0,-0.47
MSFT,2025-10-10 00:00:00-04:00,515.3994727403434,519.3073226434543,505.47115003636685,506.790283203125,24133800.0,0.0,0.0,-2.19
MSFT,2025-10-13 00:00:00-04:00,512.1957373474249,512.1957373474249,507.50435654569844,509.8550109863281,14284200.0,0.0,0.0,0.6
MSFT,2025-10-14 00:00:00-04:00,506.0662576446326,511.07506506957225,501.87076583985106,509.3789978027344,14684300.0,0.0,0.0,-0.09
MSFT,2025-10-15 00:00:00-04:00,510.75765569343554,512.9694382549203,505.838110317394,509.2401123046875,14694700.0,0.0,0.0,-0.03
MSFT,2025-10-16 00:00:00-04:00,508.3970827878481,512.6321960787722,503.9833851231019,507.4349670410156,15559600.0,0.0,0.0,-0.35
MSFT,2025-10-17 00:00:00-04:00,504.8859867353243,511.2734052578957,503.1700935064365,509.3889465332031,19867800.0,0.0,0.0,0.39
MSFT,2025-10-20 00:00:00-04:00,510.4104293345006,514.4670788802013,509.2400661752128,512.5726318359375,14665600.0,0.0,0.0,0.63
MSFT,2025-10-21 00:00:00-04:00,513.2770012430817,514.4572928075203,508.85337476268893,513.4356689453125,15586200.0,0.0,0.0,0.17
MSFT,2025-10-22 00:00:00-04:00,516.8971823641815,520.943843958813,513.4852520447155,516.2921142578125,18962700.0,0.0,0.0,0.56
MSFT,2025-10-23 00:00:00-04:00,518.1964086283891,519.6742395740552,514.3777908083965,516.3118896484375,14023500.0,0.0,0.0,0.0
MSFT,2025-10-24 00:00:00-04:00,518.5237814648117,521.0628883153897,516.4607987679614,519.3370971679688,15532400.0,0.0,0.0,0.59
MSFT,2025-10-27 00:00:00-04:00,527.440505176098,530.2176440204488,524.6930900412312,527.1826171875,18734700.0,0.0,0.0,1.51
MSFT,2025-10-28 00:00:00-04:00,545.511702993095,549.2013167264516,536.3570441492753,537.6464233398438,29986700.0,0.0,0.0,1.98
MSFT,2025-10-29 00:00:00-04:00,540.4930267482002,541.8121902511471,532.3500025514267,537.1306762695312,36023000.0,0.0,0.0,-0.1
MSFT,2025-10-30 00:00:00-04:00,526.1509968235328,530.6043464776645,517.8592331602406,521.4695434570312,41023100.0,0.0,0.0,-2.92
MSFT,2025-10-31 00:00:00-04:00,524.5640198650095,525.0004316167937,510.896444053691,513.5843505859375,34006400.0,0.0,0.0,-1.51
MSFT,2025-11-03 00:00:00-05:00,515.5680732671589,520.6760707602963,510.3907002836433,512.810791015625,22374700.0,0.0,0.0,-0.15
MSFT,2025-11-04 00:00:00-05:00,507.5837777929312,511.3428275978434,503.6957537451755,510.1328125,20958700.0,0.0,0.0,-0.52
MSFT,2025-11-05 00:00:00-05:00,509.1111488921848,510.6286922229766,502.4459869529857,503.0212707519531,23024300.0,0.0,0.0,-1.39
MSFT,2025-11-06 00:00:00-05:00,501.5335702984596,501.5732523540539,491.7639450704796,493.0434265136719,27406500.0,0.0,0.0,-1.98
MSFT,2025-11-07 00:00:00-05:00,492.89463000746537,495.30479262227396,489.2248119110569,492.76568603515625,24019800.0,0.0,0.0,-0.06
MSFT,2025-11-10 00:00:00-05:00,495.95940345274505,502.7138276367279,494.72950196106785,501.8707580566406,26101500.0,0.0,0.0,1.85
MSFT,2025-11-11 00:00:00-05:00,500.68055811559174,505.4414057875519,498.2505695472254,504.5289001464844,17980000.0,0.0,0.0,0.53
MSFT,2025-11-12 00:00:00-05:00,505.203338237195,507.494515261433,495.0469117437556,506.9688415527344,26574900.0,0.0,0.0,0.48
MSFT,2025-11-13 00:00:00-05:00,506.1455630365654,509.309533151825,497.1991825232493,499.182861328125,25273100.0,0.0,0.0,-1.54
MSFT,2025-11-14 00:00:00-05:00,494.16416907736203,507.42505738590404,493.38060745410195,506.0166320800781,28505700.0,0.0,0.0,1.37
MSFT,2025-11-17 00:00:00-05:00,504.300789978241,507.94082387806293,500.7896697837805,503.3486022949219,19092800.0,0.0,0.0,-0.53
MSFT,2025-11-18 00:00:00-05:00,491.3275301094218,498.87544447228873,482.8076324047851,489.76043701171875,33815100.0,0.0,0.0,-2.7
MSFT,2025-11-19 00:00:00-05:00,486.1005289347495,491.14898819063853,478.88983663624714,483.14483642578125,23245300.0,0.0,0.0,-1.35
MSFT,2025-11-20 00:00:00-05:00,489.60385435710714,490.45844852333465,472.50235794747454,475.41387939453125,26802500.0,0.91,0.0,-1.6
MSFT,2025-11-21 00:00:00-05:00,475.4834301610789,475.9007957312625,465.3179114267742,469.1436462402344,31769200.0,0.0,0.0,-1.32
MSFT,2025-11-24 00:00:00-05:00,472.0055061050608,473.89352206444323,465.0694984877541,471.0118103027344,34421000.0,0.0,0.0,0.4
MSFT,2025-11-25 00:00:00-05:00,471.08139630740516,476.12935785467323,461.95927573241335,473.98297119140625,28019800.0,0.0,0.0,0.63
MSFT,2025-11-26 00:00:00-05:00,483.244222260298,485.23161394332453,478.1664510662567,482.4393310546875,25709100.0,0.0,0.0,1.78
MSFT,2025-11-28 00:00:00-05:00,484.5260924315005,489.5243812398697,483.5820692635899,488.9082946777344,14386700.0,0.0,0.0,1.34
MSFT,2025-12-01 00:00:00-05:00,485.3608038657598,486.77183499200703,481.59468809959253,483.6715087890625,23964000.0,0.0,0.0,-1.07
MSFT,2025-12-02 00:00:00-05:00,483.6516286444489,490.38888506208144,483.2541563831954,486.91094970703125,19562700.0,0.0,0.0,0.67
MSFT,2025-12-03 00:00:00-05:00,473.31720798581483,481.18726202656165,472.20427350128017,474.71832275390625,34615100.0,0.0,0.0,-2.5
MSFT,2025-12-04 00:00:00-05:00,476.7355376297969,478.28570075231454,473.48613274494215,477.8087158203125,22318200.0,0.0,0.0,0.65
MSFT,2025-12-05 00:00:00-05:00,479.4781253050461,480.35258253184975,475.86108806940297,480.1141052246094,22608700.0,0.0,0.0,0.48
MSFT,2025-12-08 00:00:00-05:00,481.8331697469475,489.19642891935564,481.3263751862239,487.92449951171875,21965900.0,0.0,0.0,1.63
MSFT,2025-12-09 00:00:00-05:00,486.016607703579,489.01755801519323,485.42038417588924,488.9181823730469,14696100.0,0.0,0.0,0.2
MSFT,2025-12-10 00:00:00-05:00,480.97857754952304,481.19719183884354,472.084987996716,475.5430603027344,35756200.0,0.0,0.0,-2.74
MSFT,2025-12-11 00:00:00-05:00,473.6252734590456,482.96600869209163,472.86010822118624,480.4221496582031,24669200.0,0.0,0.0,1.03
MSFT,2025-12-12 00:00:00-05:00,476.79515128743174,479.4085762318817,473.3370788032073,475.5132751464844,21248100.0,0.0,0.0,-1.02
MSFT,2025-12-15 00:00:00-05:00,477.0733420562278,477.6894285774835,469.5411111878212,471.8266296386719,23727700.0,0.0,0.0,-0.78
MSFT,2025-12-16 00:00:00-05:00,468.9350114671635,474.87732355778707,467.911505956298,473.38677978515625,20705600.0,0.0,0.0,0.33
MSFT,2025-12-17 00:00:00-05:00,473.903466892556,476.9739832708393,472.0055042784347,473.1184387207031,24527200.0,0.0,0.0,-0.06
MSFT,2025-12-18 00:00:00-05:00,475.1754171439269,486.51349034093164,474.87732052138307,480.9289245605469,28573500.0,0.0,0.0,1.65
MSFT,2025-12-19 00:00:00-05:00,484.2875835443981,484.7745151206103,479.44828972039977,482.856689453125,70836100.0,0.0,0.0,0.4
MSFT,2025-12-22 00:00:00-05:00,483.05539282771,485.6489546100234,479.6470235443271,481.86297607421875,16963000.0,0.0,0.0,-0.21
MSFT,2025-12-23 00:00:00-05:00,481.922585996358,484.75459468390824,481.6840783901604,483.7807922363281,14683600.0,0.0,0.0,0.4
MSFT,2025-12-24 00:00:00-05:00,482.6181454723109,486.0762176057581,481.77349801821515,484.9433898925781,5855900.0,0.0,0.0,0.24
MSFT,2025-12-26 00:00:00-05:00,483.64168016456847,485.0427948985028,482.8964083055729,484.6353759765625,8842200.0,0.0,0.0,-0.06
MSFT,2025-12-29 00:00:00-05:00,481.80333660098637,485.27135560420123,481.1276307272214,484.02923583984375,10893400.0,0.0,0.0,-0.13
MSFT,2025-12-30 00:00:00-05:00,482.8666136001516,486.5929730105466,482.43933166580535,484.4068603515625,13944500.0,0.0,0.0,0.08
MSFT,2025-12-31 00:00:00-05:00,484.76453377627826,485.0626606980731,480.25314655477007,480.5711364746094,15601600.0,0.0,0.0,-0.79
MSFT,2026-01-02 00:00:00-05:00,481.3363251826272,481.6046121327098,467.1960229709088,469.95849609375,25571600.0,0.0,0.0,-2.21
MSFT,2026-01-05 00:00:00-05:00,471.0714124582114,473.0687506521617,466.54016219074447,469.8690490722656,25250300.0,0.0,0.0,-0.02
MSFT,2026-01-06 00:00:00-05:00,470.81304872472026,475.7219083069673,466.78859294331005,475.4933776855469,23037700.0,0.0,0.0,1.2
MSFT,2026-01-07 00:00:00-05:00,476.73554642416184,486.61288592496,474.9369593023546,480.4221496582031,25564200.0,0.0,0.0,1.04
MSFT,2026-01-08 00:00:00-05:00,478.20618966596595,479.6172511411785,472.86010104573086,475.0959167480469,18162600.0,0.0,0.0,-1.11
MSFT,2026-01-09 00:00:00-05:00,471.07145138115897,476.7951491709672,469.2231916595613,476.258544921875,18491000.0,0.0,0.0,0.24
MSFT,2026-01-12 00:00:00-05:00,473.6649886945649,477.95773148860775,472.68120923483104,474.1717529296875,23519900.0,0.0,0.0,-0.44
MSFT,2026-01-13 00:00:00-05:00,471.68755017526297,472.78062170166186,463.01260460367837,467.7028503417969,28545800.0,0.0,0.0,-1.36
MSFT,2026-01-14 00:00:00-05:00,463.51936213123724,465.24841354789686,454.2879494306214,456.4840087890625,28184300.0,0.0,0.0,-2.4
MSFT,2026-01-15 00:00:00-05:00,461.1940901109254,461.32327541703046,453.02590941718984,453.7811279296875,23225800.0,0.0,0.0,-0.59
MSFT,2026-01-16 00:00:00-05:00,454.9437362325269,460.26996150673693,453.60227115836847,456.9609375,34246700.0,0.0,0.0,0.7
MSFT,2026-01-20 00:00:00-05:00,448.37541805572727,453.92022725149957,446.44764578645413,451.65460205078125,26130000.0,0.0,0.0,-1.16
MSFT,2026-01-21 00:00:00-05:00,449.74673993987386,449.836168925793,435.9144806057656,441.31024169921875,37980500.0,0.0,0.0,-2.29
MSFT,2026-01-22 00:00:00-05:00,444.79810039972057,449.9851935867555,441.89652570286836,448.2959289550781,25349400.0,0.0,0.0,1.58
MSFT,2026-01-23 00:00:00-05:00,449.02131930234236,468.1301005814363,447.6897705604439,463.0125732421875,38000200.0,0.0,0.0,3.28
MSFT,2026-01-26 00:00:00-05:00,462.3766075757791,471.2602507862521,459.0874767807031,467.3152770996094,29291200.0,0.0,0.0,0.93
MSFT,2026-01-27 00:00:00-05:00,470.7137217228436,479.82589540353166,470.17711748937944,477.5503234863281,29213900.0,0.0,0.0,2.19
MSFT,2026-01-28 00:00:00-05:00,480.16374552458444,480.69040309270366,474.9865988275796,478.5937194824219,36875400.0,0.0,0.0,0.22
MSFT,2026-01-29 00:00:00-05:00,437.21619626544543,439.71038237575016,418.365786117595,430.7671203613281,128855300.0,0.0,0.0,-9.99
MSFT,2026-01-30 00:00:00-05:00,436.4014165119217,436.8286984461687,423.7616041817895,427.577392578125,58566800.0,0.0,0.0,-0.74
MSFT,2026-02-02 00:00:00-05:00,427.5276741085398,428.02452201181774,419.58805431821895,420.70098876953125,42219900.0,0.0,0.0,-1.61
MSFT,2026-02-03 00:00:00-05:00,419.3496095186449,419.3893355198486,405.98438775489564,408.61767578125,61424100.0,0.0,0.0,-2.87
MSFT,2026-02-04 00:00:00-05:00,408.40896545860215,417.15347618992746,406.66005118226167,411.578857421875,45012400.0,0.0,0.0,0.72
MSFT,2026-02-05 00:00:00-05:00,404.87141244319446,405.72597626088844,389.84673704915224,391.188232421875,66289200.0,0.0,0.0,-4.95
MSFT,2026-02-06 00:00:00-05:00,396.6535630940219,399.25704122003975,390.4429643868461,398.61114501953125,53515300.0,0.0,0.0,1.9
MSFT,2026-02-09 00:00:00-05:00,402.2977759502542,412.2744908996196,398.3428555009064,410.99261474609375,45480500.0,0.0,0.0,3.11
MSFT,2026-02-10 00:00:00-05:00,416.97464756162884,421.0090502850332,410.0982892644293,410.6646728515625,44857900.0,0.0,0.0,-0.08
MSFT,2026-02-11 00:00:00-05:00,413.5563153661985,413.8345489802859,398.4819668946231,401.8207702636719,42491000.0,0.0,0.0,-2.15
MSFT,2026-02-12 00:00:00-05:00,402.44681466699853,403.6392618034954,395.50089045865866,399.3067321777344,40802400.0,0.0,0.0,-0.63
MSFT,2026-02-13 00:00:00-05:00,401.900312028468,402.98343690196634,395.54063411681335,398.7900390625,34091600.0,0.0,0.0,-0.13
MSFT,2026-02-17 00:00:00-05:00,396.70323107498865,397.99502346077054,392.0427954340728,394.35809326171875,32078800.0,0.0,0.0,-1.11
MSFT,2026-02-18 00:00:00-05:00,395.62013745533494,400.02220283554806,393.82155037537984,397.08087158203125,23223400.0,0.0,0.0,0.69
MSFT,2026-02-19 00:00:00-05:00,399.07278661262325,402.7976819572589,395.0690225854118,396.8517761230469,28234000.0,0.91,0.0,-0.06
MSFT,2026-02-20 00:00:00-05:00,394.51123443489973,398.5050592846536,393.56508699389525,395.6267395019531,34015200.0,0.0,0.0,-0.31
MSFT,2026-02-23 00:00:00-05:00,393.405742102137,393.7642745182822,381.55377772275136,382.9182434082031,43238300.0,0.0,0.0,-3.21
MSFT,2026-02-24 00:00:00-05:00,382.5895619940176,387.78846403174964,380.1693467763097,387.429931640625,33884700.0,0.0,0.0,1.18
MSFT,2026-02-25 00:00:00-05:00,388.95376053046306,399.84960746436826,388.5852587696308,398.9831237792969,43625500.0,0.0,0.0,2.98
MSFT,2026-02-26 00:00:00-05:00,403.0765245044552,405.8453028142193,397.1306190557743,400.0986022949219,34405900.0,0.0,0.0,0.28
MSFT,2026-02-27 00:00:00-05:00,389.30236795593413,395.2183958601928,388.30640407164015,391.15484619140625,51367200.0,0.0,0.0,-2.24
MSFT,2026-03-02 00:00:00-05:00,391.2743390590049,399.57073485574693,389.0533591512552,396.9413757324219,35474900.0,0.0,0.0,1.48
MSFT,2026-03-03 00:00:00-05:00,391.5532542396072,405.05852201627056,391.0851500003899,402.2996826171875,38199200.0,0.0,0.0,1.35
MSFT,2026-03-04 00:00:00-05:00,399.6504140582061,409.3710312257941,398.69429724653685,403.5645751953125,35808000.0,0.0,0.0,0.31
MSFT,2026-03-05 00:00:00-05:00,402.78771732924594,409.9486695143622,402.7677785996419,409.0224304199219,39001300.0,0.0,0.0,1.35
MSFT,2026-03-06 00:00:00-05:00,407.54843921074234,411.38287590243635,406.8612216895844,407.30938720703125,31123900.0,0.0,0.0,-0.42
MSFT,2026-03-09 00:00:00-04:00,403.2857003455267,408.55432729115563,401.8714182880504,407.757568359375,30131900.0,0.0,0.0,0.11
MSFT,2026-03-10 00:00:00-04:00,408.37506928692744,408.5443965203919,401.30371964643086,404.122314453125,31706400.0,0.0,0.0,-0.89
MSFT,2026-03-11 00:00:00-04:00,403.9330670994013,407.35918518479474,399.96912002302975,403.245849609375,25512100.0,0.0,0.0,-0.22
MSFT,2026-03-12 00:00:00-04:00,402.9968458288957,404.4808221962511,400.0886180975,400.2380065917969,27263900.0,0.0,0.0,-0.75
MSFT,2026-03-13 00:00:00-04:00,399.3815063856616,403.16615688192843,392.65875035547907,393.9534912109375,26848000.0,0.0,0.0,-1.57
MSFT,2026-03-16 00:00:00-04:00,396.4633374914087,399.01300251860397,393.1965772756644,398.33575439453125,27733700.0,0.0,0.0,1.11
MSFT,2026-03-17 00:00:00-04:00,398.6544574759768,402.7677932271478,396.1446394015159,397.7979431152344,26228300.0,0.0,0.0,-0.14
MSFT,2026-03-18 00:00:00-04:00,395.5271224277118,396.3936061005556,389.42185925959103,390.20867919921875,25908500.0,0.0,0.0,-1.91
MSFT,2026-03-19 00:00:00-04:00,388.52551763585893,390.90585551603124,385.4977789148814,387.4498596191406,25138800.0,0.0,0.0,-0.71
MSFT,2026-03-20 00:00:00-04:00,385.2288602760525,385.43800417098345,378.58576812261686,380.3287048339844,50853200.0,0.0,0.0,-1.84
MSFT,2026-03-23 00:00:00-04:00,382.3505545919761,385.64719283721575,380.1395134056624,381.4541931152344,29680100.0,0.0,0.0,0.3
MSFT,2026-03-24 00:00:00-04:00,380.8167328036651,380.9263046350485,370.34917314154325,371.2355651855469,42733600.0,0.0,0.0,-2.68
MSFT,2026-03-25 00:00:00-04:00,375.39872248264555,375.5381416220395,368.13813722010167,369.5424499511719,31181200.0,0.0,0.0,-0.46
MSFT,2026-03-26 00:00:00-04:00,369.32332012922615,373.2075730440749,363.7160388213271,364.4928894042969,36836600.0,0.0,0.0,-1.37
MSFT,2026-03-27 00:00:00-04:00,360.43934753557875,360.9871459448897,355.07111764854045,355.3300476074219,37883400.0,0.0,0.0,-2.51
MSFT,2026-03-30 00:00:00-04:00,360.43933630538186,363.88536295562653,354.84202394218255,357.5111999511719,44797000.0,0.0,0.0,0.61
MSFT,2026-03-31 00:00:00-04:00,363.07862179545566,371.3949263066763,361.6046146993887,368.67596435546875,45244400.0,0.0,0.0,3.12
MSFT,2026-04-01 00:00:00-04:00,371.98254731341393,372.48052926345224,366.7139201659809,367.8791809082031,29417200.0,0.0,0.0,-0.22
MSFT,2026-04-02 00:00:00-04:00,365.7278929006101,372.1319638369453,362.680245817395,371.9526672363281,24099100.0,0.0,0.0,1.11
MSFT,2026-04-06 00:00:00-04:00,371.9825539180967,372.22160592655575,368.0086676124431,371.3750305175781,16146600.0,0.0,0.0,-0.16
MSFT,2026-04-07 00:00:00-04:00,368.8452727581139,370.9467724245638,365.080530373921,370.78741455078125,21443300.0,0.0,0.0,-0.16
MSFT,2026-04-08 00:00:00-04:00,383.4261612830284,383.44606961738685,369.91092498913014,372.8191223144531,33064800.0,0.0,0.0,0.55
MSFT,2026-04-09 00:00:00-04:00,370.9965328148009,371.9924966612836,365.5685176937085,371.5642395019531,30435300.0,0.0,0.0,-0.34
MSFT,2026-04-10 00:00:00-04:00,371.47460743717505,374.1238749235223,368.5365019241105,369.37310791015625,28111100.0,0.0,0.0,-0.59
MSFT,2026-04-13 00:00:00-04:00,372.10205289266787,382.98796126737693,369.5225100750242,382.8186340332031,35745800.0,0.0,0.0,3.64
MSFT,2026-04-14 00:00:00-04:00,386.3543213772784,393.09698589720546,384.95994763093,391.5233459472656,37504500.0,0.0,0.0,2.27
MSFT,2026-04-15 00:00:00-04:00,396.3936283702306,412.69755239260473,395.1287651714373,409.5602722167969,45063400.0,0.0,0.0,4.61
MSFT,2026-04-16 00:00:00-04:00,418.16537187855886,419.12151906860663,410.4765600541581,418.56378173828125,41642400.0,0.0,0.0,2.2
MSFT,2026-04-17 00:00:00-04:00,423.10539315661504,429.83808848207923,418.99205736838906,421.0835876464844,48568200.0,0.0,0.0,0.6
MSFT,2026-04-20 00:00:00-04:00,419.4501847919345,421.6213787702164,414.6197538627068,416.38262939453125,27582200.0,0.0,0.0,-1.12
MSFT,2026-04-21 00:00:00-04:00,418.5438369146158,425.45582843737157,415.516128706763,422.4480285644531,32048500.0,0.0,0.0,1.46
MSFT,2026-04-22 00:00:00-04:00,424.4698510786937,431.9495495900464,421.9600330275293,431.1726989746094,29378200.0,0.0,0.0,2.07
MSFT,2026-04-23 00:00:00-04:00,418.19529609754903,421.9500690544079,409.7495112929088,414.0719909667969,38308000.0,0.0,0.0,-3.97
MSFT,2026-04-24 00:00:00-04:00,415.28707116170386,423.23487407473965,414.12178001797366,422.90618896484375,27457400.0,0.0,0.0,2.13
MSFT,2026-04-27 00:00:00-04:00,420.6752229306716,425.38611256831246,415.3866572294081,423.1053771972656,30867300.0,0.0,0.0,0.05
MSFT,2026-04-28 00:00:00-04:00,422.8563830057505,428.1847957314844,420.197146128082,427.5174865722656,30438100.0,0.0,0.0,1.04
MSFT,2026-04-29 00:00:00-04:00,422.8663369761165,425.0973167681131,418.59367375245296,422.746826171875,38288300.0,0.0,0.0,-1.12
MSFT,2026-04-30 00:00:00-04:00,409.15192465494977,412.74737011555624,396.4035989759817,406.1341552734375,70909400.0,0.0,0.0,-3.93
MSFT,2026-05-01 00:00:00-04:00,411.1338775963461,415.4264794885345,408.7834174283456,412.76727294921875,31372400.0,0.0,0.0,1.63
MSFT,2026-05-04 00:00:00-04:00,409.87897009526375,419.0816663151199,409.14193618030583,411.9505615234375,28066500.0,0.0,0.0,-0.2
MSFT,2026-05-05 00:00:00-04:00,413.6437044066962,415.09780308537887,407.1500007946646,409.7196044921875,25700900.0,0.0,0.0,-0.54
MSFT,2026-05-06 00:00:00-04:00,406.3532485673598,416.73120520087787,403.4748984673602,412.2891845703125,30285900.0,0.0,0.0,0.63
MSFT,2026-05-07 00:00:00-04:00,418.41437649189606,426.25263786097554,417.06984955189336,419.07171630859375,34942400.0,0.0,0.0,1.65
MSFT,2026-05-08 00:00:00-04:00,415.70537649227293,416.9403619714099,412.32904436576047,413.44451904296875,33383800.0,0.0,0.0,-1.34
MSFT,2026-05-11 00:00:00-04:00,406.22377045102496,411.02432350049145,403.86334099070683,410.99444580078125,35657900.0,0.0,0.0,-0.59
MSFT,2026-05-12 00:00:00-04:00,412.8071154720842,413.8229876767416,404.9987623844293,406.1241760253906,38594200.0,0.0,0.0,-1.18
MSFT,2026-05-13 00:00:00-04:00,401.57265715241186,404.6700902960666,399.41140211310335,403.57452392578125,29667100.0,0.0,0.0,-0.63
MSFT,2026-05-14 00:00:00-04:00,402.8474630718804,410.17774231087935,399.2619871856725,407.7774658203125,27077500.0,0.0,0.0,1.04
MSFT,2026-05-15 00:00:00-04:00,412.5979239362014,426.4418454559798,411.2434277199191,420.2170715332031,50771200.0,0.0,0.0,3.05
MSFT,2026-05-18 00:00:00-04:00,414.93848271907115,423.40417602339767,413.9325494355234,421.83056640625,32564100.0,0.0,0.0,0.38
MSFT,2026-05-19 00:00:00-04:00,428.16486989475214,430.9535870211983,414.808990493047,415.7352600097656,33018700.0,0.0,0.0,-1.44
MSFT,2026-05-20 00:00:00-04:00,412.49835957243755,420.3963455784958,409.63991780241736,419.36053466796875,27864000.0,0.0,0.0,0.87
MSFT,2026-05-21 00:00:00-04:00,423.9518891931334,425.5388979071037,414.92886694253497,418.3025207519531,31393500.0,0.91,0.0,-0.25
MSFT,2026-05-22 00:00:00-04:00,418.7517174636334,423.60257118762803,415.54772693408205,417.7835388183594,22390300.0,0.0,0.0,-0.12
MSFT,2026-05-26 00:00:00-04:00,415.6475333356961,418.9812539216563,412.24393696715845,415.248291015625,30398000.0,0.0,0.0,-0.61
MSFT,2026-05-27 00:00:00-04:00,410.23773822181624,415.15846763645,408.8104019854481,411.8946228027344,28901500.0,0.0,0.0,-0.81
MSFT,2026-05-28 00:00:00-04:00,412.2040283766931,428.68298564682067,411.89461329838434,426.18768310546875,47250500.0,0.0,0.0,3.47
MSFT,2026-05-29 00:00:00-04:00,431.7372486144539,449.48383969057267,431.54760317786213,449.3940124511719,79654400.0,0.0,0.0,5.45
MSFT,2026-06-01 00:00:00-04:00,463.96658383705716,465.4438139523178,457.40892124774234,459.6546936035156,53628900.0,0.0,0.0,2.28
MSFT,2026-06-02 00:00:00-04:00,446.0403151791343,452.64787129328397,439.6024225764256,440.48077392578125,37036800.0,0.0,0.0,-4.17
MSFT,2026-06-03 00:00:00-04:00,437.62618910935214,439.56254639446627,423.45285793258154,426.53704833984375,39037000.0,0.0,0.0,-3.17
MSFT,2026-06-04 00:00:00-04:00,434.9911260035114,435.33048350032107,425.60879436274143,427.2456970214844,26899500.0,0.0,0.0,0.17
MSFT,2026-06-05 00:00:00-04:00,427.5351398188391,428.66302140752947,413.6213308264138,415.8870849609375,34782200.0,0.0,0.0,-2.66
MSFT,2026-06-08 00:00:00-04:00,413.3618539280056,416.37616844333525,407.79232157753756,410.9663391113281,32086700.0,0.0,0.0,-1.18
MSFT,2026-06-09 00:00:00-04:00,408.26144336727174,411.20591258759293,397.7312786929967,402.6520080566406,35317300.0,0.0,0.0,-2.02
MSFT,2026-06-10 00:00:00-04:00,397.80110870103243,404.2789346443135,396.41373636313654,396.61334228515625,32576000.0,0.0,0.0,-1.5
MSFT,2026-06-11 00:00:00-04:00,394.46741202742857,396.1043451719433,383.278483574852,389.6065673828125,47224100.0,0.0,0.0,-1.77
MSFT,2026-06-12 00:00:00-04:00,390.6945042817559,391.003919361718,381.55171206615995,390.00579833984375,34865800.0,0.0,0.0,0.1
MSFT,2026-06-15 00:00:00-04:00,396.05442037645633,400.99513175706005,392.11186050588947,399.0088806152344,32266400.0,0.0,0.0,2.31
MSFT,2026-06-16 00:00:00-04:00,395.0463355104342,396.094350419825,389.9559121071713,393.0899963378906,31506800.0,0.0,0.0,-1.48
MSFT,2026-06-17 00:00:00-04:00,389.51671695343225,389.6364865987809,376.6110198431126,378.1980285644531,41987800.0,0.0,0.0,-3.79
MSFT,2026-06-18 00:00:00-04:00,377.11008548581106,380.6534028700893,372.5786075934489,378.6871032714844,59714200.0,0.0,0.0,0.13
MSFT,2026-06-22 00:00:00-04:00,375.0339909424311,380.9129385065033,366.3802985575179,366.6497802734375,45171100.0,0.0,0.0,-3.18
MSFT,2026-06-23 00:00:00-04:00,371.6802994138851,376.51120135394876,369.9735210485466,373.23736572265625,40647600.0,0.0,0.0,1.8
MSFT,2026-06-24 00:00:00-04:00,370.87185096853153,378.16811350773463,364.09460041679364,364.7733154296875,44509900.0,0.0,0.0,-2.27
MSFT,2026-06-25 00:00:00-04:00,362.0883479855026,363.5456265920902,348.54386902384044,352.1670227050781,66179000.0,0.0,0.0,-3.46
MSFT,2026-06-26 00:00:00-04:00,356.4789138154501,375.90234020580533,354.762144454129,372.2691955566406,186201600.0,0.0,0.0,5.71
MSFT,2026-06-29 00:00:00-04:00,376.790685328561,379.7850483907747,359.2237492715265,367.8774719238281,51229900.0,0.0,0.0,-1.18
MSFT,2026-06-30 00:00:00-04:00,370.3328407149792,373.44697342275583,366.7595808670141,372.319091796875,44945700.0,0.0,0.0,1.21
MSFT,2026-07-01 00:00:00-04:00,380.1144231011508,388.09939143880604,374.18561213385976,383.5579528808594,48065800.0,0.0,0.0,3.02
MSFT,2026-07-02 00:00:00-04:00,383.7575696594082,391.4630649298244,382.97903650468743,389.7562561035156,42128900.0,0.0,0.0,1.62
MSFT,2026-07-06 00:00:00-04:00,386.31276024010407,388.418780928489,380.5036887115837,386.0133056640625,34224500.0,0.0,0.0,-0.96
MSFT,2026-07-07 00:00:00-04:00,391.75251064257776,394.8267404517197,387.4905448392632,388.109375,29297500.0,0.0,0.0,0.54
MSFT,2026-07-08 00:00:00-04:00,383.3084264217563,384.58602015004215,380.6134873969759,382.6197204589844,25908300.0,0.0,0.0,-1.41
MSFT,2026-07-09 00:00:00-04:00,373.74643420118315,383.92725049460796,372.64849496928053,383.6377868652344,31083200.0,0.0,0.0,0.27
MSFT,2026-07-10 00:00:00-04:00,387.07131223677504,391.1736053926777,380.783162110783,384.37640380859375,24644600.0,0.0,0.0,0.19
MSFT,2026-07-13 00:00:00-04:00,387.02143811329415,392.91034623109437,383.4281962321871,390.2553405761719,28914900.0,0.0,0.0,1.53
MSFT,2026-07-14 00:00:00-04:00,382.1007052927433,387.46061042423804,377.93852713765,384.20672607421875,27863900.0,0.0,0.0,-1.55
MSFT,2026-07-15 00:00:00-04:00,387.07132248997675,398.2103568181361,385.6739591427675,394.8866271972656,36253700.0,0.0,0.0,2.78
MSFT,2026-07-16 00:00:00-04:00,397.56157784187184,405.2271399033625,391.31333055964967,400.3463439941406,37047400.0,0.0,0.0,1.38
MSFT,2026-07-17 00:00:00-04:00,394.1180409920291,397.64143734197864,388.6583483977542,393.08001708984375,33049800.0,0.0,0.0,-1.82
MSFT,2026-07-20 00:00:00-04:00,390.67455694621333,402.4224305318551,388.91785418191677,401.53411865234375,27915800.0,0.0,0.0,2.15
MSFT,2026-07-21 00:00:00-04:00,398.0606303262699,400.7156358198418,395.57531880381754,397.00262451171875,24126600.0,0.0,0.0,-1.13
MSFT,2026-07-22 00:00:00-04:00,398.8291961465565,400.246541441447,386.2329133568751,389.6065673828125,28142500.0,0.0,0.0,-1.86
MSFT,2026-07-23 00:00:00-04:00,389.23725659651495,391.04385321150613,376.68090752842744,380.8630065917969,30351800.0,0.0,0.0,-2.24
MSFT,2026-07-24 00:00:00-04:00,386.32274187573427,388.29903252889795,379.9347732203772,380.9828186035156,27659400.0,0.0,0.0,0.03
MSFT,2026-07-27 00:00:00-04:00,389.3470355932277,393.45931979821836,387.2609663085435,388.368896484375,27856200.0,0.0,0.0,1.94
MSFT,2026-07-28 00:00:00-04:00,392.4212554523594,399.56780545733704,390.5647345556998,392.61090087890625,32367500.0,0.0,0.0,1.09
MSFT,2026-07-29 00:00:00-04:00,392.6607942930367,400.4960502148319,388.00954678983055,389.8061828613281,47209000.0,0.0,0.0,-0.71
MSFT,2026-07-30 00:00:00-04:00,437.07720086969465,457.8281459885008,431.6274684759506,450.2524108886719,110160700.0,0.0,0.0,15.51
MSFT,2026-07-31 00:00:00-04:00,449.1544591210436,465.962813447145,448.4857046349594,463.8468017578125,60846000.0,0.0,0.0,3.02
MSFT,2026-08-03 00:00:00-04:00,475.2353605631651,490.7261876465455,474.10747895013026,486.73370361328125,66762100.0,0.0,0.0,4.93
MSFT,2026-08-04 00:00:00-04:00,479.99640781848416,498.50158065157444,478.2696778930625,491.884033203125,50455500.0,0.0,0.0,1.06
MSFT,2026-08-05 00:00:00-04:00,495.42733843271316,497.3038108374591,484.7674131728324,486.5440673828125,33388900.0,0.0,0.0,-1.09
MSFT,2026-08-06 00:00:00-04:00,487.6319998350186,500.61756372489685,487.60205742358346,498.9207458496094,36441500.0,0.0,0.0,2.54
MSFT,2026-08-07 00:00:00-04:00,498.2719734340298,504.23075699317457,497.79289485093346,499.0505065917969,28846200.0,0.0,0.0,0.03
MSFT,2026-08-10 00:00:00-04:00,502.4940586092805,512.7647021753171,501.32624359045303,505.109130859375,31206100.0,0.0,0.0,1.21
MSFT,2026-08-11 00:00:00-04:00,503.3823542433026,504.38047525067043,498.61133704649393,502.86334228515625,23049800.0,0.0,0.0,-0.44
MSFT,2026-08-12 00:00:00-04:00,499.0505227551261,500.557695253814,490.59643643442394,491.5047302246094,29001500.0,0.0,0.0,-2.26
MSFT,2026-08-13 00:00:00-04:00,492.34314786956145,500.3979918654044,492.0836571155829,495.9463806152344,23039000.0,0.0,0.0,0.9
MSFT,2026-08-14 00:00:00-04:00,495.42733437790497,499.07050046550256,492.991947114923,494.4691467285156,16217600.0,0.0,0.0,-0.3
MSFT,2026-08-17 00:00:00-04:00,489.21906226283284,491.73431632358415,477.51109147171053,479.44744873046875,29635800.0,0.0,0.0,-3.04
MSFT,2026-08-18 00:00:00-04:00,480.6352093836093,483.36006030134655,476.2534434403709,480.72503662109375,24087600.0,0.0,0.0,0.27
MSFT,2026-08-19 00:00:00-04:00,479.16797047398614,488.3806080919379,478.4592826108848,483.3999938964844,19961900.0,0.0,0.0,0.56
MSFT,2026-08-20 00:00:00-04:00,483.29998779296875,484.1600036621094,479.5,481.1499938964844,20020800.0,0.91,0.0,-0.47
MSFT,2026-08-21 00:00:00-04:00,479.8800048828125,486.3599853515625,478.5299987792969,483.239990234375,22510800.0,0.0,0.0,0.43
MSFT,2026-08-24 00:00:00-04:00,483.2099914550781,490.6099853515625,481.8599853515625,487.30999755859375,17230800.0,0.0,0.0,0.84
MSFT,2026-08-25 00:00:00-04:00,485.44000244140625,492.44000244140625,484.29998779296875,491.7099914550781,19519000.0,0.0,0.0,0.9
MSFT,2026-08-26 00:00:00-04:00,487.8500061035156,497.3999938964844,487.30999755859375,496.3699951171875,20758900.0,0.0,0.0,0.95
MSFT,2026-08-27 00:00:00-04:00,494.8800048828125,506.4800109863281,490.0799865722656,505.05999755859375,28688800.0,0.0,0.0,1.75
MSFT,2026-08-28 00:00:00-04:00,505.3299865722656,517.780029296875,504.8699951171875,513.530029296875,29207300.0,0.0,0.0,1.68
MSFT,2026-08-31 00:00:00-04:00,510.3800048828125,512.1900024414062,506.3900146484375,507.2900085449219,27208900.0,0.0,0.0,-1.22
MSFT,2026-09-01 00:00:00-04:00,497.5199890136719,505.9700012207031,496.7799987792969,501.0199890136719,21046900.0,0.0,0.0,-1.24
MSFT,2026-09-02 00:00:00-04:00,499.8500061035156,500.2699890136719,493.80999755859375,496.82000732421875,15336100.0,0.0,0.0,-0.84
MSFT,2026-09-03 00:00:00-04:00,501.6600036621094,515.6500244140625,500.79998779296875,510.1199951171875,24125900.0,0.0,0.0,2.68
MSFT,2026-09-04 00:00:00-04:00,510.0,511.0,499.3599853515625,499.70001220703125,18074400.0,0.0,0.0,-2.04
TSLA,2021-07-14 00:00:00-04:00,223.5833282470703,226.20333862304688,217.6133270263672,217.7933349609375,64923600.0,0.0,0.0,
TSLA,2021-07-15 00:00:00-04:00,219.4633331298828,222.04666137695312,212.6266632080078,216.86666870117188,60628800.0,0.0,0.0,-0.43
TSLA,2021-07-16 00:00:00-04:00,218.22666931152344,218.89999389648438,214.06666564941406,214.74000549316406,49113000.0,0.0,0.0,
TSLA,2021-07-19 00:00:00-04:00,209.9633331298828,215.73333740234375,207.09666442871094,215.4066619873047,63891300.0,0.0,0.0,0.31
TSLA,2021-07-20 00:00:00-04:00,217.3300018310547,220.79666137695312,213.5,220.1666717529297,46461300.0,0.0,0.0,2.21
TSLA,2021-07-21 00:00:00-04:00,219.8699951171875,221.6199951171875,216.76333618164062,218.42999267578125,41859900.0,0.0,0.0,
TSLA,2021-07-22 00:00:00-04:00,218.81333923339844,220.72332763671875,214.86666870117188,216.4199981689453,45317100.0,0.0,0.0,-0.92
TSLA,2021-07-23 00:00:00-04:00,215.45333862304688,216.26666259765625,212.43333435058594,214.4600067138672,43814700.0,0.0,0.0,
TSLA,2021-07-26 00:00:00-04:00,216.99000549316406,222.73333740234375,215.70333862304688,219.2066650390625,76009800.0,0.0,0.0,2.21
TSLA,2021-07-27 00:00:00-04:00,221.13333129882812,222.1666717529297,209.0800018310547,214.92666625976562,98439900.0,0.0,0.0,-1.95
TSLA,2021-07-28 00:00:00-04:00,215.6666717529297,218.32333374023438,213.13333129882812,215.66000366210938,48019800.0,0.0,0.0,0.34
TSLA,2021-07-29 00:00:00-04:00,216.59666442871094,227.89666748046875,216.26666259765625,225.78334045410156,91183800.0,0.0,0.0,4.69
TSLA,2021-07-30 00:00:00-04:00,223.9199981689453,232.50999450683594,223.0,229.06666564941406,88969200.0,0.0,0.0,1.45
TSLA,2021-08-02 00:00:00-04:00,233.3333282470703,242.31333923339844,232.8000030517578,236.55667114257812,100847400.0,0.0,0.0,
TSLA,2021-08-03 00:00:00-04:00,239.6666717529297,240.88333129882812,233.6699981689453,236.5800018310547,64860900.0,0.0,0.0,
TSLA,2021-08-04 00:00:00-04:00,237.0,241.63333129882812,236.30999755859375,236.97332763671875,51007800.0,0.0,0.0,
TSLA,2021-08-05 00:00:00-04:00,238.6666717529297,240.31666564941406,237.1366729736328,238.2100067138672,38758800.0,0.0,0.0,0.52
TSLA,2021-08-06 00:00:00-04:00,237.3000030517578,238.77667236328125,232.5433349609375,233.03334045410156,46869000.0,0.0,0.0,-2.17
TSLA,2021-08-09 00:00:00-04:00,236.72332763671875,239.67666625976562,235.0433349609375,237.9199981689453,44145900.0,0.0,0.0,2.1
TSLA,2021-08-10 00:00:00-04:00,237.99667358398438,238.8633270263672,233.9600067138672,236.663330078125,40296900.0,0.0,0.0,
TSLA,2021-08-11 00:00:00-04:00,237.57000732421875,238.39332580566406,234.73666381835938,235.94000244140625,29401800.0,0.0,0.0,
TSLA,2021-08-12 00:00:00-04:00,235.44667053222656,240.93333435058594,233.13333129882812,240.75,52377300.0,0.0,0.0,2.04
TSLA,2021-08-13 00:00:00-04:00,241.23666381835938,243.3000030517578,238.1133270263672,239.05667114257812,50194500.0,0.0,0.0,
TSLA,2021-08-16 00:00:00-04:00,235.02333068847656,236.5,225.46665954589844,228.72332763671875,68032200.0,0.0,0.0,
TSLA,2021-08-17 00:00:00-04:00,224.22000122070312,224.86000061035156,216.27999877929688,221.90333557128906,71163900.0,0.0,0.0,-2.98
TSLA,2021-08-18 00:00:00-04:00,223.25,231.92333984375,223.11666870117188,229.663330078125,61048200.0,0.0,0.0,
TSLA,2021-08-19 00:00:00-04:00,226.07000732421875,228.85000610351562,222.52999877929688,224.49000549316406,42940500.0,0.0,0.0,
TSLA,2021-08-20 00:00:00-04:00,227.61666870117188,230.7100067138672,224.56666564941406,226.75332641601562,44525700.0,0.0,0.0,1.01
TSLA,2021-08-23 00:00:00-04:00,228.47999572753906,237.3766632080078,226.9166717529297,235.43333435058594,60794700.0,0.0,0.0,3.83
TSLA,2021-08-24 00:00:00-04:00,236.89332580566406,238.4066619873047,234.2133331298828,236.163330078125,39249300.0,0.0,0.0,0.31
TSLA,2021-08-25 00:00:00-04:00,235.67666625976562,238.99000549316406,234.6666717529297,237.06666564941406,37936800.0,0.0,0.0,0.38
TSLA,2021-08-26 00:00:00-04:00,236.10333251953125,238.46665954589844,232.5399932861328,233.72000122070312,39642900.0,0.0,0.0,-1.41
TSLA,2021-08-27 00:00:00-04:00,235.0,238.3333282470703,234.03334045410156,237.30667114257812,41501400.0,0.0,0.0,1.53
TSLA,2021-08-30 00:00:00-04:00,238.24000549316406,243.6666717529297,237.57666015625,243.6366729736328,55812600.0,0.0,0.0,
TSLA,2021-08-31 00:00:00-04:00,244.3333282470703,246.79666137695312,242.14666748046875,245.24000549316406,62566200.0,0.0,0.0,0.66
TSLA,2021-09-01 00:00:00-04:00,244.69332885742188,247.3300018310547,243.7566680908203,244.69667053222656,39612900.0,0.0,0.0,
TSLA,2021-09-02 00:00:00-04:00,244.8333282470703,246.99000549316406,243.51333618164062,244.1300048828125,38331900.0,0.0,0.0,-0.23
TSLA,2021-09-03 00:00:00-04:00,244.0833282470703,244.6666717529297,241.39999389648438,244.52333068847656,45738300.0,0.0,0.0,0.16
TSLA,2021-09-07 00:00:00-04:00,246.6666717529297,253.39999389648438,246.4199981689453,250.97332763671875,60119400.0,0.0,0.0,
TSLA,2021-09-08 00:00:00-04:00,253.86000061035156,254.81666564941406,246.92333984375,251.2899932861328,56379000.0,0.0,0.0,0.13
TSLA,2021-09-09 00:00:00-04:00,251.1366729736328,254.03334045410156,250.5433349609375,251.6199951171875,42233100.0,0.0,0.0,0.13
TSLA,2021-09-10 00:00:00-04:00,253.1999969482422,254.20333862304688,244.83999633789062,245.42333984375,45552600.0,0.0,0.0,-2.46
TSLA,2021-09-13 00:00:00-04:00,246.73666381835938,248.25999450683594,236.28334045410156,247.6666717529297,68857500.0,0.0,0.0,0.91
TSLA,2021-09-14 00:00:00-04:00,247.52333068847656,251.49000549316406,245.46665954589844,248.163330078125,55574700.0,0.0,0.0,0.2
TSLA,2021-09-15 00:00:00-04:00,248.3333282470703,252.2866668701172,246.1199951171875,251.94332885742188,46073100.0,0.0,0.0,1.52
TSLA,2021-09-16 00:00:00-04:00,250.94332885742188,252.97000122070312,249.20333862304688,252.3300018310547,41770200.0,0.0,0.0,0.15
TSLA,2021-09-17 00:00:00-04:00,252.38333129882812,253.67999267578125,250.0,253.163330078125,84612600.0,0.0,0.0,0.33
TSLA,2021-09-20 00:00:00-04:00,244.85333251953125,247.3333282470703,239.5399932861328,243.38999938964844,74273100.0,0.0,0.0,-3.86
TSLA,2021-09-21 00:00:00-04:00,244.92999267578125,248.24667358398438,243.47999572753906,246.4600067138672,48992100.0,0.0,0.0,1.26
TSLA,2021-09-22 00:00:00-04:00,247.8433380126953,251.22332763671875,246.3733367919922,250.64666748046875,45378900.0,0.0,0.0,1.7
TSLA,2021-09-23 00:00:00-04:00,251.6666717529297,252.73333740234375,249.30667114257812,251.2133331298828,35842500.0,0.0,0.0,0.23
TSLA,2021-09-24 00:00:00-04:00,248.6300048828125,258.26666259765625,248.18666076660156,258.1300048828125,64119000.0,0.0,0.0,2.75
TSLA,2021-09-27 00:00:00-04:00,257.7066650390625,266.3333435058594,256.4366760253906,263.78668212890625,84212100.0,0.0,0.0,2.19
TSLA,2021-09-28 00:00:00-04:00,262.3999938964844,265.21331787109375,255.39332580566406,259.1866760253906,76144200.0,0.0,0.0,-1.74
TSLA,2021-09-29 00:00:00-04:00,259.9333190917969,264.5,256.8933410644531,260.4366760253906,62828700.0,0.0,0.0,0.48
TSLA,2021-09-30 00:00:00-04:00,260.3333435058594,263.0433349609375,258.3333435058594,258.49334716796875,53868000.0,0.0,0.0,-0.75
TSLA,2021-10-01 00:00:00-04:00,259.4666748046875,260.260009765625,254.52999877929688,258.40667724609375,51094200.0,0.0,0.0,-0.03
TSLA,2021-10-04 00:00:00-04:00,265.5,268.989990234375,258.7066650390625,260.510009765625,91449900.0,0.0,0.0,0.81
TSLA,2021-10-05 00:00:00-04:00,261.6000061035156,265.7699890136719,258.0666809082031,260.1966552734375,55297800.0,0.0,0.0,-0.12
TSLA,2021-10-06 00:00:00-04:00,258.73333740234375,262.2200012207031,257.739990234375,260.9166564941406,43898400.0,0.0,0.0,0.28
TSLA,2021-10-07 00:00:00-04:00,261.82000732421875,268.3333435058594,261.1266784667969,264.53668212890625,57587400.0,0.0,0.0,1.39
TSLA,2021-10-08 00:00:00-04:00,265.4033203125,265.4599914550781,260.3033447265625,261.8299865722656,50215800.0,0.0,0.0,-1.02
TSLA,2021-10-11 00:00:00-04:00,262.54998779296875,267.0799865722656,261.8333435058594,263.9800109863281,42600900.0,0.0,0.0,0.82
TSLA,2021-10-12 00:00:00-04:00,266.9766540527344,270.7733459472656,265.5233459472656,268.5733337402344,66060000.0,0.0,0.0,1.74
TSLA,2021-10-13 00:00:00-04:00,270.15667724609375,271.8033447265625,268.59332275390625,270.3599853515625,42360300.0,0.0,0.0,0.67
TSLA,2021-10-14 00:00:00-04:00,271.8299865722656,273.4166564941406,271.1166687011719,272.7733459472656,36741600.0,0.0,0.0,0.89
TSLA,2021-10-15 00:00:00-04:00,274.5799865722656,281.07000732421875,274.1166687011719,281.010009765625,56773800.0,0.0,0.0,3.02
TSLA,2021-10-18 00:00:00-04:00,283.92999267578125,291.7533264160156,283.8233337402344,290.03668212890625,72621600.0,0.0,0.0,3.21
TSLA,2021-10-19 00:00:00-04:00,292.510009765625,292.6499938964844,287.5033264160156,288.0899963378906,52143300.0,0.0,0.0,-0.67
TSLA,2021-10-20 00:00:00-04:00,288.45001220703125,289.8299865722656,285.7933349609375,288.6000061035156,42096300.0,0.0,0.0,0.18
TSLA,2021-10-21 00:00:00-04:00,285.3333435058594,300.0,285.1666564941406,298.0,94444500.0,0.0,0.0,3.26
TSLA,2021-10-22 00:00:00-04:00,298.5,303.3333435058594,296.9866638183594,303.2266540527344,68642400.0,0.0,0.0,1.75
TSLA,2021-10-25 00:00:00-04:00,316.84332275390625,348.3399963378906,314.73333740234375,341.6199951171875,188556300.0,0.0,0.0,12.66
TSLA,2021-10-26 00:00:00-04:00,341.5633239746094,364.9800109863281,333.8133239746094,339.4766540527344,187245000.0,0.0,0.0,-0.63
TSLA,2021-10-27 00:00:00-04:00,346.5533447265625,356.9599914550781,343.59332275390625,345.9533386230469,115579500.0,0.0,0.0,1.91
TSLA,2021-10-28 00:00:00-04:00,356.10333251953125,360.3333435058594,351.3999938964844,359.0133361816406,81639600.0,0.0,0.0,3.78
TSLA,2021-10-29 00:00:00-04:00,360.6199951171875,371.7366638183594,357.7366638183594,371.3333435058594,89755200.0,0.0,0.0,3.43
TSLA,2021-11-01 00:00:00-04:00,381.6666564941406,403.25,372.88665771484375,402.86334228515625,168146100.0,0.0,0.0,8.49
TSLA,2021-11-02 00:00:00-04:00,386.4533386230469,402.86334228515625,382.0,390.6666564941406,128213400.0,0.0,0.0,-3.03
TSLA,2021-11-03 00:00:00-04:00,392.4433288574219,405.1300048828125,384.2066650390625,404.6199951171875,103885500.0,0.0,0.0,3.57
TSLA,2021-11-04 00:00:00-04:00,411.4700012207031,414.4966735839844,405.6666564941406,409.9700012207031,76192200.0,0.0,0.0,1.32
TSLA,2021-11-05 00:00:00-04:00,409.3333435058594,413.2900085449219,402.6666564941406,407.36334228515625,64886400.0,0.0,0.0,-0.64
TSLA,2021-11-08 00:00:00-05:00,383.2633361816406,399.0,377.6666564941406,387.64666748046875,100337100.0,0.0,0.0,-4.84
TSLA,2021-11-09 00:00:00-05:00,391.20001220703125,391.5,337.17333984375,341.1666564941406,177317400.0,0.0,0.0,-11.99
TSLA,2021-11-10 00:00:00-05:00,336.8033447265625,359.3666687011719,329.10333251953125,355.98333740234375,128408100.0,0.0,0.0,4.34
TSLA,2021-11-11 00:00:00-05:00,367.5899963378906,368.3233337402344,351.55999755859375,354.5033264160156,67189800.0,0.0,0.0,-0.42
TSLA,2021-11-12 00:00:00-05:00,349.1666564941406,351.5,339.73333740234375,344.47332763671875,76719300.0,0.0,0.0,-2.83
TSLA,2021-11-15 00:00:00-05:00,339.2099914550781,343.99334716796875,326.20001220703125,337.7966613769531,104326800.0,0.0,0.0,-1.94
TSLA,2021-11-16 00:00:00-05:00,334.4366760253906,352.3999938964844,334.05999755859375,351.57666015625,79627200.0,0.0,0.0,4.08
TSLA,2021-11-17 00:00:00-05:00,354.5033264160156,373.21331787109375,351.8333435058594,363.0033264160156,94336200.0,0.0,0.0,3.25
TSLA,2021-11-18 00:00:00-05:00,368.8500061035156,370.6666564941406,358.3399963378906,365.4599914550781,62696700.0,0.0,0.0,0.68
TSLA,2021-11-19 00:00:00-05:00,366.2900085449219,379.5733337402344,364.23333740234375,379.0199890136719,64926900.0,0.0,0.0,3.71
TSLA,2021-11-22 00:00:00-05:00,387.4433288574219,400.6499938964844,377.4766540527344,385.6233215332031,99217500.0,0.0,0.0,1.74
TSLA,2021-11-23 00:00:00-05:00,389.1700134277344,393.5,354.23333740234375,369.6766662597656,108515100.0,0.0,0.0,-4.14
TSLA,2021-11-24 00:00:00-05:00,360.1300048828125,377.5899963378906,354.0,372.0,67680600.0,0.0,0.0,0.63
TSLA,2021-11-26 00:00:00-05:00,366.489990234375,369.59332275390625,360.3333435058594,360.6400146484375,35042700.0,0.0,0.0,-3.05
TSLA,2021-11-29 00:00:00-05:00,366.9966735839844,380.8900146484375,366.7300109863281,378.9966735839844,58393500.0,0.0,0.0,5.09
TSLA,2021-11-30 00:00:00-05:00,381.4566650390625,389.3333435058594,372.6666564941406,381.586669921875,81276000.0,0.0,0.0,0.68
TSLA,2021-12-01 00:00:00-05:00,386.8999938964844,390.9466552734375,363.586669921875,365.0,68450400.0,0.0,0.0,-4.35
TSLA,2021-12-02 00:00:00-05:00,366.35333251953125,371.0,352.2166748046875,361.5333251953125,73114800.0,0.0,0.0,-0.95
TSLA,2021-12-03 00:00:00-05:00,361.5966796875,363.52667236328125,333.4033203125,338.3233337402344,92322000.0,0.0,0.0,-6.42
TSLA,2021-12-06 00:00:00-05:00,333.836669921875,340.5466613769531,316.8333435058594,336.336669921875,81663000.0,0.0,0.0,-0.59
TSLA,2021-12-07 00:00:00-05:00,348.0666809082031,352.5566711425781,342.2699890136719,350.5833435058594,56084700.0,0.0,0.0,4.24
TSLA,2021-12-08 00:00:00-05:00,350.9033203125,357.4599914550781,344.3333435058594,356.32000732421875,41906400.0,0.0,0.0,1.64
TSLA,2021-12-09 00:00:00-05:00,353.5466613769531,354.163330078125,334.1199951171875,334.6000061035156,59438400.0,0.0,0.0,-6.1
TSLA,2021-12-10 00:00:00-05:00,336.25,340.32666015625,327.510009765625,339.010009765625,59664300.0,0.0,0.0,1.32
TSLA,2021-12-13 00:00:00-05:00,333.6966552734375,335.0,317.1400146484375,322.13665771484375,78595500.0,0.0,0.0,-4.98
TSLA,2021-12-14 00:00:00-05:00,315.0,322.13665771484375,310.0,319.5033264160156,70806300.0,0.0,0.0,-0.82
TSLA,2021-12-15 00:00:00-05:00,317.7366638183594,326.25,309.4166564941406,325.3299865722656,75169200.0,0.0,0.0,1.82
TSLA,2021-12-16 00:00:00-05:00,331.5,331.6600036621094,307.2833251953125,308.97332763671875,82771500.0,0.0,0.0,-5.03
TSLA,2021-12-17 00:00:00-05:00,304.92333984375,320.2200012207031,303.0133361816406,310.8566589355469,100437300.0,0.0,0.0,0.61
TSLA,2021-12-20 00:00:00-05:00,303.5666809082031,307.2300109863281,297.7966613769531,299.9800109863281,56480100.0,0.0,0.0,-3.5
TSLA,2021-12-21 00:00:00-05:00,305.6233215332031,313.1666564941406,295.3733215332031,312.84332275390625,71517900.0,0.0,0.0,4.29
TSLA,2021-12-22 00:00:00-05:00,321.88665771484375,338.5533447265625,319.01666259765625,336.2900085449219,93634200.0,0.0,0.0,7.49
TSLA,2021-12-23 00:00:00-05:00,335.6000061035156,357.6600036621094,332.5199890136719,355.6666564941406,92713200.0,0.0,0.0,5.76
TSLA,2021-12-27 00:00:00-05:00,357.8900146484375,372.3333435058594,356.90667724609375,364.64666748046875,71145900.0,0.0,0.0,2.52
TSLA,2021-12-28 00:00:00-05:00,369.8299865722656,373.0,359.47332763671875,362.8233337402344,60324000.0,0.0,0.0,-0.5
TSLA,2021-12-29 00:00:00-05:00,366.21331787109375,368.0,354.71331787109375,362.0633239746094,56154000.0,0.0,0.0,-0.21
TSLA,2021-12-30 00:00:00-05:00,353.77667236328125,365.1833190917969,351.04998779296875,356.7799987792969,47040900.0,0.0,0.0,-1.46
TSLA,2021-12-31 00:00:00-05:00,357.8133239746094,360.6666564941406,351.5299987792969,352.260009765625,40733700.0,0.0,0.0,-1.27
TSLA,2022-01-03 00:00:00-05:00,382.5833435058594,400.3566589355469,378.67999267578125,399.9266662597656,103931400.0,0.0,0.0,13.53
TSLA,2022-01-04 00:00:00-05:00,396.51666259765625,402.6666564941406,374.3500061035156,383.1966552734375,100248300.0,0.0,0.0,-4.18
TSLA,2022-01-05 00:00:00-05:00,382.2166748046875,390.11334228515625,360.336669921875,362.7066650390625,80119800.0,0.0,0.0,-5.35
TSLA,2022-01-06 00:00:00-05:00,359.0,362.6666564941406,340.1666564941406,354.8999938964844,90336600.0,0.0,0.0,-2.15
TSLA,2022-01-07 00:00:00-05:00,360.1233215332031,360.30999755859375,336.6666564941406,342.32000732421875,84164700.0,0.0,0.0,-3.54
TSLA,2022-01-10 00:00:00-05:00,333.3333435058594,353.0333251953125,326.6666564941406,352.7066650390625,91815000.0,0.0,0.0,3.03
TSLA,2022-01-11 00:00:00-05:00,351.22332763671875,358.6166687011719,346.2733459472656,354.79998779296875,66063300.0,0.0,0.0,0.59
TSLA,2022-01-12 00:00:00-05:00,359.6166687011719,371.61334228515625,357.5299987792969,368.739990234375,83739000.0,0.0,0.0,3.93
TSLA,2022-01-13 00:00:00-05:00,369.69000244140625,371.8666687011719,342.17999267578125,343.85333251953125,97209900.0,0.0,0.0,-6.75
TSLA,2022-01-14 00:00:00-05:00,339.9599914550781,350.6666564941406,337.7933349609375,349.8699951171875,72924300.0,0.0,0.0,1.75
TSLA,2022-01-18 00:00:00-05:00,342.2033386230469,356.92999267578125,338.6866760253906,343.5033264160156,66743400.0,0.0,0.0,-1.82
TSLA,2022-01-19 00:00:00-05:00,347.2366638183594,351.5566711425781,331.6666564941406,331.8833312988281,75442500.0,0.0,0.0,-3.38
TSLA,2022-01-20 00:00:00-05:00,336.57666015625,347.2200012207031,331.3333435058594,332.0899963378906,70488600.0,0.0,0.0,0.06
TSLA,2022-01-21 00:00:00-05:00,332.11334228515625,334.8500061035156,313.5,314.6333312988281,103416000.0,0.0,0.0,-5.26
TSLA,2022-01-24 00:00:00-05:00,301.586669921875,311.1700134277344,283.8233337402344,310.0,151565700.0,0.0,0.0,-1.47
TSLA,2022-01-25 00:00:00-05:00,304.73333740234375,317.086669921875,301.07000732421875,306.1333312988281,86595900.0,0.0,0.0,-1.25
TSLA,2022-01-26 00:00:00-05:00,317.4766540527344,329.2300109863281,302.0,312.4700012207031,104867400.0,0.0,0.0,2.07
TSLA,2022-01-27 00:00:00-05:00,311.1199951171875,311.7966613769531,276.3333435058594,276.3666687011719,147109500.0,0.0,0.0,-11.55
TSLA,2022-01-28 00:00:00-05:00,277.1866760253906,285.8333435058594,264.0033264160156,282.1166687011719,134789100.0,0.0,0.0,2.08
TSLA,2022-01-31 00:00:00-05:00,290.9033203125,312.663330078125,287.3500061035156,312.239990234375,104436000.0,0.0,0.0,10.68
TSLA,2022-02-01 00:00:00-05:00,311.7366638183594,314.5666809082031,301.6666564941406,310.4166564941406,73138200.0,0.0,0.0,-0.58
TSLA,2022-02-02 00:00:00-05:00,309.3933410644531,310.5,296.4700012207031,301.88665771484375,66792900.0,0.0,0.0,-2.75
TSLA,2022-02-03 00:00:00-05:00,294.0,312.3333435058594,293.50665283203125,297.0466613769531,78855600.0,0.0,0.0,-1.6
TSLA,2022-02-04 00:00:00-05:00,299.0733337402344,312.1666564941406,293.72332763671875,307.7733459472656,73625400.0,0.0,0.0,3.61
TSLA,2022-02-07 00:00:00-05:00,307.92999267578125,315.92333984375,300.9033203125,302.4466552734375,60994500.0,0.0,0.0,-1.73
TSLA,2022-02-08 00:00:00-05:00,301.84332275390625,308.7633361816406,298.26666259765625,307.3333435058594,50729100.0,0.0,0.0,1.62
TSLA,2022-02-09 00:00:00-05:00,311.6666564941406,315.42333984375,306.6666564941406,310.6666564941406,52259400.0,0.0,0.0,1.08
TSLA,2022-02-10 00:00:00-05:00,302.7900085449219,314.60333251953125,298.8999938964844,301.51666259765625,66126900.0,0.0,0.0,-2.95
TSLA,2022-02-11 00:00:00-05:00,303.2099914550781,305.32000732421875,283.5666809082031,286.6666564941406,79645800.0,0.0,0.0,-4.93
TSLA,2022-02-14 00:00:00-05:00,287.19000244140625,299.6266784667969,284.3833312988281,291.9200134277344,67756500.0,0.0,0.0,1.83
TSLA,2022-02-15 00:00:00-05:00,300.0,307.6666564941406,297.7933349609375,307.4766540527344,57286200.0,0.0,0.0,5.33
TSLA,2022-02-16 00:00:00-05:00,304.6833190917969,308.80999755859375,300.4033203125,307.7966613769531,51294300.0,0.0,0.0,0.1
TSLA,2022-02-17 00:00:00-05:00,304.4200134277344,306.1666564941406,291.3666687011719,292.1166687011719,55178400.0,0.0,0.0,-5.09
TSLA,2022-02-18 00:00:00-05:00,295.3333435058594,295.6233215332031,279.2033386230469,285.6600036621094,68501700.0,0.0,0.0,-2.21
TSLA,2022-02-22 00:00:00-05:00,278.0433349609375,285.57666015625,267.0333251953125,273.84332275390625,83288100.0,0.0,0.0,-4.14
TSLA,2022-02-23 00:00:00-05:00,276.80999755859375,278.4333190917969,253.52000427246094,254.67999267578125,95256900.0,0.0,0.0,-7.0
TSLA,2022-02-24 00:00:00-05:00,233.4633331298828,267.49334716796875,233.3333282470703,266.92333984375,135322200.0,0.0,0.0,4.81
TSLA,2022-02-25 00:00:00-05:00,269.74334716796875,273.1666564941406,260.79998779296875,269.9566650390625,76067700.0,0.0,0.0,1.14
TSLA,2022-02-28 00:00:00-05:00,271.6700134277344,292.28668212890625,271.57000732421875,290.1433410644531,99006900.0,0.0,0.0,7.48
TSLA,2022-03-01 00:00:00-05:00,289.8933410644531,296.6266784667969,284.59332275390625,288.1233215332031,74766900.0,0.0,0.0,-0.7
TSLA,2022-03-02 00:00:00-05:00,290.7099914550781,295.49334716796875,281.42333984375,293.2966613769531,74643300.0,0.0,0.0,1.8
TSLA,2022-03-03 00:00:00-05:00,292.92333984375,295.4800109863281,277.5333251953125,279.7633361816406,61623600.0,0.0,0.0,-4.61
TSLA,2022-03-04 00:00:00-05:00,283.0333251953125,285.2166748046875,275.0533447265625,279.42999267578125,66999600.0,0.0,0.0,-0.12
TSLA,2022-03-07 00:00:00-05:00,285.4333190917969,288.71331787109375,268.19000244140625,268.1933288574219,72494100.0,0.0,0.0,-4.02
TSLA,2022-03-08 00:00:00-05:00,265.1766662597656,283.3299865722656,260.72332763671875,274.79998779296875,80399100.0,0.0,0.0,2.46
TSLA,2022-03-09 00:00:00-05:00,279.82666015625,286.85333251953125,277.336669921875,286.3233337402344,59184000.0,0.0,0.0,4.19
TSLA,2022-03-10 00:00:00-05:00,283.8166809082031,284.8166809082031,270.1199951171875,279.4333190917969,58648500.0,0.0,0.0,-2.41
TSLA,2022-03-11 00:00:00-05:00,280.0666809082031,281.26666259765625,264.5899963378906,265.1166687011719,67037100.0,0.0,0.0,-5.12
TSLA,2022-03-14 00:00:00-04:00,260.2033386230469,266.8999938964844,252.01333618164062,255.4566650390625,71152200.0,0.0,0.0,-3.64
TSLA,2022-03-15 00:00:00-04:00,258.42333984375,268.5233459472656,252.19000244140625,267.2966613769531,66841200.0,0.0,0.0,4.63
TSLA,2022-03-16 00:00:00-04:00,269.6666564941406,280.6666564941406,267.4200134277344,280.07666015625,84028800.0,0.0,0.0,4.78
TSLA,2022-03-17 00:00:00-04:00,276.9966735839844,291.6666564941406,275.239990234375,290.5333251953125,66582900.0,0.0,0.0,3.73
TSLA,2022-03-18 00:00:00-04:00,291.4966735839844,302.6166687011719,289.1300048828125,301.7966613769531,100414200.0,0.0,0.0,3.88
TSLA,2022-03-21 00:00:00-04:00,304.99334716796875,314.2833251953125,302.36334228515625,307.0533447265625,81981600.0,0.0,0.0,1.74
TSLA,2022-03-22 00:00:00-04:00,310.0,332.6199951171875,307.25,331.32666015625,105868500.0,0.0,0.0,7.91
TSLA,2022-03-23 00:00:00-04:00,326.64666748046875,346.8999938964844,325.4666748046875,333.03668212890625,120676200.0,0.0,0.0,0.52
TSLA,2022-03-24 00:00:00-04:00,336.57666015625,341.4966735839844,329.6000061035156,337.97332763671875,68920800.0,0.0,0.0,1.48
TSLA,2022-03-25 00:00:00-04:00,336.0,340.6000061035156,332.44000244140625,336.8800048828125,62031600.0,0.0,0.0,-0.32
TSLA,2022-03-28 00:00:00-04:00,355.0333251953125,365.9599914550781,351.20001220703125,363.9466552734375,102506100.0,0.0,0.0,8.03
TSLA,2022-03-29 00:00:00-04:00,369.3299865722656,371.5899963378906,357.7033386230469,366.5233459472656,73614900.0,0.0,0.0,0.71
TSLA,2022-03-30 00:00:00-04:00,363.72332763671875,371.3166809082031,361.3333435058594,364.663330078125,59865000.0,0.0,0.0,-0.51
TSLA,2022-03-31 00:00:00-04:00,364.8566589355469,367.71331787109375,358.8800048828125,359.20001220703125,48992700.0,0.0,0.0,-1.5
TSLA,2022-04-01 00:00:00-04:00,360.3833312988281,364.9166564941406,355.5466613769531,361.5299987792969,54263100.0,0.0,0.0,0.65
TSLA,2022-04-04 00:00:00-04:00,363.1266784667969,383.3033447265625,357.510009765625,381.8166809082031,82035900.0,0.0,0.0,5.61
TSLA,2022-04-05 00:00:00-04:00,378.76666259765625,384.2900085449219,362.4333190917969,363.7533264160156,80075100.0,0.0,0.0,-4.73
TSLA,2022-04-06 00:00:00-04:00,357.8233337402344,359.6666564941406,342.5666809082031,348.586669921875,89348400.0,0.0,0.0,-4.17
TSLA,2022-04-07 00:00:00-04:00,350.7966613769531,358.86334228515625,340.5133361816406,352.4200134277344,79447200.0,0.0,0.0,1.1
TSLA,2022-04-08 00:00:00-04:00,347.7366638183594,349.4800109863281,340.8133239746094,341.8299865722656,55013700.0,0.0,0.0,-3.0
TSLA,2022-04-11 00:00:00-04:00,326.79998779296875,336.15667724609375,324.8800048828125,325.30999755859375,59357100.0,0.0,0.0,-4.83
TSLA,2022-04-12 00:00:00-04:00,332.5466613769531,340.39666748046875,325.5333251953125,328.98333740234375,65976000.0,0.0,0.0,1.13
TSLA,2022-04-13 00:00:00-04:00,327.02667236328125,342.0799865722656,324.3666687011719,340.7900085449219,55121100.0,0.0,0.0,3.59
TSLA,2022-04-14 00:00:00-04:00,333.0966796875,337.57000732421875,327.39666748046875,328.3333435058594,58422300.0,0.0,0.0,-3.66
TSLA,2022-04-18 00:00:00-04:00,329.6766662597656,338.3066711425781,324.4700012207031,334.7633361816406,51715200.0,0.0,0.0,1.96
TSLA,2022-04-19 00:00:00-04:00,335.0199890136719,344.9800109863281,331.77667236328125,342.7166748046875,49847700.0,0.0,0.0,2.38
TSLA,2022-04-20 00:00:00-04:00,343.3333435058594,344.6666564941406,325.0833435058594,325.73333740234375,70711200.0,0.0,0.0,-4.96
TSLA,2022-04-21 00:00:00-04:00,358.24334716796875,364.0733337402344,332.1400146484375,336.260009765625,105416400.0,0.0,0.0,3.23
TSLA,2022-04-22 00:00:00-04:00,338.3033447265625,344.95001220703125,331.3333435058594,335.01666259765625,69696600.0,0.0,0.0,-0.37
TSLA,2022-04-25 00:00:00-04:00,326.3233337402344,336.2066650390625,325.1000061035156,332.67333984375,68341200.0,0.0,0.0,-0.7
TSLA,2022-04-26 00:00:00-04:00,331.80999755859375,333.3333435058594,291.6666564941406,292.1400146484375,136133700.0,0.0,0.0,-12.18
TSLA,2022-04-27 00:00:00-04:00,299.52667236328125,306.0,292.4533386230469,293.836669921875,76956300.0,0.0,0.0,0.58
TSLA,2022-04-28 00:00:00-04:00,299.99334716796875,300.0,273.8999938964844,292.5033264160156,124948500.0,0.0,0.0,-0.45
TSLA,2022-04-29 00:00:00-04:00,300.75,311.4666748046875,290.0,290.2533264160156,88133100.0,0.0,0.0,-0.77
TSLA,2022-05-02 00:00:00-04:00,286.92333984375,302.1199951171875,282.6766662597656,300.9800109863281,75781500.0,0.0,0.0,3.7
TSLA,2022-05-03 00:00:00-04:00,301.05999755859375,308.02667236328125,296.1966552734375,303.0833435058594,63709500.0,0.0,0.0,0.7
TSLA,2022-05-04 00:00:00-04:00,301.3133239746094,318.5,295.09332275390625,317.5400085449219,81643800.0,0.0,0.0,4.77
TSLA,2022-05-05 00:00:00-04:00,313.00665283203125,315.20001220703125,285.8999938964844,291.09332275390625,92519100.0,0.0,0.0,-8.33
TSLA,2022-05-06 00:00:00-04:00,295.6666564941406,296.0,281.03668212890625,288.54998779296875,72903000.0,0.0,0.0,-0.87
TSLA,2022-05-09 00:00:00-04:00,278.8166809082031,281.8766784667969,260.3833312988281,262.3699951171875,90810300.0,0.0,0.0,-9.07
TSLA,2022-05-10 00:00:00-04:00,273.10333251953125,275.1199951171875,258.0833435058594,266.67999267578125,84401700.0,0.0,0.0,1.64
TSLA,2022-05-11 00:00:00-04:00,265.0,269.92333984375,242.39999389648438,244.6666717529297,97224600.0,0.0,0.0,-8.25
TSLA,2022-05-12 00:00:00-04:00,233.6666717529297,253.22000122070312,226.6666717529297,242.6666717529297,140313000.0,0.0,0.0,-0.82
TSLA,2022-05-13 00:00:00-04:00,257.82666015625,262.45001220703125,250.52333068847656,256.5299987792969,92150700.0,0.0,0.0,5.71
TSLA,2022-05-16 00:00:00-04:00,255.72000122070312,256.586669921875,239.69667053222656,241.4566650390625,86098500.0,0.0,0.0,-5.88
TSLA,2022-05-17 00:00:00-04:00,249.1199951171875,254.82666015625,242.9499969482422,253.8699951171875,80236200.0,0.0,0.0,5.14
TSLA,2022-05-18 00:00:00-04:00,248.17333984375,253.5,233.60333251953125,236.60333251953125,87811800.0,0.0,0.0,-6.8
TSLA,2022-05-19 00:00:00-04:00,235.6666717529297,244.6666717529297,231.3699951171875,236.47332763671875,90296700.0,0.0,0.0,-0.05
TSLA,2022-05-20 00:00:00-04:00,237.99667358398438,240.52667236328125,211.0,221.3000030517578,144973200.0,0.0,0.0,-6.42
TSLA,2022-05-23 00:00:00-04:00,218.33999633789062,226.65333557128906,212.68666076660156,224.96665954589844,88903500.0,0.0,0.0,1.66
TSLA,2022-05-24 00:00:00-04:00,217.8433380126953,217.97332763671875,206.85667419433594,209.3866729736328,89092500.0,0.0,0.0,-6.93
TSLA,2022-05-25 00:00:00-04:00,207.9499969482422,223.10667419433594,207.6699981689453,219.60000610351562,92139300.0,0.0,0.0,4.88
TSLA,2022-05-26 00:00:00-04:00,220.47332763671875,239.55667114257812,217.8866729736328,235.91000366210938,106003200.0,0.0,0.0,7.43
TSLA,2022-05-27 00:00:00-04:00,241.0833282470703,253.26666259765625,240.17666625976562,253.2100067138672,89295000.0,0.0,0.0,7.33
TSLA,2022-05-31 00:00:00-04:00,257.9466552734375,259.6000061035156,244.7433319091797,252.75332641601562,101914500.0,0.0,0.0,-0.18
TSLA,2022-06-01 00:00:00-04:00,251.72000122070312,257.32666015625,243.63999938964844,246.7899932861328,77247900.0,0.0,0.0,-2.36
TSLA,2022-06-02 00:00:00-04:00,244.1566619873047,264.2099914550781,242.06666564941406,258.3333435058594,93473100.0,0.0,0.0,4.68
TSLA,2022-06-03 00:00:00-04:00,243.22666931152344,247.79666137695312,233.4166717529297,234.51666259765625,112393800.0,0.0,0.0,-9.22
TSLA,2022-06-06 00:00:00-04:00,244.35333251953125,244.86666870117188,234.35000610351562,238.27999877929688,84204600.0,0.0,0.0,1.6
TSLA,2022-06-07 00:00:00-04:00,234.0,239.99667358398438,230.0933380126953,238.8866729736328,72808500.0,0.0,0.0,0.25
TSLA,2022-06-08 00:00:00-04:00,240.086669921875,249.9633331298828,239.17666625976562,241.86666870117188,76210500.0,0.0,0.0,1.25
TSLA,2022-06-09 00:00:00-04:00,249.33999633789062,255.54666137695312,239.32666015625,239.7066650390625,96491400.0,0.0,0.0,-0.89
TSLA,2022-06-10 00:00:00-04:00,235.1566619873047,239.5,227.913330078125,232.22999572753906,97536600.0,0.0,0.0,-3.12
TSLA,2022-06-13 00:00:00-04:00,223.1666717529297,226.63333129882812,214.68333435058594,215.73666381835938,102767400.0,0.0,0.0,-7.1
TSLA,2022-06-14 00:00:00-04:00,218.2866668701172,226.3300018310547,211.73666381835938,220.88999938964844,97988700.0,0.0,0.0,2.39
TSLA,2022-06-15 00:00:00-04:00,220.9166717529297,235.663330078125,218.14999389648438,233.0,119131800.0,0.0,0.0,5.48
TSLA,2022-06-16 00:00:00-04:00,222.73666381835938,225.1666717529297,208.69332885742188,213.10000610351562,107390700.0,0.0,0.0,-8.54
TSLA,2022-06-17 00:00:00-04:00,213.43333435058594,220.97000122070312,213.19667053222656,216.75999450683594,92641800.0,0.0,0.0,1.72
TSLA,2022-06-21 00:00:00-04:00,224.60333251953125,243.57666015625,224.3333282470703,237.0366668701172,122793000.0,0.0,0.0,9.35
TSLA,2022-06-22 00:00:00-04:00,234.50332641601562,246.8333282470703,233.82666015625,236.086669921875,101107500.0,0.0,0.0,-0.4
TSLA,2022-06-23 00:00:00-04:00,237.9066619873047,239.31666564941406,228.6366729736328,235.07000732421875,104202600.0,0.0,0.0,-0.43
TSLA,2022-06-24 00:00:00-04:00,237.47000122070312,246.06666564941406,236.086669921875,245.7066650390625,95770800.0,0.0,0.0,4.52
TSLA,2022-06-27 00:00:00-04:00,249.36666870117188,252.07000732421875,242.56666564941406,244.9199981689453,89178300.0,0.0,0.0,-0.32
TSLA,2022-06-28 00:00:00-04:00,244.48333740234375,249.97000122070312,232.3433380126953,232.663330078125,90391200.0,0.0,0.0,-5.0
TSLA,2022-06-29 00:00:00-04:00,230.5,231.17333984375,222.27333068847656,228.49000549316406,82897200.0,0.0,0.0,-1.79
TSLA,2022-06-30 00:00:00-04:00,224.50999450683594,229.4566650390625,218.8633270263672,224.47332763671875,94600500.0,0.0,0.0,-1.76
TSLA,2022-07-01 00:00:00-04:00,227.0,230.22999572753906,222.1199951171875,227.26333618164062,74460300.0,0.0,0.0,1.24
TSLA,2022-07-05 00:00:00-04:00,223.0,233.14666748046875,216.1666717529297,233.06666564941406,84581100.0,0.0,0.0,2.55
TSLA,2022-07-06 00:00:00-04:00,230.77999877929688,234.56333923339844,227.18666076660156,231.73333740234375,71853600.0,0.0,0.0,-0.57
TSLA,2022-07-07 00:00:00-04:00,233.9199981689453,245.3633270263672,232.2100067138672,244.5433349609375,81930600.0,0.0,0.0,5.53
TSLA,2022-07-08 00:00:00-04:00,242.3333282470703,254.97999572753906,241.16000366210938,250.76333618164062,101854200.0,0.0,0.0,2.54
TSLA,2022-07-11 00:00:00-04:00,252.10333251953125,253.06333923339844,233.6266632080078,234.3433380126953,99241200.0,0.0,0.0,-6.55
TSLA,2022-07-12 00:00:00-04:00,236.84666442871094,239.77333068847656,228.3699951171875,233.07000732421875,87930900.0,0.0,0.0,-0.54
TSLA,2022-07-13 00:00:00-04:00,225.5,242.05999755859375,225.03334045410156,237.0399932861328,97954500.0,0.0,0.0,1.7
TSLA,2022-07-14 00:00:00-04:00,234.89666748046875,238.65333557128906,229.3333282470703,238.31333923339844,78557400.0,0.0,0.0,0.54
TSLA,2022-07-15 00:00:00-04:00,240.0,243.6233367919922,236.88999938964844,240.06666564941406,69683100.0,0.0,0.0,0.74
TSLA,2022-07-18 00:00:00-04:00,244.93666076660156,250.51666259765625,239.60333251953125,240.54666137695312,82537500.0,0.0,0.0,0.2
TSLA,2022-07-19 00:00:00-04:00,245.0,247.13999938964844,236.97666931152344,245.52999877929688,80890200.0,0.0,0.0,2.07
TSLA,2022-07-20 00:00:00-04:00,246.78334045410156,250.663330078125,243.48333740234375,247.5,88864200.0,0.0,0.0,0.8
TSLA,2022-07-21 00:00:00-04:00,255.10667419433594,273.26666259765625,254.86666870117188,271.7066650390625,142032300.0,0.0,0.0,9.78
TSLA,2022-07-22 00:00:00-04:00,276.2200012207031,280.78668212890625,270.71331787109375,272.24334716796875,103472700.0,0.0,0.0,0.2
TSLA,2022-07-25 00:00:00-04:00,272.2166748046875,274.14666748046875,267.3999938964844,268.4333190917969,64073400.0,0.0,0.0,-1.4
TSLA,2022-07-26 00:00:00-04:00,266.5133361816406,267.30999755859375,256.2633361816406,258.8599853515625,66820800.0,0.0,0.0,-3.57
TSLA,2022-07-27 00:00:00-04:00,263.80999755859375,275.9266662597656,261.7900085449219,274.82000732421875,88110000.0,0.0,0.0,6.17
TSLA,2022-07-28 00:00:00-04:00,280.0666809082031,283.29998779296875,272.79998779296875,280.8999938964844,84723000.0,0.0,0.0,2.21
TSLA,2022-07-29 00:00:00-04:00,280.70001220703125,298.32000732421875,279.1000061035156,297.1499938964844,95313000.0,0.0,0.0,5.78
TSLA,2022-08-01 00:00:00-04:00,301.27667236328125,311.8766784667969,295.0,297.27667236328125,117042900.0,0.0,0.0,0.04
TSLA,2022-08-02 00:00:00-04:00,294.0033264160156,307.8333435058594,292.6666564941406,300.586669921875,95577600.0,0.0,0.0,1.11
TSLA,2022-08-03 00:00:00-04:00,305.0,309.54998779296875,301.1499938964844,307.39666748046875,80091000.0,0.0,0.0,2.27
TSLA,2022-08-04 00:00:00-04:00,311.0,313.6066589355469,305.0,308.6333312988281,72256200.0,0.0,0.0,0.4
TSLA,2022-08-05 00:00:00-04:00,302.6700134277344,304.6066589355469,285.5433349609375,288.1700134277344,113172900.0,0.0,0.0,-6.63
TSLA,2022-08-08 00:00:00-04:00,295.0,305.20001220703125,289.086669921875,290.42333984375,98994000.0,0.0,0.0,0.78
TSLA,2022-08-09 00:00:00-04:00,290.2933349609375,292.39666748046875,279.35333251953125,283.3333435058594,86244600.0,0.0,0.0,-2.44
TSLA,2022-08-10 00:00:00-04:00,297.0666809082031,297.510009765625,283.3699951171875,294.3566589355469,94918800.0,0.0,0.0,3.89
TSLA,2022-08-11 00:00:00-04:00,296.5133361816406,298.2366638183594,285.8333435058594,286.6300048828125,70155000.0,0.0,0.0,-2.62
TSLA,2022-08-12 00:00:00-04:00,289.4166564941406,300.1600036621094,285.0333251953125,300.0299987792969,79657200.0,0.0,0.0,4.68
TSLA,2022-08-15 00:00:00-04:00,301.78668212890625,313.1333312988281,301.2300109863281,309.32000732421875,89359200.0,0.0,0.0,3.1
TSLA,2022-08-16 00:00:00-04:00,311.6666564941406,314.6666564941406,302.8833312988281,306.5633239746094,88136400.0,0.0,0.0,-0.89
TSLA,2022-08-17 00:00:00-04:00,303.39666748046875,309.65667724609375,300.0333251953125,303.9966735839844,68766000.0,0.0,0.0,-0.84
TSLA,2022-08-18 00:00:00-04:00,306.0,306.5,301.85333251953125,302.8699951171875,47500500.0,0.0,0.0,-0.37
TSLA,2022-08-19 00:00:00-04:00,299.0,300.3599853515625,292.5,296.6666564941406,61395300.0,0.0,0.0,-2.05
TSLA,2022-08-22 00:00:00-04:00,291.913330078125,292.3999938964844,286.2966613769531,289.913330078125,55843200.0,0.0,0.0,-2.28
TSLA,2022-08-23 00:00:00-04:00,291.4533386230469,298.82666015625,287.92333984375,296.4533386230469,63984900.0,0.0,0.0,2.26
TSLA,2022-08-24 00:00:00-04:00,297.5633239746094,303.64666748046875,296.5,297.0966796875,57259800.0,0.0,0.0,0.22
TSLA,2022-08-25 00:00:00-04:00,302.3599853515625,302.9599914550781,291.6000061035156,296.07000732421875,53230000.0,0.0,3.0,-0.35
TSLA,2022-08-26 00:00:00-04:00,297.42999267578125,302.0,287.4700012207031,288.0899963378906,57163900.0,0.0,0.0,-2.7
TSLA,2022-08-29 00:00:00-04:00,282.8299865722656,287.739990234375,280.70001220703125,284.82000732421875,41864700.0,0.0,0.0,-1.14
TSLA,2022-08-30 00:00:00-04:00,287.8699951171875,288.4800109863281,272.6499938964844,277.70001220703125,50541800.0,0.0,0.0,-2.5
TSLA,2022-08-31 00:00:00-04:00,280.6199951171875,281.25,271.80999755859375,275.6099853515625,52107300.0,0.0,0.0,-0.75
TSLA,2022-09-01 00:00:00-04:00,272.5799865722656,277.5799865722656,266.1499938964844,277.1600036621094,54287000.0,0.0,0.0,0.56
TSLA,2022-09-02 00:00:00-04:00,281.07000732421875,282.3500061035156,269.0799865722656,270.2099914550781,50890100.0,0.0,0.0,-2.51
TSLA,2022-09-06 00:00:00-04:00,272.67999267578125,275.989990234375,265.739990234375,274.4200134277344,55860000.0,0.0,0.0,1.56
TSLA,2022-09-07 00:00:00-04:00,273.1000061035156,283.8399963378906,272.2699890136719,283.70001220703125,50028900.0,0.0,0.0,3.38
TSLA,2022-09-08 00:00:00-04:00,281.29998779296875,289.5,279.760009765625,289.260009765625,53713100.0,0.0,0.0,1.96
TSLA,2022-09-09 00:00:00-04:00,291.6700134277344,299.8500061035156,291.25,299.67999267578125,54338100.0,0.0,0.0,3.6
TSLA,2022-09-12 00:00:00-04:00,300.7200012207031,305.489990234375,300.3999938964844,304.4200134277344,48674600.0,0.0,0.0,1.58
TSLA,2022-09-13 00:00:00-04:00,292.8999938964844,297.3999938964844,290.3999938964844,292.1300048828125,68229600.0,0.0,0.0,-4.04
TSLA,2022-09-14 00:00:00-04:00,292.239990234375,306.0,291.6400146484375,302.6099853515625,72628700.0,0.0,0.0,3.59
TSLA,2022-09-15 00:00:00-04:00,301.8299865722656,309.1199951171875,300.7200012207031,303.75,64795500.0,0.0,0.0,0.38
TSLA,2022-09-16 00:00:00-04:00,299.6099853515625,303.7099914550781,295.6000061035156,303.3500061035156,87087800.0,0.0,0.0,-0.13
TSLA,2022-09-19 00:00:00-04:00,300.0899963378906,309.8399963378906,297.79998779296875,309.07000732421875,60231200.0,0.0,0.0,1.89
TSLA,2022-09-20 00:00:00-04:00,306.9100036621094,313.3299865722656,305.5799865722656,308.7300109863281,61642800.0,0.0,0.0,-0.11
TSLA,2022-09-21 00:00:00-04:00,308.2900085449219,313.79998779296875,300.6300048828125,300.79998779296875,62555700.0,0.0,0.0,-2.57
TSLA,2022-09-22 00:00:00-04:00,299.8599853515625,301.2900085449219,285.82000732421875,288.5899963378906,70545400.0,0.0,0.0,-4.06
TSLA,2022-09-23 00:00:00-04:00,283.0899963378906,284.5,272.82000732421875,275.3299865722656,63748400.0,0.0,0.0,-4.59
TSLA,2022-09-26 00:00:00-04:00,271.8299865722656,284.0899963378906,270.30999755859375,276.010009765625,58076900.0,0.0,0.0,0.25
TSLA,2022-09-27 00:00:00-04:00,283.8399963378906,288.6700134277344,277.510009765625,282.94000244140625,61925200.0,0.0,0.0,2.51
TSLA,2022-09-28 00:00:00-04:00,283.0799865722656,289.0,277.57000732421875,287.80999755859375,54664800.0,0.0,0.0,1.72
TSLA,2022-09-29 00:00:00-04:00,282.760009765625,283.6499938964844,265.7799987792969,268.2099914550781,77620600.0,0.0,0.0,-6.81
TSLA,2022-09-30 00:00:00-04:00,266.1499938964844,275.57000732421875,262.4700012207031,265.25,67726600.0,0.0,0.0,-1.1
TSLA,2022-10-03 00:00:00-04:00,254.5,255.16000366210938,241.00999450683594,242.39999389648438,98363500.0,0.0,0.0,-8.61
TSLA,2022-10-04 00:00:00-04:00,250.52000427246094,257.5,242.00999450683594,249.44000244140625,109578500.0,0.0,0.0,2.9
TSLA,2022-10-05 00:00:00-04:00,245.00999450683594,246.6699981689453,233.27000427246094,240.80999755859375,86982700.0,0.0,0.0,-3.46
TSLA,2022-10-06 00:00:00-04:00,239.44000244140625,244.5800018310547,235.35000610351562,238.1300048828125,69298400.0,0.0,0.0,-1.11
TSLA,2022-10-07 00:00:00-04:00,233.94000244140625,234.57000732421875,222.02000427246094,223.07000732421875,83916800.0,0.0,0.0,-6.32
TSLA,2022-10-10 00:00:00-04:00,223.92999267578125,226.99000549316406,218.36000061035156,222.9600067138672,67925000.0,0.0,0.0,-0.05
TSLA,2022-10-11 00:00:00-04:00,220.9499969482422,225.75,215.0,216.5,77013200.0,0.0,0.0,-2.9
TSLA,2022-10-12 00:00:00-04:00,215.3300018310547,219.3000030517578,211.50999450683594,217.24000549316406,66860700.0,0.0,0.0,0.34
TSLA,2022-10-13 00:00:00-04:00,208.3000030517578,222.99000549316406,206.22000122070312,221.72000122070312,91483000.0,0.0,0.0,2.06
TSLA,2022-10-14 00:00:00-04:00,224.00999450683594,226.25999450683594,204.16000366210938,204.99000549316406,94124500.0,0.0,0.0,-7.55
TSLA,2022-10-17 00:00:00-04:00,210.0399932861328,221.86000061035156,209.4499969482422,219.35000610351562,79428800.0,0.0,0.0,7.01
TSLA,2022-10-18 00:00:00-04:00,229.5,229.82000732421875,217.25,220.19000244140625,75891900.0,0.0,0.0,0.38
TSLA,2022-10-19 00:00:00-04:00,219.8000030517578,222.92999267578125,217.77999877929688,222.0399932861328,66571500.0,0.0,0.0,0.84
TSLA,2022-10-20 00:00:00-04:00,208.27999877929688,215.5500030517578,202.0,207.27999877929688,117798100.0,0.0,0.0,-6.65
TSLA,2022-10-21 00:00:00-04:00,206.4199981689453,214.66000366210938,203.8000030517578,214.44000244140625,75713800.0,0.0,0.0,3.45
TSLA,2022-10-24 00:00:00-04:00,205.82000732421875,213.5,198.58999633789062,211.25,100446800.0,0.0,0.0,-1.49
TSLA,2022-10-25 00:00:00-04:00,210.10000610351562,224.35000610351562,210.0,222.4199981689453,96507900.0,0.0,0.0,5.29
TSLA,2022-10-26 00:00:00-04:00,219.39999389648438,230.60000610351562,218.1999969482422,224.63999938964844,85012500.0,0.0,0.0,1.0
TSLA,2022-10-27 00:00:00-04:00,229.77000427246094,233.80999755859375,222.85000610351562,225.08999633789062,61638800.0,0.0,0.0,0.2
TSLA,2022-10-28 00:00:00-04:00,225.39999389648438,228.86000061035156,216.35000610351562,228.52000427246094,69152400.0,0.0,0.0,1.52
TSLA,2022-10-31 00:00:00-04:00,226.19000244140625,229.85000610351562,221.94000244140625,227.5399932861328,61554300.0,0.0,0.0,-0.43
TSLA,2022-11-01 00:00:00-04:00,234.0500030517578,237.39999389648438,227.27999877929688,227.82000732421875,62688800.0,0.0,0.0,0.12
TSLA,2022-11-02 00:00:00-04:00,226.0399932861328,227.8699951171875,214.82000732421875,214.97999572753906,63070300.0,0.0,0.0,-5.64
TSLA,2022-11-03 00:00:00-04:00,211.36000061035156,221.1999969482422,210.13999938964844,215.30999755859375,56538800.0,0.0,0.0,0.15
TSLA,2022-11-04 00:00:00-04:00,222.60000610351562,223.8000030517578,203.0800018310547,207.47000122070312,98622200.0,0.0,0.0,-3.64
TSLA,2022-11-07 00:00:00-05:00,208.64999389648438,208.89999389648438,196.66000366210938,197.0800018310547,93916500.0,0.0,0.0,-5.01
TSLA,2022-11-08 00:00:00-05:00,194.02000427246094,195.1999969482422,186.75,191.3000030517578,128803400.0,0.0,0.0,-2.93
TSLA,2022-11-09 00:00:00-05:00,190.77999877929688,195.88999938964844,177.1199951171875,177.58999633789062,127062700.0,0.0,0.0,-7.17
TSLA,2022-11-10 00:00:00-05:00,189.89999389648438,191.0,180.02999877929688,190.72000122070312,132703000.0,0.0,0.0,7.39
TSLA,2022-11-11 00:00:00-05:00,186.0,196.52000427246094,182.58999633789062,195.97000122070312,114403600.0,0.0,0.0,2.75
TSLA,2022-11-14 00:00:00-05:00,192.77000427246094,195.72999572753906,186.33999633789062,190.9499969482422,92226600.0,0.0,0.0,-2.56
TSLA,2022-11-15 00:00:00-05:00,195.8800048828125,200.82000732421875,192.05999755859375,194.4199981689453,91293800.0,0.0,0.0,1.82
TSLA,2022-11-16 00:00:00-05:00,191.50999450683594,192.57000732421875,185.66000366210938,186.9199981689453,66567600.0,0.0,0.0,-3.86
TSLA,2022-11-17 00:00:00-05:00,183.9600067138672,186.16000366210938,180.89999389648438,183.1699981689453,64336000.0,0.0,0.0,-2.01
TSLA,2022-11-18 00:00:00-05:00,185.0500030517578,185.19000244140625,176.5500030517578,180.19000244140625,76048900.0,0.0,0.0,-1.63
TSLA,2022-11-21 00:00:00-05:00,175.85000610351562,176.77000427246094,167.5399932861328,167.8699951171875,92882700.0,0.0,0.0,-6.84
TSLA,2022-11-22 00:00:00-05:00,168.6300048828125,170.9199981689453,166.19000244140625,169.91000366210938,78452300.0,0.0,0.0,1.22
TSLA,2022-11-23 00:00:00-05:00,173.57000732421875,183.6199951171875,172.5,183.1999969482422,109536700.0,0.0,0.0,7.82
TSLA,2022-11-25 00:00:00-05:00,185.05999755859375,185.1999969482422,180.6300048828125,182.86000061035156,50672700.0,0.0,0.0,-0.19
TSLA,2022-11-28 00:00:00-05:00,179.9600067138672,188.5,179.0,182.9199981689453,92905200.0,0.0,0.0,0.03
TSLA,2022-11-29 00:00:00-05:00,184.99000549316406,186.3800048828125,178.75,180.8300018310547,83357100.0,0.0,0.0,-1.14
TSLA,2022-11-30 00:00:00-05:00,182.42999267578125,194.75999450683594,180.6300048828125,194.6999969482422,109186400.0,0.0,0.0,7.67
TSLA,2022-12-01 00:00:00-05:00,197.0800018310547,198.9199981689453,191.8000030517578,194.6999969482422,80046200.0,0.0,0.0,0.0
TSLA,2022-12-02 00:00:00-05:00,191.77999877929688,196.25,191.11000061035156,194.86000061035156,73645900.0,0.0,0.0,0.08
TSLA,2022-12-05 00:00:00-05:00,189.44000244140625,191.27000427246094,180.5500030517578,182.4499969482422,93122700.0,0.0,0.0,-6.37
TSLA,2022-12-06 00:00:00-05:00,181.22000122070312,183.64999389648438,175.3300018310547,179.82000732421875,92150800.0,0.0,0.0,-1.44
TSLA,2022-12-07 00:00:00-05:00,175.02999877929688,179.3800048828125,172.22000122070312,174.0399932861328,84213300.0,0.0,0.0,-3.21
TSLA,2022-12-08 00:00:00-05:00,172.1999969482422,175.1999969482422,169.05999755859375,173.44000244140625,97624500.0,0.0,0.0,-0.34
TSLA,2022-12-09 00:00:00-05:00,173.83999633789062,182.5,173.36000061035156,179.0500030517578,104872300.0,0.0,0.0,3.23
TSLA,2022-12-12 00:00:00-05:00,176.10000610351562,177.3699951171875,167.52000427246094,167.82000732421875,109794500.0,0.0,0.0,-6.27
TSLA,2022-12-13 00:00:00-05:00,174.8699951171875,175.0500030517578,156.91000366210938,160.9499969482422,175862700.0,0.0,0.0,-4.09
TSLA,2022-12-14 00:00:00-05:00,159.25,161.6199951171875,155.30999755859375,156.8000030517578,140682300.0,0.0,0.0,-2.58
TSLA,2022-12-15 00:00:00-05:00,153.44000244140625,160.92999267578125,153.27999877929688,157.6699981689453,122334500.0,0.0,0.0,0.55
TSLA,2022-12-16 00:00:00-05:00,159.63999938964844,160.99000549316406,150.0399932861328,150.22999572753906,139032200.0,0.0,0.0,-4.72
TSLA,2022-12-19 00:00:00-05:00,154.0,155.25,145.82000732421875,149.8699951171875,139390600.0,0.0,0.0,-0.24
TSLA,2022-12-20 00:00:00-05:00,146.0500030517578,148.47000122070312,137.66000366210938,137.8000030517578,159563300.0,0.0,0.0,-8.05
TSLA,2022-12-21 00:00:00-05:00,139.33999633789062,141.25999450683594,135.88999938964844,137.57000732421875,145417400.0,0.0,0.0,-0.17
TSLA,2022-12-22 00:00:00-05:00,136.0,136.6300048828125,122.26000213623047,125.3499984741211,210090300.0,0.0,0.0,-8.88
TSLA,2022-12-23 00:00:00-05:00,126.37000274658203,128.6199951171875,121.0199966430664,123.1500015258789,166989700.0,0.0,0.0,-1.76
TSLA,2022-12-27 00:00:00-05:00,117.5,119.66999816894531,108.76000213623047,109.0999984741211,208643400.0,0.0,0.0,-11.41
TSLA,2022-12-28 00:00:00-05:00,110.3499984741211,116.2699966430664,108.23999786376953,112.70999908447266,221070500.0,0.0,0.0,3.31
TSLA,2022-12-29 00:00:00-05:00,120.38999938964844,123.56999969482422,117.5,121.81999969482422,221923300.0,0.0,0.0,8.08
TSLA,2022-12-30 00:00:00-05:00,119.94999694824219,124.4800033569336,119.75,123.18000030517578,157777300.0,0.0,0.0,1.12
TSLA,2023-01-03 00:00:00-05:00,118.47000122070312,118.80000305175781,104.63999938964844,108.0999984741211,231402800.0,0.0,0.0,-12.24
TSLA,2023-01-04 00:00:00-05:00,109.11000061035156,114.58999633789062,107.5199966430664,113.63999938964844,180389000.0,0.0,0.0,5.12
TSLA,2023-01-05 00:00:00-05:00,110.51000213623047,111.75,107.16000366210938,110.33999633789062,157986300.0,0.0,0.0,-2.9
TSLA,2023-01-06 00:00:00-05:00,103.0,114.38999938964844,101.80999755859375,113.05999755859375,220911100.0,0.0,0.0,2.47
TSLA,2023-01-09 00:00:00-05:00,118.95999908447266,123.5199966430664,117.11000061035156,119.7699966430664,190284000.0,0.0,0.0,5.93
TSLA,2023-01-10 00:00:00-05:00,121.06999969482422,122.76000213623047,114.91999816894531,118.8499984741211,167642500.0,0.0,0.0,-0.77
TSLA,2023-01-11 00:00:00-05:00,122.08999633789062,125.94999694824219,120.51000213623047,123.22000122070312,183810800.0,0.0,0.0,3.68
TSLA,2023-01-12 00:00:00-05:00,122.55999755859375,124.12999725341797,117.0,123.55999755859375,169400900.0,0.0,0.0,0.28
TSLA,2023-01-13 00:00:00-05:00,116.55000305175781,122.62999725341797,115.5999984741211,122.4000015258789,180714100.0,0.0,0.0,-0.94
TSLA,2023-01-17 00:00:00-05:00,125.69999694824219,131.6999969482422,125.0199966430664,131.49000549316406,186477000.0,0.0,0.0,7.43
TSLA,2023-01-18 00:00:00-05:00,136.55999755859375,136.67999267578125,127.01000213623047,128.77999877929688,195680300.0,0.0,0.0,-2.06
TSLA,2023-01-19 00:00:00-05:00,127.26000213623047,129.99000549316406,124.30999755859375,127.16999816894531,170291900.0,0.0,0.0,-1.25
TSLA,2023-01-20 00:00:00-05:00,128.67999267578125,133.50999450683594,127.3499984741211,133.4199981689453,138858100.0,0.0,0.0,4.91
TSLA,2023-01-23 00:00:00-05:00,135.8699951171875,145.3800048828125,134.27000427246094,143.75,203119200.0,0.0,0.0,7.74
TSLA,2023-01-24 00:00:00-05:00,143.0,146.5,141.10000610351562,143.88999938964844,158699100.0,0.0,0.0,0.1
TSLA,2023-01-25 00:00:00-05:00,141.91000366210938,146.41000366210938,138.07000732421875,144.42999267578125,192734300.0,0.0,0.0,0.38
TSLA,2023-01-26 00:00:00-05:00,159.97000122070312,161.4199981689453,154.75999450683594,160.27000427246094,234815100.0,0.0,0.0,10.97
TSLA,2023-01-27 00:00:00-05:00,162.42999267578125,180.67999267578125,161.1699981689453,177.89999389648438,306590600.0,0.0,0.0,11.0
TSLA,2023-01-30 00:00:00-05:00,178.0500030517578,179.77000427246094,166.5,166.66000366210938,230878800.0,0.0,0.0,-6.32
TSLA,2023-01-31 00:00:00-05:00,164.57000732421875,174.3000030517578,162.77999877929688,173.22000122070312,196813500.0,0.0,0.0,3.94
TSLA,2023-02-01 00:00:00-05:00,173.88999938964844,183.80999755859375,169.92999267578125,181.41000366210938,213806300.0,0.0,0.0,4.73
TSLA,2023-02-02 00:00:00-05:00,187.3300018310547,196.75,182.61000061035156,188.27000427246094,217448300.0,0.0,0.0,3.78
TSLA,2023-02-03 00:00:00-05:00,183.9499969482422,199.0,183.69000244140625,189.97999572753906,232662000.0,0.0,0.0,0.91
TSLA,2023-02-06 00:00:00-05:00,193.00999450683594,198.1699981689453,189.9199981689453,194.75999450683594,186188100.0,0.0,0.0,2.52
TSLA,2023-02-07 00:00:00-05:00,196.42999267578125,197.5,189.5500030517578,196.80999755859375,186010300.0,0.0,0.0,1.05
TSLA,2023-02-08 00:00:00-05:00,196.10000610351562,203.0,194.30999755859375,201.2899932861328,180673600.0,0.0,0.0,2.28
TSLA,2023-02-09 00:00:00-05:00,207.77999877929688,214.0,204.77000427246094,207.32000732421875,215431400.0,0.0,0.0,3.0
TSLA,2023-02-10 00:00:00-05:00,202.22999572753906,206.1999969482422,192.88999938964844,196.88999938964844,204754100.0,0.0,0.0,-5.03
TSLA,2023-02-13 00:00:00-05:00,194.4199981689453,196.3000030517578,187.61000061035156,194.63999938964844,172475500.0,0.0,0.0,-1.14
TSLA,2023-02-14 00:00:00-05:00,191.94000244140625,209.82000732421875,189.44000244140625,209.25,216455700.0,0.0,0.0,7.51
TSLA,2023-02-15 00:00:00-05:00,211.75999450683594,214.66000366210938,206.11000061035156,214.24000549316406,181006400.0,0.0,0.0,2.38
TSLA,2023-02-16 00:00:00-05:00,210.77999877929688,217.64999389648438,201.83999633789062,202.0399932861328,229586500.0,0.0,0.0,-5.69
TSLA,2023-02-17 00:00:00-05:00,199.99000549316406,208.44000244140625,197.5,208.30999755859375,213738500.0,0.0,0.0,3.1
TSLA,2023-02-21 00:00:00-05:00,204.99000549316406,209.7100067138672,197.22000122070312,197.3699951171875,180018600.0,0.0,0.0,-5.25
TSLA,2023-02-22 00:00:00-05:00,197.92999267578125,201.99000549316406,191.77999877929688,200.86000061035156,191828500.0,0.0,0.0,1.77
TSLA,2023-02-23 00:00:00-05:00,203.91000366210938,205.13999938964844,196.3300018310547,202.07000732421875,146360000.0,0.0,0.0,0.6
TSLA,2023-02-24 00:00:00-05:00,196.3300018310547,197.6699981689453,192.8000030517578,196.8800048828125,142228100.0,0.0,0.0,-2.57
TSLA,2023-02-27 00:00:00-05:00,202.02999877929688,209.4199981689453,201.25999450683594,207.6300048828125,161028300.0,0.0,0.0,5.46
TSLA,2023-02-28 00:00:00-05:00,210.58999633789062,211.22999572753906,203.75,205.7100067138672,153144900.0,0.0,0.0,-0.92
TSLA,2023-03-01 00:00:00-05:00,206.2100067138672,207.1999969482422,198.52000427246094,202.77000427246094,156852800.0,0.0,0.0,-1.43
TSLA,2023-03-02 00:00:00-05:00,186.74000549316406,193.75,186.00999450683594,190.89999389648438,181500700.0,0.0,0.0,-5.85
TSLA,2023-03-03 00:00:00-05:00,194.8000030517578,200.47999572753906,192.8800048828125,197.7899932861328,154193300.0,0.0,0.0,3.61
TSLA,2023-03-06 00:00:00-05:00,198.5399932861328,198.60000610351562,192.3000030517578,193.80999755859375,128100100.0,0.0,0.0,-2.01
TSLA,2023-03-07 00:00:00-05:00,191.3800048828125,194.1999969482422,186.10000610351562,187.7100067138672,148125800.0,0.0,0.0,-3.15
TSLA,2023-03-08 00:00:00-05:00,185.0399932861328,186.5,180.0,182.0,151897800.0,0.0,0.0,-3.04
TSLA,2023-03-09 00:00:00-05:00,180.25,185.17999267578125,172.50999450683594,172.9199981689453,170023800.0,0.0,0.0,-4.99
TSLA,2023-03-10 00:00:00-05:00,175.1300048828125,178.2899932861328,168.44000244140625,173.44000244140625,191488900.0,0.0,0.0,0.3
TSLA,2023-03-13 00:00:00-04:00,167.4600067138672,177.35000610351562,163.91000366210938,174.47999572753906,167790300.0,0.0,0.0,0.6
TSLA,2023-03-14 00:00:00-04:00,177.30999755859375,183.8000030517578,177.13999938964844,183.25999450683594,143717900.0,0.0,0.0,5.03
TSLA,2023-03-15 00:00:00-04:00,180.8000030517578,182.33999633789062,176.02999877929688,180.4499969482422,145995600.0,0.0,0.0,-1.53
TSLA,2023-03-16 00:00:00-04:00,180.3699951171875,185.80999755859375,178.83999633789062,184.1300048828125,121136800.0,0.0,0.0,2.04
TSLA,2023-03-17 00:00:00-04:00,184.52000427246094,186.22000122070312,177.3300018310547,180.1300048828125,133197100.0,0.0,0.0,-2.17
TSLA,2023-03-20 00:00:00-04:00,178.0800018310547,186.44000244140625,176.35000610351562,183.25,129684400.0,0.0,0.0,1.73
TSLA,2023-03-21 00:00:00-04:00,188.27999877929688,198.0,188.0399932861328,197.5800018310547,153391400.0,0.0,0.0,7.82
TSLA,2023-03-22 00:00:00-04:00,199.3000030517578,200.66000366210938,190.9499969482422,191.14999389648438,150376400.0,0.0,0.0,-3.25
TSLA,2023-03-23 00:00:00-04:00,195.25999450683594,199.30999755859375,188.64999389648438,192.22000122070312,144193900.0,0.0,0.0,0.56
TSLA,2023-03-24 00:00:00-04:00,191.64999389648438,192.36000061035156,187.14999389648438,190.41000366210938,116312400.0,0.0,0.0,-0.94
TSLA,2023-03-27 00:00:00-04:00,194.4199981689453,197.38999938964844,189.94000244140625,191.80999755859375,120851600.0,0.0,0.0,0.74
TSLA,2023-03-28 00:00:00-04:00,192.0,192.35000610351562,185.42999267578125,189.19000244140625,98654600.0,0.0,0.0,-1.37
TSLA,2023-03-29 00:00:00-04:00,193.1300048828125,195.2899932861328,189.44000244140625,193.8800048828125,123660000.0,0.0,0.0,2.48
TSLA,2023-03-30 00:00:00-04:00,195.5800018310547,197.3300018310547,194.4199981689453,195.27999877929688,110252200.0,0.0,0.0,0.72
TSLA,2023-03-31 00:00:00-04:00,197.52999877929688,207.7899932861328,197.1999969482422,207.4600067138672,170222100.0,0.0,0.0,6.24
TSLA,2023-04-03 00:00:00-04:00,199.91000366210938,202.69000244140625,192.1999969482422,194.77000427246094,169545900.0,0.0,0.0,-6.12
TSLA,2023-04-04 00:00:00-04:00,197.32000732421875,198.74000549316406,190.32000732421875,192.5800018310547,126463800.0,0.0,0.0,-1.12
TSLA,2023-04-05 00:00:00-04:00,190.52000427246094,190.67999267578125,183.75999450683594,185.52000427246094,133882500.0,0.0,0.0,-3.67
TSLA,2023-04-06 00:00:00-04:00,183.0800018310547,186.38999938964844,179.74000549316406,185.05999755859375,123857900.0,0.0,0.0,-0.25
TSLA,2023-04-10 00:00:00-04:00,179.94000244140625,185.10000610351562,176.11000061035156,184.50999450683594,142154600.0,0.0,0.0,-0.3
TSLA,2023-04-11 00:00:00-04:00,186.69000244140625,189.19000244140625,185.64999389648438,186.7899932861328,115770900.0,0.0,0.0,1.24
TSLA,2023-04-12 00:00:00-04:00,190.74000549316406,191.5800018310547,180.30999755859375,180.5399932861328,150256300.0,0.0,0.0,-3.35
TSLA,2023-04-13 00:00:00-04:00,182.9600067138672,186.5,180.94000244140625,185.89999389648438,112933000.0,0.0,0.0,2.97
TSLA,2023-04-14 00:00:00-04:00,183.9499969482422,186.27999877929688,182.00999450683594,185.0,96438700.0,0.0,0.0,-0.48
TSLA,2023-04-17 00:00:00-04:00,186.32000732421875,189.69000244140625,182.69000244140625,187.0399932861328,116662200.0,0.0,0.0,1.1
TSLA,2023-04-18 00:00:00-04:00,187.14999389648438,187.69000244140625,183.5800018310547,184.30999755859375,92067000.0,0.0,0.0,-1.46
TSLA,2023-04-19 00:00:00-04:00,179.10000610351562,183.5,177.64999389648438,180.58999633789062,125732700.0,0.0,0.0,-2.02
TSLA,2023-04-20 00:00:00-04:00,166.1699981689453,169.6999969482422,160.55999755859375,162.99000549316406,210970800.0,0.0,0.0,-9.75
TSLA,2023-04-21 00:00:00-04:00,164.8000030517578,166.0,161.32000732421875,165.0800018310547,123539000.0,0.0,0.0,1.28
TSLA,2023-04-24 00:00:00-04:00,164.64999389648438,165.64999389648438,158.61000061035156,162.5500030517578,140006600.0,0.0,0.0,-1.53
TSLA,2023-04-25 00:00:00-04:00,159.82000732421875,163.47000122070312,158.75,160.6699981689453,121999300.0,0.0,0.0,-1.16
TSLA,2023-04-26 00:00:00-04:00,160.2899932861328,160.6699981689453,153.13999938964844,153.75,153364100.0,0.0,0.0,-4.31
TSLA,2023-04-27 00:00:00-04:00,152.63999938964844,160.47999572753906,152.3699951171875,160.19000244140625,127015200.0,0.0,0.0,4.19
TSLA,2023-04-28 00:00:00-04:00,160.89999389648438,165.0,157.32000732421875,164.30999755859375,122515800.0,0.0,0.0,2.57
TSLA,2023-05-01 00:00:00-04:00,163.1699981689453,163.27999877929688,158.8300018310547,161.8300018310547,109015000.0,0.0,0.0,-1.51
TSLA,2023-05-02 00:00:00-04:00,161.8800048828125,165.49000549316406,158.92999267578125,160.30999755859375,128259700.0,0.0,0.0,-0.94
TSLA,2023-05-03 00:00:00-04:00,160.00999450683594,165.0,159.91000366210938,160.61000061035156,119728000.0,0.0,0.0,0.19
TSLA,2023-05-04 00:00:00-04:00,162.7100067138672,162.9499969482422,159.64999389648438,161.1999969482422,95108500.0,0.0,0.0,0.37
TSLA,2023-05-05 00:00:00-04:00,163.97000122070312,170.7899932861328,163.50999450683594,170.05999755859375,107607300.0,0.0,0.0,5.5
TSLA,2023-05-08 00:00:00-04:00,173.72000122070312,173.8000030517578,169.19000244140625,171.7899932861328,112249400.0,0.0,0.0,1.02
TSLA,2023-05-09 00:00:00-04:00,168.9499969482422,169.82000732421875,166.55999755859375,169.14999389648438,88965000.0,0.0,0.0,-1.54
TSLA,2023-05-10 00:00:00-04:00,172.5500030517578,174.42999267578125,166.67999267578125,168.5399932861328,119840700.0,0.0,0.0,-0.36
TSLA,2023-05-11 00:00:00-04:00,168.6999969482422,173.57000732421875,166.7899932861328,172.0800018310547,103889900.0,0.0,0.0,2.1
TSLA,2023-05-12 00:00:00-04:00,176.07000732421875,177.3800048828125,167.22999572753906,167.97999572753906,157849600.0,0.0,0.0,-2.38
TSLA,2023-05-15 00:00:00-04:00,167.66000366210938,169.75999450683594,164.5500030517578,166.35000610351562,105592500.0,0.0,0.0,-0.97
TSLA,2023-05-16 00:00:00-04:00,165.64999389648438,169.52000427246094,164.35000610351562,166.52000427246094,98288800.0,0.0,0.0,0.1
TSLA,2023-05-17 00:00:00-04:00,168.41000366210938,174.5,167.19000244140625,173.86000061035156,125473600.0,0.0,0.0,4.41
TSLA,2023-05-18 00:00:00-04:00,174.22000122070312,177.05999755859375,172.4499969482422,176.88999938964844,109520300.0,0.0,0.0,1.74
TSLA,2023-05-19 00:00:00-04:00,177.1699981689453,181.9499969482422,176.30999755859375,180.13999938964844,136196700.0,0.0,0.0,1.84
TSLA,2023-05-22 00:00:00-04:00,180.6999969482422,189.32000732421875,180.11000061035156,188.8699951171875,132001400.0,0.0,0.0,4.85
TSLA,2023-05-23 00:00:00-04:00,186.1999969482422,192.9600067138672,185.25999450683594,185.77000427246094,156952100.0,0.0,0.0,-1.64
TSLA,2023-05-24 00:00:00-04:00,182.22999572753906,184.22000122070312,178.22000122070312,182.89999389648438,137605100.0,0.0,0.0,-1.54
TSLA,2023-05-25 00:00:00-04:00,186.5399932861328,186.77999877929688,180.5800018310547,184.47000122070312,96870700.0,0.0,0.0,0.86
TSLA,2023-05-26 00:00:00-04:00,184.6199951171875,198.60000610351562,184.52999877929688,193.1699981689453,162061500.0,0.0,0.0,4.72
TSLA,2023-05-30 00:00:00-04:00,200.10000610351562,204.47999572753906,197.52999877929688,201.16000366210938,128818700.0,0.0,0.0,4.14
TSLA,2023-05-31 00:00:00-04:00,199.77999877929688,203.9499969482422,195.1199951171875,203.92999267578125,150711700.0,0.0,0.0,1.38
TSLA,2023-06-01 00:00:00-04:00,202.58999633789062,209.8000030517578,199.3699951171875,207.52000427246094,148029900.0,0.0,0.0,1.76
TSLA,2023-06-02 00:00:00-04:00,210.14999389648438,217.25,209.75,213.97000122070312,164398400.0,0.0,0.0,3.11
TSLA,2023-06-05 00:00:00-04:00,217.8000030517578,221.2899932861328,214.52000427246094,217.61000061035156,151143100.0,0.0,0.0,1.7
TSLA,2023-06-06 00:00:00-04:00,216.13999938964844,221.91000366210938,212.52999877929688,221.30999755859375,146911600.0,0.0,0.0,1.7
TSLA,2023-06-07 00:00:00-04:00,228.0,230.8300018310547,223.1999969482422,224.57000732421875,185710800.0,0.0,0.0,1.47
TSLA,2023-06-08 00:00:00-04:00,224.22000122070312,235.22999572753906,223.00999450683594,234.86000061035156,164489700.0,0.0,0.0,4.58
TSLA,2023-06-09 00:00:00-04:00,249.07000732421875,252.4199981689453,242.02000427246094,244.39999389648438,200242400.0,0.0,0.0,4.06
TSLA,2023-06-12 00:00:00-04:00,247.94000244140625,250.97000122070312,244.58999633789062,249.8300018310547,150337900.0,0.0,0.0,2.22
TSLA,2023-06-13 00:00:00-04:00,253.50999450683594,259.67999267578125,251.33999633789062,258.7099914550781,162384300.0,0.0,0.0,3.55
TSLA,2023-06-14 00:00:00-04:00,260.1700134277344,261.57000732421875,250.5,256.7900085449219,170575500.0,0.0,0.0,-0.74
TSLA,2023-06-15 00:00:00-04:00,248.39999389648438,258.95001220703125,247.2899932861328,255.89999389648438,160171200.0,0.0,0.0,-0.35
TSLA,2023-06-16 00:00:00-04:00,258.9200134277344,263.6000061035156,257.2099914550781,260.5400085449219,167915600.0,0.0,0.0,1.81
TSLA,2023-06-20 00:00:00-04:00,261.5,274.75,261.1199951171875,274.45001220703125,165611200.0,0.0,0.0,5.34
TSLA,2023-06-21 00:00:00-04:00,275.1300048828125,276.989990234375,257.7799987792969,259.4599914550781,211797100.0,0.0,0.0,-5.46
TSLA,2023-06-22 00:00:00-04:00,250.77000427246094,265.0,248.25,264.6099853515625,166875900.0,0.0,0.0,1.98
TSLA,2023-06-23 00:00:00-04:00,259.2900085449219,262.45001220703125,252.8000030517578,256.6000061035156,177460800.0,0.0,0.0,-3.03
TSLA,2023-06-26 00:00:00-04:00,250.07000732421875,258.3699951171875,240.6999969482422,241.0500030517578,179990600.0,0.0,0.0,-6.06
TSLA,2023-06-27 00:00:00-04:00,243.24000549316406,250.38999938964844,240.85000610351562,250.2100067138672,164968200.0,0.0,0.0,3.8
TSLA,2023-06-28 00:00:00-04:00,249.6999969482422,259.8800048828125,248.88999938964844,256.239990234375,159770800.0,0.0,0.0,2.41
TSLA,2023-06-29 00:00:00-04:00,258.0299987792969,260.739990234375,253.61000061035156,257.5,131283400.0,0.0,0.0,0.49
TSLA,2023-06-30 00:00:00-04:00,260.6000061035156,264.45001220703125,259.8900146484375,261.7699890136719,112620800.0,0.0,0.0,1.66
TSLA,2023-07-03 00:00:00-04:00,276.489990234375,284.25,275.1099853515625,279.82000732421875,119685900.0,0.0,0.0,6.9
TSLA,2023-07-05 00:00:00-04:00,278.82000732421875,283.8500061035156,277.6000061035156,282.4800109863281,131530900.0,0.0,0.0,0.95
TSLA,2023-07-06 00:00:00-04:00,278.0899963378906,279.9700012207031,272.8800048828125,276.5400085449219,120332100.0,0.0,0.0,-2.1
TSLA,2023-07-07 00:00:00-04:00,278.42999267578125,280.7799987792969,273.7699890136719,274.42999267578125,113879200.0,0.0,0.0,-0.76
TSLA,2023-07-10 00:00:00-04:00,276.4700012207031,277.5199890136719,265.1000061035156,269.6099853515625,119425400.0,0.0,0.0,-1.76
TSLA,2023-07-11 00:00:00-04:00,268.6499938964844,270.8999938964844,266.3699951171875,269.7900085449219,91972400.0,0.0,0.0,0.07
TSLA,2023-07-12 00:00:00-04:00,276.3299865722656,276.5199890136719,271.4599914550781,271.989990234375,95672100.0,0.0,0.0,0.82
TSLA,2023-07-13 00:00:00-04:00,274.5899963378906,279.45001220703125,270.6000061035156,277.8999938964844,112681500.0,0.0,0.0,2.17
TSLA,2023-07-14 00:00:00-04:00,277.010009765625,285.29998779296875,276.30999755859375,281.3800048828125,120062400.0,0.0,0.0,1.25
TSLA,2023-07-17 00:00:00-04:00,286.6300048828125,292.2300109863281,283.57000732421875,290.3800048828125,131569600.0,0.0,0.0,3.2
TSLA,2023-07-18 00:00:00-04:00,290.1499938964844,295.260009765625,286.010009765625,293.3399963378906,112120300.0,0.0,0.0,1.02
TSLA,2023-07-19 00:00:00-04:00,296.0400085449219,299.2900085449219,289.5199890136719,291.260009765625,142355400.0,0.0,0.0,-0.71
TSLA,2023-07-20 00:00:00-04:00,279.55999755859375,280.92999267578125,261.20001220703125,262.8999938964844,175158300.0,0.0,0.0,-9.74
TSLA,2023-07-21 00:00:00-04:00,268.0,268.0,255.8000030517578,260.0199890136719,161796100.0,0.0,0.0,-1.1
TSLA,2023-07-24 00:00:00-04:00,255.85000610351562,269.8500061035156,254.1199951171875,269.05999755859375,136508500.0,0.0,0.0,3.48
TSLA,2023-07-25 00:00:00-04:00,272.3800048828125,272.8999938964844,265.0,265.2799987792969,112757300.0,0.0,0.0,-1.4
TSLA,2023-07-26 00:00:00-04:00,263.25,268.0400085449219,261.75,264.3500061035156,95856200.0,0.0,0.0,-0.35
TSLA,2023-07-27 00:00:00-04:00,268.30999755859375,269.1300048828125,255.3000030517578,255.7100067138672,103697300.0,0.0,0.0,-3.27
TSLA,2023-07-28 00:00:00-04:00,259.8599853515625,267.25,258.2300109863281,266.44000244140625,111446000.0,0.0,0.0,4.2
TSLA,2023-07-31 00:00:00-04:00,267.4800109863281,269.0799865722656,263.7799987792969,267.42999267578125,84582200.0,0.0,0.0,0.37
TSLA,2023-08-01 00:00:00-04:00,266.260009765625,266.4700012207031,260.25,261.07000732421875,83166000.0,0.0,0.0,-2.38
TSLA,2023-08-02 00:00:00-04:00,255.57000732421875,259.5199890136719,250.49000549316406,254.11000061035156,101752900.0,0.0,0.0,-2.67
TSLA,2023-08-03 00:00:00-04:00,252.0399932861328,260.489990234375,252.0,259.32000732421875,97569100.0,0.0,0.0,2.05
TSLA,2023-08-04 00:00:00-04:00,260.9700012207031,264.7699890136719,253.11000061035156,253.86000061035156,99539900.0,0.0,0.0,-2.11
TSLA,2023-08-07 00:00:00-04:00,251.4499969482422,253.64999389648438,242.75999450683594,251.4499969482422,111097900.0,0.0,0.0,-0.95
TSLA,2023-08-08 00:00:00-04:00,247.4499969482422,250.9199981689453,245.00999450683594,249.6999969482422,96642200.0,0.0,0.0,-0.7
TSLA,2023-08-09 00:00:00-04:00,250.8699951171875,251.10000610351562,241.89999389648438,242.19000244140625,101596300.0,0.0,0.0,-3.01
TSLA,2023-08-10 00:00:00-04:00,245.39999389648438,251.8000030517578,243.0,245.33999633789062,109498600.0,0.0,0.0,1.3
TSLA,2023-08-11 00:00:00-04:00,241.77000427246094,243.7899932861328,238.02000427246094,242.64999389648438,99038600.0,0.0,0.0,-1.1
TSLA,2023-08-14 00:00:00-04:00,235.6999969482422,240.66000366210938,233.75,239.75999450683594,98595300.0,0.0,0.0,-1.19
TSLA,2023-08-15 00:00:00-04:00,238.72999572753906,240.5,232.61000061035156,232.9600067138672,88197600.0,0.0,0.0,-2.84
TSLA,2023-08-16 00:00:00-04:00,228.02000427246094,233.97000122070312,225.3800048828125,225.60000610351562,112484500.0,0.0,0.0,-3.16
TSLA,2023-08-17 00:00:00-04:00,226.05999755859375,226.74000549316406,218.8300018310547,219.22000122070312,120718400.0,0.0,0.0,-2.83
TSLA,2023-08-18 00:00:00-04:00,214.1199951171875,217.5800018310547,212.36000061035156,215.49000549316406,136276600.0,0.0,0.0,-1.7
TSLA,2023-08-21 00:00:00-04:00,221.5500030517578,232.1300048828125,220.5800018310547,231.27999877929688,135702700.0,0.0,0.0,7.33
TSLA,2023-08-22 00:00:00-04:00,240.25,240.82000732421875,229.5500030517578,233.19000244140625,130442800.0,0.0,0.0,0.83
TSLA,2023-08-23 00:00:00-04:00,229.33999633789062,238.97999572753906,229.2899932861328,236.86000061035156,101077600.0,0.0,0.0,1.57
TSLA,2023-08-24 00:00:00-04:00,238.66000366210938,238.9199981689453,228.17999267578125,230.0399932861328,99777400.0,0.0,0.0,-2.88
TSLA,2023-08-25 00:00:00-04:00,231.30999755859375,239.0,230.35000610351562,238.58999633789062,106612200.0,0.0,0.0,3.72
TSLA,2023-08-28 00:00:00-04:00,242.5800018310547,244.3800048828125,235.35000610351562,238.82000732421875,107673700.0,0.0,0.0,0.1
TSLA,2023-08-29 00:00:00-04:00,238.5800018310547,257.4800109863281,237.77000427246094,257.17999267578125,134047600.0,0.0,0.0,7.69
TSLA,2023-08-30 00:00:00-04:00,254.1999969482422,260.510009765625,250.58999633789062,256.8999938964844,121988400.0,0.0,0.0,-0.11
TSLA,2023-08-31 00:00:00-04:00,255.97999572753906,261.17999267578125,255.0500030517578,258.0799865722656,108861700.0,0.0,0.0,0.46
TSLA,2023-09-01 00:00:00-04:00,257.260009765625,259.0799865722656,242.00999450683594,245.00999450683594,132541600.0,0.0,0.0,-5.06
TSLA,2023-09-05 00:00:00-04:00,245.0,258.0,244.86000061035156,256.489990234375,129469600.0,0.0,0.0,4.69
TSLA,2023-09-06 00:00:00-04:00,255.13999938964844,255.38999938964844,245.05999755859375,251.9199981689453,116959800.0,0.0,0.0,-1.78
TSLA,2023-09-07 00:00:00-04:00,245.07000732421875,252.80999755859375,243.27000427246094,251.49000549316406,115312900.0,0.0,0.0,-0.17
TSLA,2023-09-08 00:00:00-04:00,251.22000122070312,256.5199890136719,246.6699981689453,248.5,118367700.0,0.0,0.0,-1.19
TSLA,2023-09-11 00:00:00-04:00,264.2699890136719,274.8500061035156,260.6099853515625,273.5799865722656,174667900.0,0.0,0.0,10.09
TSLA,2023-09-12 00:00:00-04:00,270.760009765625,278.3900146484375,266.6000061035156,267.4800109863281,135999900.0,0.0,0.0,-2.23
TSLA,2023-09-13 00:00:00-04:00,270.07000732421875,274.9800109863281,268.1000061035156,271.29998779296875,111673700.0,0.0,0.0,1.43
TSLA,2023-09-14 00:00:00-04:00,271.32000732421875,276.7099914550781,270.4200134277344,276.0400085449219,107709800.0,0.0,0.0,1.75
TSLA,2023-09-15 00:00:00-04:00,277.54998779296875,278.9800109863281,271.0,274.3900146484375,133692300.0,0.0,0.0,-0.6
TSLA,2023-09-18 00:00:00-04:00,271.1600036621094,271.44000244140625,263.760009765625,265.2799987792969,101543300.0,0.0,0.0,-3.32
TSLA,2023-09-19 00:00:00-04:00,264.3500061035156,267.8500061035156,261.20001220703125,266.5,103704000.0,0.0,0.0,0.46
TSLA,2023-09-20 00:00:00-04:00,267.0400085449219,273.92999267578125,262.4599914550781,262.5899963378906,122514600.0,0.0,0.0,-1.47
TSLA,2023-09-21 00:00:00-04:00,257.8500061035156,260.8599853515625,254.2100067138672,255.6999969482422,119951500.0,0.0,0.0,-2.62
TSLA,2023-09-22 00:00:00-04:00,257.3999938964844,257.7900085449219,244.47999572753906,244.8800048828125,127524100.0,0.0,0.0,-4.23
TSLA,2023-09-25 00:00:00-04:00,243.3800048828125,247.10000610351562,238.30999755859375,246.99000549316406,104636600.0,0.0,0.0,0.86
TSLA,2023-09-26 00:00:00-04:00,242.97999572753906,249.5500030517578,241.66000366210938,244.1199951171875,101993600.0,0.0,0.0,-1.16
TSLA,2023-09-27 00:00:00-04:00,244.25999450683594,245.3300018310547,234.5800018310547,240.5,136597200.0,0.0,0.0,-1.48
TSLA,2023-09-28 00:00:00-04:00,240.02000427246094,247.5500030517578,238.64999389648438,246.3800048828125,117058900.0,0.0,0.0,2.44
TSLA,2023-09-29 00:00:00-04:00,250.0,254.77000427246094,246.35000610351562,250.22000122070312,128522700.0,0.0,0.0,1.56
TSLA,2023-10-02 00:00:00-04:00,244.80999755859375,254.27999877929688,242.6199951171875,251.60000610351562,123810400.0,0.0,0.0,0.55
TSLA,2023-10-03 00:00:00-04:00,248.61000061035156,250.02000427246094,244.4499969482422,246.52999877929688,101985300.0,0.0,0.0,-2.02
TSLA,2023-10-04 00:00:00-04:00,248.13999938964844,261.8599853515625,247.60000610351562,261.1600036621094,129721600.0,0.0,0.0,5.93
TSLA,2023-10-05 00:00:00-04:00,260.0,263.6000061035156,256.25,260.04998779296875,119159200.0,0.0,0.0,-0.43
TSLA,2023-10-06 00:00:00-04:00,253.97999572753906,261.6499938964844,250.64999389648438,260.5299987792969,118121800.0,0.0,0.0,0.18
TSLA,2023-10-09 00:00:00-04:00,255.30999755859375,261.3599853515625,252.0500030517578,259.6700134277344,101377900.0,0.0,0.0,-0.33
TSLA,2023-10-10 00:00:00-04:00,257.75,268.94000244140625,257.6499938964844,263.6199951171875,122656000.0,0.0,0.0,1.52
TSLA,2023-10-11 00:00:00-04:00,266.20001220703125,268.6000061035156,260.8999938964844,262.989990234375,103706300.0,0.0,0.0,-0.24
TSLA,2023-10-12 00:00:00-04:00,262.9200134277344,265.4100036621094,256.6300048828125,258.8699951171875,111508100.0,0.0,0.0,-1.57
TSLA,2023-10-13 00:00:00-04:00,258.8999938964844,259.6000061035156,250.22000122070312,251.1199951171875,102073800.0,0.0,0.0,-2.99
TSLA,2023-10-16 00:00:00-04:00,250.0500030517578,255.39999389648438,248.47999572753906,253.9199981689453,88917200.0,0.0,0.0,1.12
TSLA,2023-10-17 00:00:00-04:00,250.10000610351562,257.17999267578125,247.0800018310547,254.85000610351562,93562900.0,0.0,0.0,0.37
TSLA,2023-10-18 00:00:00-04:00,252.6999969482422,254.6300048828125,242.0800018310547,242.67999267578125,125147800.0,0.0,0.0,-4.78
TSLA,2023-10-19 00:00:00-04:00,225.9499969482422,230.61000061035156,216.77999877929688,220.11000061035156,170772700.0,0.0,0.0,-9.3
TSLA,2023-10-20 00:00:00-04:00,217.00999450683594,218.86000061035156,210.4199981689453,211.99000549316406,138010100.0,0.0,0.0,-3.69
TSLA,2023-10-23 00:00:00-04:00,210.0,216.97999572753906,202.50999450683594,212.0800018310547,150683400.0,0.0,0.0,0.04
TSLA,2023-10-24 00:00:00-04:00,216.5,222.0500030517578,214.11000061035156,216.52000427246094,118231100.0,0.0,0.0,2.09
TSLA,2023-10-25 00:00:00-04:00,215.8800048828125,220.10000610351562,212.1999969482422,212.4199981689453,107065100.0,0.0,0.0,-1.89
TSLA,2023-10-26 00:00:00-04:00,211.32000732421875,214.8000030517578,204.8800048828125,205.75999450683594,115112600.0,0.0,0.0,-3.14
TSLA,2023-10-27 00:00:00-04:00,210.60000610351562,212.41000366210938,205.77000427246094,207.3000030517578,94881200.0,0.0,0.0,0.75
TSLA,2023-10-30 00:00:00-04:00,209.27999877929688,210.8800048828125,194.6699981689453,197.36000061035156,136448200.0,0.0,0.0,-4.79
TSLA,2023-10-31 00:00:00-04:00,196.1199951171875,202.8000030517578,194.07000732421875,200.83999633789062,118068300.0,0.0,0.0,1.76
TSLA,2023-11-01 00:00:00-04:00,204.0399932861328,205.99000549316406,197.85000610351562,205.66000366210938,121661700.0,0.0,0.0,2.4
TSLA,2023-11-02 00:00:00-04:00,212.97000122070312,219.1999969482422,211.4499969482422,218.50999450683594,125987600.0,0.0,0.0,6.25
TSLA,2023-11-03 00:00:00-04:00,221.14999389648438,226.3699951171875,218.39999389648438,219.9600067138672,119534800.0,0.0,0.0,0.66
TSLA,2023-11-06 00:00:00-05:00,223.97999572753906,226.32000732421875,215.0,219.27000427246094,117335800.0,0.0,0.0,-0.31
TSLA,2023-11-07 00:00:00-05:00,219.97999572753906,223.1199951171875,215.72000122070312,222.17999267578125,116900100.0,0.0,0.0,1.33
TSLA,2023-11-08 00:00:00-05:00,223.14999389648438,224.14999389648438,217.63999938964844,222.11000061035156,106584800.0,0.0,0.0,-0.03
TSLA,2023-11-09 00:00:00-05:00,219.75,220.8000030517578,206.67999267578125,209.97999572753906,142110500.0,0.0,0.0,-5.46
TSLA,2023-11-10 00:00:00-05:00,210.02999877929688,215.3800048828125,205.69000244140625,214.64999389648438,130994000.0,0.0,0.0,2.22
TSLA,2023-11-13 00:00:00-05:00,215.60000610351562,225.39999389648438,211.61000061035156,223.7100067138672,140447600.0,0.0,0.0,4.22
TSLA,2023-11-14 00:00:00-05:00,235.02999877929688,238.13999938964844,230.72000122070312,237.41000366210938,149771600.0,0.0,0.0,6.12
TSLA,2023-11-15 00:00:00-05:00,239.2899932861328,246.6999969482422,236.4499969482422,242.83999633789062,150354000.0,0.0,0.0,2.29
TSLA,2023-11-16 00:00:00-05:00,239.49000549316406,240.8800048828125,230.9600067138672,233.58999633789062,136816800.0,0.0,0.0,-3.81
TSLA,2023-11-17 00:00:00-05:00,232.0,237.38999938964844,226.5399932861328,234.3000030517578,142532800.0,0.0,0.0,0.3
TSLA,2023-11-20 00:00:00-05:00,234.0399932861328,237.10000610351562,231.02000427246094,235.60000610351562,116320100.0,0.0,0.0,0.55
TSLA,2023-11-21 00:00:00-05:00,235.0399932861328,243.6199951171875,233.33999633789062,241.1999969482422,122288000.0,0.0,0.0,2.38
TSLA,2023-11-22 00:00:00-05:00,242.0399932861328,244.00999450683594,231.39999389648438,234.2100067138672,117950600.0,0.0,0.0,-2.9
TSLA,2023-11-24 00:00:00-05:00,233.75,238.75,232.3300018310547,235.4499969482422,65125200.0,0.0,0.0,0.53
TSLA,2023-11-27 00:00:00-05:00,236.88999938964844,238.3300018310547,232.10000610351562,236.0800018310547,112031800.0,0.0,0.0,0.27
TSLA,2023-11-28 00:00:00-05:00,236.67999267578125,247.0,234.00999450683594,246.72000122070312,148549900.0,0.0,0.0,4.51
TSLA,2023-11-29 00:00:00-05:00,249.2100067138672,252.75,242.75999450683594,244.13999938964844,135401300.0,0.0,0.0,-1.05
TSLA,2023-11-30 00:00:00-05:00,245.13999938964844,245.22000122070312,236.91000366210938,240.0800018310547,132353200.0,0.0,0.0,-1.66
TSLA,2023-12-01 00:00:00-05:00,233.13999938964844,240.19000244140625,231.89999389648438,238.8300018310547,121331700.0,0.0,0.0,-0.52
TSLA,2023-12-04 00:00:00-05:00,235.75,239.3699951171875,233.2899932861328,235.5800018310547,104099800.0,0.0,0.0,-1.36
TSLA,2023-12-05 00:00:00-05:00,233.8699951171875,246.66000366210938,233.6999969482422,238.72000122070312,137971100.0,0.0,0.0,1.33
TSLA,2023-12-06 00:00:00-05:00,242.9199981689453,246.57000732421875,239.1699981689453,239.3699951171875,126436200.0,0.0,0.0,0.27
TSLA,2023-12-07 00:00:00-05:00,241.5500030517578,244.0800018310547,236.97999572753906,242.63999938964844,107142300.0,0.0,0.0,1.37
TSLA,2023-12-08 00:00:00-05:00,240.27000427246094,245.27000427246094,239.27000427246094,243.83999633789062,103126800.0,0.0,0.0,0.49
TSLA,2023-12-11 00:00:00-05:00,242.74000549316406,243.44000244140625,237.4499969482422,239.74000549316406,97913900.0,0.0,0.0,-1.68
TSLA,2023-12-12 00:00:00-05:00,238.5500030517578,238.99000549316406,233.8699951171875,237.00999450683594,95328300.0,0.0,0.0,-1.14
TSLA,2023-12-13 00:00:00-05:00,234.19000244140625,240.3000030517578,228.1999969482422,239.2899932861328,146286300.0,0.0,0.0,0.96
TSLA,2023-12-14 00:00:00-05:00,241.22000122070312,253.8800048828125,240.7899932861328,251.0500030517578,160829200.0,0.0,0.0,4.91
TSLA,2023-12-15 00:00:00-05:00,251.2100067138672,254.1300048828125,248.3000030517578,253.5,135932800.0,0.0,0.0,0.98
TSLA,2023-12-18 00:00:00-05:00,253.77999877929688,258.739990234375,251.36000061035156,252.0800018310547,116416500.0,0.0,0.0,-0.56
TSLA,2023-12-19 00:00:00-05:00,253.47999572753906,258.3399963378906,253.00999450683594,257.2200012207031,106737400.0,0.0,0.0,2.04
TSLA,2023-12-20 00:00:00-05:00,256.4100036621094,259.8399963378906,247.0,247.13999938964844,125097000.0,0.0,0.0,-3.92
TSLA,2023-12-21 00:00:00-05:00,251.89999389648438,254.8000030517578,248.5500030517578,254.5,109594200.0,0.0,0.0,2.98
TSLA,2023-12-22 00:00:00-05:00,256.760009765625,258.2200012207031,251.3699951171875,252.5399932861328,93370100.0,0.0,0.0,-0.77
TSLA,2023-12-26 00:00:00-05:00,254.49000549316406,257.9700012207031,252.91000366210938,256.6099853515625,86892400.0,0.0,0.0,1.61
TSLA,2023-12-27 00:00:00-05:00,258.3500061035156,263.3399963378906,257.5199890136719,261.44000244140625,106494400.0,0.0,0.0,1.88
TSLA,2023-12-28 00:00:00-05:00,263.6600036621094,265.1300048828125,252.7100067138672,253.17999267578125,113619900.0,0.0,0.0,-3.16
TSLA,2023-12-29 00:00:00-05:00,255.10000610351562,255.19000244140625,247.42999267578125,248.47999572753906,100891600.0,0.0,0.0,-1.86
TSLA,2024-01-02 00:00:00-05:00,250.0800018310547,251.25,244.41000366210938,248.4199981689453,104654200.0,0.0,0.0,-0.02
TSLA,2024-01-03 00:00:00-05:00,244.97999572753906,245.67999267578125,236.32000732421875,238.4499969482422,121082600.0,0.0,0.0,-4.01
TSLA,2024-01-04 00:00:00-05:00,239.25,242.6999969482422,237.72999572753906,237.92999267578125,102629300.0,0.0,0.0,-0.22
TSLA,2024-01-05 00:00:00-05:00,236.86000061035156,240.1199951171875,234.89999389648438,237.49000549316406,92488900.0,0.0,0.0,-0.18
TSLA,2024-01-08 00:00:00-05:00,236.13999938964844,241.25,235.3000030517578,240.4499969482422,85166600.0,0.0,0.0,1.25
TSLA,2024-01-09 00:00:00-05:00,238.11000061035156,238.9600067138672,232.0399932861328,234.9600067138672,96705700.0,0.0,0.0,-2.28
TSLA,2024-01-10 00:00:00-05:00,235.10000610351562,235.5,231.2899932861328,233.94000244140625,91628500.0,0.0,0.0,-0.43
TSLA,2024-01-11 00:00:00-05:00,230.57000732421875,230.92999267578125,225.3699951171875,227.22000122070312,105873600.0,0.0,0.0,-2.87
TSLA,2024-01-12 00:00:00-05:00,220.0800018310547,225.33999633789062,217.14999389648438,218.88999938964844,123043800.0,0.0,0.0,-3.67
TSLA,2024-01-16 00:00:00-05:00,215.10000610351562,223.49000549316406,212.17999267578125,219.91000366210938,115355000.0,0.0,0.0,0.47
TSLA,2024-01-17 00:00:00-05:00,214.86000061035156,215.6699981689453,212.00999450683594,215.5500030517578,103164400.0,0.0,0.0,-1.98
TSLA,2024-01-18 00:00:00-05:00,216.8800048828125,217.4499969482422,208.74000549316406,211.8800048828125,108595400.0,0.0,0.0,-1.7
TSLA,2024-01-19 00:00:00-05:00,209.99000549316406,213.19000244140625,207.55999755859375,212.19000244140625,102260300.0,0.0,0.0,0.15
TSLA,2024-01-22 00:00:00-05:00,212.25999450683594,217.8000030517578,206.27000427246094,208.8000030517578,117952500.0,0.0,0.0,-1.6
TSLA,2024-01-23 00:00:00-05:00,211.3000030517578,215.64999389648438,207.75,209.13999938964844,106605900.0,0.0,0.0,0.16
TSLA,2024-01-24 00:00:00-05:00,211.8800048828125,212.72999572753906,206.77000427246094,207.8300018310547,123369900.0,0.0,0.0,-0.63
TSLA,2024-01-25 00:00:00-05:00,189.6999969482422,193.0,180.05999755859375,182.6300048828125,198076800.0,0.0,0.0,-12.13
TSLA,2024-01-26 00:00:00-05:00,185.5,186.77999877929688,182.10000610351562,183.25,107343200.0,0.0,0.0,0.34
TSLA,2024-01-29 00:00:00-05:00,185.6300048828125,191.47999572753906,183.6699981689453,190.92999267578125,125013100.0,0.0,0.0,4.19
TSLA,2024-01-30 00:00:00-05:00,195.3300018310547,196.36000061035156,190.61000061035156,191.58999633789062,109982300.0,0.0,0.0,0.35
TSLA,2024-01-31 00:00:00-05:00,187.0,193.97000122070312,185.85000610351562,187.2899932861328,103221400.0,0.0,0.0,-2.24
TSLA,2024-02-01 00:00:00-05:00,188.5,189.8800048828125,184.27999877929688,188.86000061035156,91843300.0,0.0,0.0,0.84
TSLA,2024-02-02 00:00:00-05:00,185.0399932861328,188.69000244140625,182.0,187.91000366210938,110612700.0,0.0,0.0,-0.5
TSLA,2024-02-05 00:00:00-05:00,184.25999450683594,184.67999267578125,175.00999450683594,181.05999755859375,134294400.0,0.0,0.0,-3.65
TSLA,2024-02-06 00:00:00-05:00,177.2100067138672,186.49000549316406,177.11000061035156,185.10000610351562,122676000.0,0.0,0.0,2.23
TSLA,2024-02-07 00:00:00-05:00,188.17999267578125,189.7899932861328,182.67999267578125,187.5800018310547,111535200.0,0.0,0.0,1.34
TSLA,2024-02-08 00:00:00-05:00,189.0,191.6199951171875,185.5800018310547,189.55999755859375,83034000.0,0.0,0.0,1.06
TSLA,2024-02-09 00:00:00-05:00,190.17999267578125,194.1199951171875,189.47999572753906,193.57000732421875,84476300.0,0.0,0.0,2.12
TSLA,2024-02-12 00:00:00-05:00,192.11000061035156,194.72999572753906,187.27999877929688,188.1300048828125,95498600.0,0.0,0.0,-2.81
TSLA,2024-02-13 00:00:00-05:00,183.99000549316406,187.25999450683594,182.11000061035156,184.02000427246094,86759500.0,0.0,0.0,-2.18
TSLA,2024-02-14 00:00:00-05:00,185.3000030517578,188.88999938964844,183.35000610351562,188.7100067138672,81203000.0,0.0,0.0,2.55
TSLA,2024-02-15 00:00:00-05:00,189.16000366210938,200.8800048828125,188.86000061035156,200.4499969482422,120831800.0,0.0,0.0,6.22
TSLA,2024-02-16 00:00:00-05:00,202.05999755859375,203.1699981689453,197.39999389648438,199.9499969482422,111346700.0,0.0,0.0,-0.25
TSLA,2024-02-20 00:00:00-05:00,196.1300048828125,198.60000610351562,189.1300048828125,193.75999450683594,104545800.0,0.0,0.0,-3.1
TSLA,2024-02-21 00:00:00-05:00,193.36000061035156,199.44000244140625,191.9499969482422,194.77000427246094,103500300.0,0.0,0.0,0.52
TSLA,2024-02-22 00:00:00-05:00,194.0,198.32000732421875,191.36000061035156,197.41000366210938,92739500.0,0.0,0.0,1.36
TSLA,2024-02-23 00:00:00-05:00,195.30999755859375,197.57000732421875,191.5,191.97000122070312,78841900.0,0.0,0.0,-2.76
TSLA,2024-02-26 00:00:00-05:00,192.2899932861328,201.77999877929688,192.0,199.39999389648438,111747100.0,0.0,0.0,3.87
TSLA,2024-02-27 00:00:00-05:00,204.0399932861328,205.60000610351562,198.25999450683594,199.72999572753906,108645400.0,0.0,0.0,0.17
TSLA,2024-02-28 00:00:00-05:00,200.4199981689453,205.3000030517578,198.44000244140625,202.0399932861328,99806200.0,0.0,0.0,1.16
TSLA,2024-02-29 00:00:00-05:00,204.17999267578125,205.27999877929688,198.4499969482422,201.8800048828125,85907000.0,0.0,0.0,-0.08
TSLA,2024-03-01 00:00:00-05:00,200.52000427246094,204.52000427246094,198.5,202.63999938964844,82243100.0,0.0,0.0,0.38
TSLA,2024-03-04 00:00:00-05:00,198.72999572753906,199.75,186.72000122070312,188.13999938964844,134334900.0,0.0,0.0,-7.16
TSLA,2024-03-05 00:00:00-05:00,183.0500030517578,184.58999633789062,177.57000732421875,180.74000549316406,119660800.0,0.0,0.0,-3.93
TSLA,2024-03-06 00:00:00-05:00,179.99000549316406,181.5800018310547,173.6999969482422,176.5399932861328,107920900.0,0.0,0.0,-2.32
TSLA,2024-03-07 00:00:00-05:00,174.35000610351562,180.0399932861328,173.6999969482422,178.64999389648438,102129000.0,0.0,0.0,1.2
TSLA,2024-03-08 00:00:00-05:00,181.5,182.72999572753906,174.6999969482422,175.33999633789062,85544600.0,0.0,0.0,-1.85
TSLA,2024-03-11 00:00:00-04:00,175.4499969482422,182.8699951171875,174.8000030517578,177.77000427246094,85391500.0,0.0,0.0,1.39
TSLA,2024-03-12 00:00:00-04:00,177.77000427246094,179.42999267578125,172.41000366210938,177.5399932861328,87391700.0,0.0,0.0,-0.13
TSLA,2024-03-13 00:00:00-04:00,173.0500030517578,176.0500030517578,169.14999389648438,169.47999572753906,106524500.0,0.0,0.0,-4.54
TSLA,2024-03-14 00:00:00-04:00,167.77000427246094,171.1699981689453,160.50999450683594,162.5,126325700.0,0.0,0.0,-4.12
TSLA,2024-03-15 00:00:00-04:00,163.16000366210938,165.17999267578125,160.75999450683594,163.57000732421875,97146800.0,0.0,0.0,0.66
TSLA,2024-03-18 00:00:00-04:00,170.02000427246094,174.72000122070312,165.89999389648438,173.8000030517578,108214400.0,0.0,0.0,6.25
TSLA,2024-03-19 00:00:00-04:00,172.36000061035156,172.82000732421875,167.4199981689453,171.32000732421875,77271400.0,0.0,0.0,-1.43
TSLA,2024-03-20 00:00:00-04:00,173.0,176.25,170.82000732421875,175.66000366210938,83846700.0,0.0,0.0,2.53
TSLA,2024-03-21 00:00:00-04:00,176.38999938964844,178.17999267578125,171.8000030517578,172.82000732421875,73178000.0,0.0,0.0,-1.62
TSLA,2024-03-22 00:00:00-04:00,166.69000244140625,171.1999969482422,166.3000030517578,170.8300018310547,75580600.0,0.0,0.0,-1.15
TSLA,2024-03-25 00:00:00-04:00,168.75999450683594,175.24000549316406,168.72999572753906,172.6300048828125,74228600.0,0.0,0.0,1.05
TSLA,2024-03-26 00:00:00-04:00,178.5800018310547,184.25,177.3800048828125,177.6699981689453,113186200.0,0.0,0.0,2.92
TSLA,2024-03-27 00:00:00-04:00,181.41000366210938,181.91000366210938,176.0,179.8300018310547,81804000.0,0.0,0.0,1.22
TSLA,2024-03-28 00:00:00-04:00,177.4499969482422,179.57000732421875,175.3000030517578,175.7899932861328,77654800.0,0.0,0.0,-2.25
TSLA,2024-04-01 00:00:00-04:00,176.1699981689453,176.75,170.2100067138672,175.22000122070312,81562100.0,0.0,0.0,-0.32
TSLA,2024-04-02 00:00:00-04:00,164.75,167.69000244140625,163.42999267578125,166.6300048828125,116650600.0,0.0,0.0,-4.9
TSLA,2024-04-03 00:00:00-04:00,164.02000427246094,168.82000732421875,163.27999877929688,168.3800048828125,82950100.0,0.0,0.0,1.05
TSLA,2024-04-04 00:00:00-04:00,170.07000732421875,177.19000244140625,168.00999450683594,171.11000061035156,123162000.0,0.0,0.0,1.62
TSLA,2024-04-05 00:00:00-04:00,169.0800018310547,170.86000061035156,160.50999450683594,164.89999389648438,143157600.0,0.0,0.0,-3.63
TSLA,2024-04-08 00:00:00-04:00,169.33999633789062,174.5,167.7899932861328,172.97999572753906,104423300.0,0.0,0.0,4.9
TSLA,2024-04-09 00:00:00-04:00,172.91000366210938,179.22000122070312,171.9199981689453,176.8800048828125,102951700.0,0.0,0.0,2.25
TSLA,2024-04-10 00:00:00-04:00,173.0399932861328,174.92999267578125,170.00999450683594,171.75999450683594,84532400.0,0.0,0.0,-2.89
TSLA,2024-04-11 00:00:00-04:00,172.5500030517578,175.8800048828125,168.50999450683594,174.60000610351562,94516000.0,0.0,0.0,1.65
TSLA,2024-04-12 00:00:00-04:00,172.33999633789062,173.80999755859375,170.36000061035156,171.0500030517578,64722700.0,0.0,0.0,-2.03
TSLA,2024-04-15 00:00:00-04:00,170.24000549316406,170.69000244140625,161.3800048828125,161.47999572753906,100245300.0,0.0,0.0,-5.59
TSLA,2024-04-16 00:00:00-04:00,156.74000549316406,158.19000244140625,153.75,157.11000061035156,97000000.0,0.0,0.0,-2.71
TSLA,2024-04-17 00:00:00-04:00,157.63999938964844,158.3300018310547,153.77999877929688,155.4499969482422,82439700.0,0.0,0.0,-1.06
TSLA,2024-04-18 00:00:00-04:00,151.25,152.1999969482422,148.6999969482422,149.92999267578125,96098800.0,0.0,0.0,-3.55
TSLA,2024-04-19 00:00:00-04:00,148.97000122070312,150.94000244140625,146.22000122070312,147.0500030517578,87074500.0,0.0,0.0,-1.92
TSLA,2024-04-22 00:00:00-04:00,140.55999755859375,144.44000244140625,138.8000030517578,142.0500030517578,107097600.0,0.0,0.0,-3.4
TSLA,2024-04-23 00:00:00-04:00,143.3300018310547,147.25999450683594,141.11000061035156,144.67999267578125,124545100.0,0.0,0.0,1.85
TSLA,2024-04-24 00:00:00-04:00,162.83999633789062,167.97000122070312,157.50999450683594,162.1300048828125,181178000.0,0.0,0.0,12.06
TSLA,2024-04-25 00:00:00-04:00,158.9600067138672,170.8800048828125,158.36000061035156,170.17999267578125,126427500.0,0.0,0.0,4.97
TSLA,2024-04-26 00:00:00-04:00,168.85000610351562,172.1199951171875,166.3699951171875,168.2899932861328,109815700.0,0.0,0.0,-1.11
TSLA,2024-04-29 00:00:00-04:00,188.4199981689453,198.8699951171875,184.5399932861328,194.0500030517578,243869700.0,0.0,0.0,15.31
TSLA,2024-04-30 00:00:00-04:00,186.97999572753906,190.9499969482422,182.83999633789062,183.27999877929688,127031800.0,0.0,0.0,-5.55
TSLA,2024-05-01 00:00:00-04:00,182.0,185.86000061035156,179.00999450683594,179.99000549316406,92829700.0,0.0,0.0,-1.8
TSLA,2024-05-02 00:00:00-04:00,182.86000061035156,184.60000610351562,176.02000427246094,180.00999450683594,89148000.0,0.0,0.0,0.01
TSLA,2024-05-03 00:00:00-04:00,182.10000610351562,184.77999877929688,178.4199981689453,181.19000244140625,75491500.0,0.0,0.0,0.66
TSLA,2024-05-06 00:00:00-04:00,183.8000030517578,187.55999755859375,182.1999969482422,184.75999450683594,84390300.0,0.0,0.0,1.97
TSLA,2024-05-07 00:00:00-04:00,182.39999389648438,183.25999450683594,177.39999389648438,177.80999755859375,75045900.0,0.0,0.0,-3.76
TSLA,2024-05-08 00:00:00-04:00,171.58999633789062,176.05999755859375,170.14999389648438,174.72000122070312,79969500.0,0.0,0.0,-1.74
TSLA,2024-05-09 00:00:00-04:00,175.00999450683594,175.6199951171875,171.3699951171875,171.97000122070312,65950300.0,0.0,0.0,-1.57
TSLA,2024-05-10 00:00:00-04:00,173.0500030517578,173.05999755859375,167.75,168.47000122070312,72627200.0,0.0,0.0,-2.04
TSLA,2024-05-13 00:00:00-04:00,170.0,175.39999389648438,169.0,171.88999938964844,67018900.0,0.0,0.0,2.03
TSLA,2024-05-14 00:00:00-04:00,174.5,179.49000549316406,174.07000732421875,177.5500030517578,86407400.0,0.0,0.0,3.29
TSLA,2024-05-15 00:00:00-04:00,179.89999389648438,180.0,173.11000061035156,173.99000549316406,79663000.0,0.0,0.0,-2.01
TSLA,2024-05-16 00:00:00-04:00,174.10000610351562,175.7899932861328,171.42999267578125,174.83999633789062,59812200.0,0.0,0.0,0.49
TSLA,2024-05-17 00:00:00-04:00,173.5500030517578,179.6300048828125,172.75,177.4600067138672,77445800.0,0.0,0.0,1.5
TSLA,2024-05-20 00:00:00-04:00,177.55999755859375,177.75,173.52000427246094,174.9499969482422,61727400.0,0.0,0.0,-1.41
TSLA,2024-05-21 00:00:00-04:00,175.50999450683594,186.8800048828125,174.7100067138672,186.60000610351562,115266500.0,0.0,0.0,6.66
TSLA,2024-05-22 00:00:00-04:00,182.85000610351562,183.8000030517578,178.1199951171875,180.11000061035156,88313500.0,0.0,0.0,-3.48
TSLA,2024-05-23 00:00:00-04:00,181.8000030517578,181.89999389648438,173.25999450683594,173.74000549316406,71975500.0,0.0,0.0,-3.54
TSLA,2024-05-24 00:00:00-04:00,174.83999633789062,180.0800018310547,173.72999572753906,179.24000549316406,65584500.0,0.0,0.0,3.17
TSLA,2024-05-28 00:00:00-04:00,176.39999389648438,178.25,173.16000366210938,176.75,59736600.0,0.0,0.0,-1.39
TSLA,2024-05-29 00:00:00-04:00,174.19000244140625,178.14999389648438,173.92999267578125,176.19000244140625,54782600.0,0.0,0.0,-0.32
TSLA,2024-05-30 00:00:00-04:00,178.5800018310547,182.6699981689453,175.3800048828125,178.7899932861328,77618400.0,0.0,0.0,1.48
TSLA,2024-05-31 00:00:00-04:00,178.5,180.32000732421875,173.82000732421875,178.0800018310547,67314600.0,0.0,0.0,-0.4
TSLA,2024-06-03 00:00:00-04:00,178.1300048828125,182.63999938964844,174.49000549316406,176.2899932861328,68568900.0,0.0,0.0,-1.01
TSLA,2024-06-04 00:00:00-04:00,174.77999877929688,177.75999450683594,174.0,174.77000427246094,60056300.0,0.0,0.0,-0.86
TSLA,2024-06-05 00:00:00-04:00,175.35000610351562,176.14999389648438,172.1300048828125,175.0,57953800.0,0.0,0.0,0.13
TSLA,2024-06-06 00:00:00-04:00,174.60000610351562,179.72999572753906,172.72999572753906,177.94000244140625,69887000.0,0.0,0.0,1.68
TSLA,2024-06-07 00:00:00-04:00,176.1300048828125,179.35000610351562,175.5800018310547,177.47999572753906,56244900.0,0.0,0.0,-0.26
TSLA,2024-06-10 00:00:00-04:00,176.05999755859375,178.57000732421875,173.1699981689453,173.7899932861328,50774600.0,0.0,0.0,-2.08
TSLA,2024-06-11 00:00:00-04:00,173.9199981689453,174.75,167.41000366210938,170.66000366210938,64761900.0,0.0,0.0,-1.8
TSLA,2024-06-12 00:00:00-04:00,171.1199951171875,180.5500030517578,169.8000030517578,177.2899932861328,90389400.0,0.0,0.0,3.88
TSLA,2024-06-13 00:00:00-04:00,188.38999938964844,191.0800018310547,181.22999572753906,182.47000122070312,118984100.0,0.0,0.0,2.92
TSLA,2024-06-14 00:00:00-04:00,185.8000030517578,186.0,176.9199981689453,178.00999450683594,82038200.0,0.0,0.0,-2.44
TSLA,2024-06-17 00:00:00-04:00,177.9199981689453,188.80999755859375,177.0,187.44000244140625,109786100.0,0.0,0.0,5.3
TSLA,2024-06-18 00:00:00-04:00,186.55999755859375,187.1999969482422,182.3699951171875,184.86000061035156,68982300.0,0.0,0.0,-1.38
TSLA,2024-06-20 00:00:00-04:00,184.67999267578125,185.2100067138672,179.66000366210938,181.57000732421875,55893100.0,0.0,0.0,-1.78
TSLA,2024-06-21 00:00:00-04:00,182.3000030517578,183.9499969482422,180.69000244140625,183.00999450683594,61937300.0,0.0,0.0,0.79
TSLA,2024-06-24 00:00:00-04:00,184.97000122070312,188.8000030517578,182.5500030517578,182.5800018310547,61992100.0,0.0,0.0,-0.23
TSLA,2024-06-25 00:00:00-04:00,184.39999389648438,187.97000122070312,182.00999450683594,187.35000610351562,62905700.0,0.0,0.0,2.61
TSLA,2024-06-26 00:00:00-04:00,186.5399932861328,197.75999450683594,186.36000061035156,196.3699951171875,95737100.0,0.0,0.0,4.81
TSLA,2024-06-27 00:00:00-04:00,195.1699981689453,198.72000122070312,194.0500030517578,197.4199981689453,72746500.0,0.0,0.0,0.53
TSLA,2024-06-28 00:00:00-04:00,199.5500030517578,203.1999969482422,195.25999450683594,197.8800048828125,95438100.0,0.0,0.0,0.23
TSLA,2024-07-01 00:00:00-04:00,201.02000427246094,213.22999572753906,200.85000610351562,209.86000061035156,135691400.0,0.0,0.0,6.05
TSLA,2024-07-02 00:00:00-04:00,218.88999938964844,231.3000030517578,218.05999755859375,231.25999450683594,205047900.0,0.0,0.0,10.2
TSLA,2024-07-03 00:00:00-04:00,234.55999755859375,248.35000610351562,234.25,246.38999938964844,166561500.0,0.0,0.0,6.54
TSLA,2024-07-05 00:00:00-04:00,249.80999755859375,252.3699951171875,242.4600067138672,251.52000427246094,154501200.0,0.0,0.0,2.08
TSLA,2024-07-08 00:00:00-04:00,247.7100067138672,259.44000244140625,244.57000732421875,252.94000244140625,157219600.0,0.0,0.0,0.56
TSLA,2024-07-09 00:00:00-04:00,251.0,265.6099853515625,250.3000030517578,262.3299865722656,160210900.0,0.0,0.0,3.71
TSLA,2024-07-10 00:00:00-04:00,262.79998779296875,267.5899963378906,257.8599853515625,263.260009765625,128519400.0,0.0,0.0,0.35
TSLA,2024-07-11 00:00:00-04:00,263.29998779296875,271.0,239.64999389648438,241.02999877929688,221707300.0,0.0,0.0,-8.44
TSLA,2024-07-12 00:00:00-04:00,235.8000030517578,251.83999633789062,233.08999633789062,248.22999572753906,155955800.0,0.0,0.0,2.99
TSLA,2024-07-15 00:00:00-04:00,255.97000122070312,265.6000061035156,251.72999572753906,252.63999938964844,146912900.0,0.0,0.0,1.78
TSLA,2024-07-16 00:00:00-04:00,255.30999755859375,258.6199951171875,245.8000030517578,256.55999755859375,126332500.0,0.0,0.0,1.55
TSLA,2024-07-17 00:00:00-04:00,252.72999572753906,258.4700012207031,246.17999267578125,248.5,115584800.0,0.0,0.0,-3.14
TSLA,2024-07-18 00:00:00-04:00,251.08999633789062,257.1400146484375,247.1999969482422,249.22999572753906,110869000.0,0.0,0.0,0.29
TSLA,2024-07-19 00:00:00-04:00,247.7899932861328,249.44000244140625,236.8300018310547,239.1999969482422,87403900.0,0.0,0.0,-4.02
TSLA,2024-07-22 00:00:00-04:00,244.2100067138672,253.2100067138672,243.75,251.50999450683594,101225400.0,0.0,0.0,5.15
TSLA,2024-07-23 00:00:00-04:00,253.60000610351562,255.75999450683594,245.6300048828125,246.3800048828125,111928200.0,0.0,0.0,-2.04
TSLA,2024-07-24 00:00:00-04:00,225.4199981689453,225.99000549316406,214.7100067138672,215.99000549316406,167942900.0,0.0,0.0,-12.33
TSLA,2024-07-25 00:00:00-04:00,216.8000030517578,226.0,216.22999572753906,220.25,100636500.0,0.0,0.0,1.97
TSLA,2024-07-26 00:00:00-04:00,221.19000244140625,222.27999877929688,215.3300018310547,219.8000030517578,94604100.0,0.0,0.0,-0.2
TSLA,2024-07-29 00:00:00-04:00,224.89999389648438,234.27000427246094,224.6999969482422,232.10000610351562,129201800.0,0.0,0.0,5.6
TSLA,2024-07-30 00:00:00-04:00,232.25,232.41000366210938,220.0,222.6199951171875,100560300.0,0.0,0.0,-4.08
TSLA,2024-07-31 00:00:00-04:00,227.89999389648438,234.67999267578125,226.7899932861328,232.07000732421875,67497000.0,0.0,0.0,4.24
TSLA,2024-08-01 00:00:00-04:00,227.69000244140625,231.8699951171875,214.3300018310547,216.86000061035156,83861900.0,0.0,0.0,-6.55
TSLA,2024-08-02 00:00:00-04:00,214.8800048828125,216.1300048828125,205.77999877929688,207.6699981689453,82880100.0,0.0,0.0,-4.24
TSLA,2024-08-05 00:00:00-04:00,185.22000122070312,203.8800048828125,182.0,198.8800048828125,100308800.0,0.0,0.0,-4.23
TSLA,2024-08-06 00:00:00-04:00,200.75,202.89999389648438,192.6699981689453,200.63999938964844,73783900.0,0.0,0.0,0.88
TSLA,2024-08-07 00:00:00-04:00,200.77000427246094,203.49000549316406,191.47999572753906,191.75999450683594,71159800.0,0.0,0.0,-4.43
TSLA,2024-08-08 00:00:00-04:00,195.6999969482422,200.6999969482422,192.0399932861328,198.83999633789062,65033900.0,0.0,0.0,3.69
TSLA,2024-08-09 00:00:00-04:00,197.0500030517578,200.8800048828125,195.11000061035156,200.0,58648300.0,0.0,0.0,0.58
TSLA,2024-08-12 00:00:00-04:00,199.02000427246094,199.25999450683594,194.6699981689453,197.49000549316406,64044900.0,0.0,0.0,-1.25
TSLA,2024-08-13 00:00:00-04:00,198.47000122070312,208.49000549316406,197.05999755859375,207.8300018310547,76247400.0,0.0,0.0,5.24
TSLA,2024-08-14 00:00:00-04:00,207.38999938964844,208.44000244140625,198.75,201.3800048828125,70250000.0,0.0,0.0,-3.1
TSLA,2024-08-15 00:00:00-04:00,205.02000427246094,215.8800048828125,204.82000732421875,214.13999938964844,89848500.0,0.0,0.0,6.34
TSLA,2024-08-16 00:00:00-04:00,211.14999389648438,219.8000030517578,210.8000030517578,216.1199951171875,88765100.0,0.0,0.0,0.92
TSLA,2024-08-19 00:00:00-04:00,217.07000732421875,222.97999572753906,214.08999633789062,222.72000122070312,76435200.0,0.0,0.0,3.05
TSLA,2024-08-20 00:00:00-04:00,224.8800048828125,228.22000122070312,219.55999755859375,221.10000610351562,74001200.0,0.0,0.0,-0.73
TSLA,2024-08-21 00:00:00-04:00,222.6699981689453,224.66000366210938,218.86000061035156,223.27000427246094,70146000.0,0.0,0.0,0.98
TSLA,2024-08-22 00:00:00-04:00,223.82000732421875,224.8000030517578,210.32000732421875,210.66000366210938,79514500.0,0.0,0.0,-5.65
TSLA,2024-08-23 00:00:00-04:00,214.4600067138672,221.47999572753906,214.2100067138672,220.32000732421875,81525200.0,0.0,0.0,4.59
TSLA,2024-08-26 00:00:00-04:00,218.75,219.08999633789062,211.00999450683594,213.2100067138672,59301200.0,0.0,0.0,-3.23
TSLA,2024-08-27 00:00:00-04:00,213.25,215.66000366210938,206.94000244140625,209.2100067138672,62821400.0,0.0,0.0,-1.88
TSLA,2024-08-28 00:00:00-04:00,209.72000122070312,211.83999633789062,202.58999633789062,205.75,64116400.0,0.0,0.0,-1.65
TSLA,2024-08-29 00:00:00-04:00,209.8000030517578,214.88999938964844,205.97000122070312,206.27999877929688,62308800.0,0.0,0.0,0.26
TSLA,2024-08-30 00:00:00-04:00,208.6300048828125,214.57000732421875,207.02999877929688,214.11000061035156,63370600.0,0.0,0.0,3.8
TSLA,2024-09-03 00:00:00-04:00,215.25999450683594,219.89999389648438,209.63999938964844,210.60000610351562,76714200.0,0.0,0.0,-1.64
TSLA,2024-09-04 00:00:00-04:00,210.58999633789062,222.22000122070312,210.57000732421875,219.41000366210938,80651800.0,0.0,0.0,4.18
TSLA,2024-09-05 00:00:00-04:00,223.49000549316406,235.0,222.25,230.1699981689453,119355000.0,0.0,0.0,4.9
TSLA,2024-09-06 00:00:00-04:00,232.60000610351562,233.60000610351562,210.50999450683594,210.72999572753906,112177000.0,0.0,0.0,-8.45
TSLA,2024-09-09 00:00:00-04:00,216.1999969482422,219.8699951171875,213.6699981689453,216.27000427246094,67443500.0,0.0,0.0,2.63
TSLA,2024-09-10 00:00:00-04:00,220.07000732421875,226.39999389648438,218.63999938964844,226.1699981689453,78891100.0,0.0,0.0,4.58
TSLA,2024-09-11 00:00:00-04:00,224.5500030517578,228.47000122070312,216.8000030517578,228.1300048828125,83548600.0,0.0,0.0,0.87
TSLA,2024-09-12 00:00:00-04:00,224.66000366210938,231.4499969482422,223.8300018310547,229.80999755859375,71894900.0,0.0,0.0,0.74
TSLA,2024-09-13 00:00:00-04:00,228.0,232.6699981689453,226.32000732421875,230.2899932861328,59515100.0,0.0,0.0,0.21
TSLA,2024-09-16 00:00:00-04:00,229.3000030517578,229.9600067138672,223.52999877929688,226.77999877929688,54323000.0,0.0,0.0,-1.52
TSLA,2024-09-17 00:00:00-04:00,229.4499969482422,234.57000732421875,226.5500030517578,227.8699951171875,66761600.0,0.0,0.0,0.48
TSLA,2024-09-18 00:00:00-04:00,230.08999633789062,235.67999267578125,226.8800048828125,227.1999969482422,78010200.0,0.0,0.0,-0.29
TSLA,2024-09-19 00:00:00-04:00,234.0,244.24000549316406,232.1300048828125,243.9199981689453,102694600.0,0.0,0.0,7.36
TSLA,2024-09-20 00:00:00-04:00,241.52000427246094,243.99000549316406,235.9199981689453,238.25,99879100.0,0.0,0.0,-2.32
TSLA,2024-09-23 00:00:00-04:00,242.61000061035156,250.0,241.9199981689453,250.0,86927200.0,0.0,0.0,4.93
TSLA,2024-09-24 00:00:00-04:00,254.0800018310547,257.19000244140625,249.0500030517578,254.27000427246094,88491000.0,0.0,0.0,1.71
TSLA,2024-09-25 00:00:00-04:00,252.5399932861328,257.04998779296875,252.27999877929688,257.0199890136719,65034300.0,0.0,0.0,1.08
TSLA,2024-09-26 00:00:00-04:00,260.6000061035156,261.75,251.52999877929688,254.22000122070312,67142200.0,0.0,0.0,-1.09
TSLA,2024-09-27 00:00:00-04:00,257.3800048828125,260.70001220703125,254.1199951171875,260.4599914550781,70988100.0,0.0,0.0,2.45
TSLA,2024-09-30 00:00:00-04:00,259.0400085449219,264.8599853515625,255.77000427246094,261.6300048828125,80705700.0,0.0,0.0,0.45
TSLA,2024-10-01 00:00:00-04:00,262.6700134277344,263.9800109863281,248.52999877929688,258.0199890136719,87397600.0,0.0,0.0,-1.38
TSLA,2024-10-02 00:00:00-04:00,247.5500030517578,251.16000366210938,241.5,249.02000427246094,93983900.0,0.0,0.0,-3.49
TSLA,2024-10-03 00:00:00-04:00,244.47999572753906,249.7899932861328,237.80999755859375,240.66000366210938,80729200.0,0.0,0.0,-3.36
TSLA,2024-10-04 00:00:00-04:00,246.69000244140625,250.9600067138672,244.5800018310547,250.0800018310547,86573200.0,0.0,0.0,3.91
TSLA,2024-10-07 00:00:00-04:00,249.0,249.8300018310547,240.6999969482422,240.8300018310547,68113300.0,0.0,0.0,-3.7
TSLA,2024-10-08 00:00:00-04:00,243.55999755859375,246.2100067138672,240.55999755859375,244.5,56303200.0,0.0,0.0,1.52
TSLA,2024-10-09 00:00:00-04:00,243.82000732421875,247.42999267578125,239.50999450683594,241.0500030517578,66289500.0,0.0,0.0,-1.41
TSLA,2024-10-10 00:00:00-04:00,241.80999755859375,242.7899932861328,232.33999633789062,238.77000427246094,83087100.0,0.0,0.0,-0.95
TSLA,2024-10-11 00:00:00-04:00,220.1300048828125,223.33999633789062,214.3800048828125,217.8000030517578,142628900.0,0.0,0.0,-8.78
TSLA,2024-10-14 00:00:00-04:00,220.1300048828125,221.91000366210938,213.74000549316406,219.16000366210938,86291900.0,0.0,0.0,0.62
TSLA,2024-10-15 00:00:00-04:00,220.00999450683594,224.25999450683594,217.1199951171875,219.57000732421875,62988800.0,0.0,0.0,0.19
TSLA,2024-10-16 00:00:00-04:00,221.39999389648438,222.82000732421875,218.92999267578125,221.3300018310547,49632800.0,0.0,0.0,0.8
TSLA,2024-10-17 00:00:00-04:00,221.58999633789062,222.0800018310547,217.89999389648438,220.88999938964844,50791800.0,0.0,0.0,-0.2
TSLA,2024-10-18 00:00:00-04:00,220.7100067138672,222.27999877929688,219.22999572753906,220.6999969482422,49611900.0,0.0,0.0,-0.09
TSLA,2024-10-21 00:00:00-04:00,218.89999389648438,220.47999572753906,215.72999572753906,218.85000610351562,47329000.0,0.0,0.0,-0.84
TSLA,2024-10-22 00:00:00-04:00,217.30999755859375,218.22000122070312,215.25999450683594,217.97000122070312,43268700.0,0.0,0.0,-0.4
TSLA,2024-10-23 00:00:00-04:00,217.1300048828125,218.72000122070312,212.11000061035156,213.64999389648438,80938900.0,0.0,0.0,-1.98
TSLA,2024-10-24 00:00:00-04:00,244.67999267578125,262.1199951171875,242.64999389648438,260.4800109863281,204491900.0,0.0,0.0,21.92
TSLA,2024-10-25 00:00:00-04:00,256.010009765625,269.489990234375,255.32000732421875,269.19000244140625,161611900.0,0.0,0.0,3.34
TSLA,2024-10-28 00:00:00-04:00,270.0,273.5400085449219,262.239990234375,262.510009765625,107653600.0,0.0,0.0,-2.48
TSLA,2024-10-29 00:00:00-04:00,264.510009765625,264.9800109863281,255.50999450683594,259.5199890136719,80521800.0,0.0,0.0,-1.14
TSLA,2024-10-30 00:00:00-04:00,258.0400085449219,263.3500061035156,255.82000732421875,257.54998779296875,53993600.0,0.0,0.0,-0.76
TSLA,2024-10-31 00:00:00-04:00,257.989990234375,259.75,249.25,249.85000610351562,66575300.0,0.0,0.0,-2.99
TSLA,2024-11-01 00:00:00-04:00,252.0399932861328,254.0,246.6300048828125,248.97999572753906,57544800.0,0.0,0.0,-0.35
TSLA,2024-11-04 00:00:00-05:00,244.55999755859375,248.89999389648438,238.8800048828125,242.83999633789062,68802400.0,0.0,0.0,-2.47
TSLA,2024-11-05 00:00:00-05:00,247.33999633789062,255.27999877929688,246.2100067138672,251.44000244140625,69282500.0,0.0,0.0,3.54
TSLA,2024-11-06 00:00:00-05:00,284.6700134277344,289.5899963378906,275.6199951171875,288.5299987792969,165228700.0,0.0,0.0,14.75
TSLA,2024-11-07 00:00:00-05:00,288.8900146484375,299.75,285.5199890136719,296.9100036621094,117309200.0,0.0,0.0,2.9
TSLA,2024-11-08 00:00:00-05:00,299.1400146484375,328.7099914550781,297.6600036621094,321.2200012207031,204782800.0,0.0,0.0,8.19
TSLA,2024-11-11 00:00:00-05:00,346.29998779296875,358.6400146484375,336.0,350.0,210521600.0,0.0,0.0,8.96
TSLA,2024-11-12 00:00:00-05:00,342.739990234375,345.8399963378906,323.30999755859375,328.489990234375,155726000.0,0.0,0.0,-6.15
TSLA,2024-11-13 00:00:00-05:00,335.8500061035156,344.6000061035156,322.5,330.239990234375,125405600.0,0.0,0.0,0.53
TSLA,2024-11-14 00:00:00-05:00,327.69000244140625,329.9800109863281,310.3699951171875,311.17999267578125,120726100.0,0.0,0.0,-5.77
TSLA,2024-11-15 00:00:00-05:00,310.57000732421875,324.67999267578125,309.2200012207031,320.7200012207031,114440300.0,0.0,0.0,3.07
TSLA,2024-11-18 00:00:00-05:00,340.7300109863281,348.54998779296875,330.010009765625,338.739990234375,126085600.0,0.0,0.0,5.62
TSLA,2024-11-19 00:00:00-05:00,335.760009765625,347.3800048828125,332.75,346.0,88852500.0,0.0,0.0,2.14
TSLA,2024-11-20 00:00:00-05:00,345.0,346.6000061035156,334.29998779296875,342.0299987792969,66340700.0,0.0,0.0,-1.15
TSLA,2024-11-21 00:00:00-05:00,343.80999755859375,347.989990234375,335.2799987792969,339.6400146484375,58011700.0,0.0,0.0,-0.7
TSLA,2024-11-22 00:00:00-05:00,341.0899963378906,361.5299987792969,337.70001220703125,352.55999755859375,89140700.0,0.0,0.0,3.8
TSLA,2024-11-25 00:00:00-05:00,360.1400146484375,361.92999267578125,338.20001220703125,338.5899963378906,95890900.0,0.0,0.0,-3.96
TSLA,2024-11-26 00:00:00-05:00,341.0,346.9599914550781,335.6600036621094,338.2300109863281,62295900.0,0.0,0.0,-0.11
TSLA,2024-11-27 00:00:00-05:00,341.79998779296875,342.54998779296875,326.5899963378906,332.8900146484375,57896400.0,0.0,0.0,-1.58
TSLA,2024-11-29 00:00:00-05:00,336.0799865722656,345.45001220703125,334.6499938964844,345.1600036621094,37167600.0,0.0,0.0,3.69
TSLA,2024-12-02 00:00:00-05:00,352.3800048828125,360.0,351.1499938964844,357.0899963378906,77986500.0,0.0,0.0,3.46
TSLA,2024-12-03 00:00:00-05:00,351.79998779296875,355.69000244140625,348.20001220703125,351.4200134277344,58267200.0,0.0,0.0,-1.59
TSLA,2024-12-04 00:00:00-05:00,353.0,358.1000061035156,348.6000061035156,357.92999267578125,50810900.0,0.0,0.0,1.85
TSLA,2024-12-05 00:00:00-05:00,359.8699951171875,375.42999267578125,359.5,369.489990234375,81403600.0,0.0,0.0,3.23
TSLA,2024-12-06 00:00:00-05:00,377.4200134277344,389.489990234375,370.79998779296875,389.2200012207031,81455800.0,0.0,0.0,5.34
TSLA,2024-12-09 00:00:00-05:00,397.6099853515625,404.79998779296875,378.010009765625,389.7900085449219,96359200.0,0.0,0.0,0.15
TSLA,2024-12-10 00:00:00-05:00,392.67999267578125,409.7300109863281,390.8500061035156,400.989990234375,97563600.0,0.0,0.0,2.87
TSLA,2024-12-11 00:00:00-05:00,409.70001220703125,424.8800048828125,402.3800048828125,424.7699890136719,104287600.0,0.0,0.0,5.93
TSLA,2024-12-12 00:00:00-05:00,424.8399963378906,429.29998779296875,415.0,418.1000061035156,87752200.0,0.0,0.0,-1.57
TSLA,2024-12-13 00:00:00-05:00,420.0,436.29998779296875,415.7099914550781,436.2300109863281,89000200.0,0.0,0.0,4.34
TSLA,2024-12-16 00:00:00-05:00,441.0899963378906,463.19000244140625,436.1499938964844,463.0199890136719,114083800.0,0.0,0.0,6.14
TSLA,2024-12-17 00:00:00-05:00,475.8999938964844,483.989990234375,457.510009765625,479.8599853515625,131223000.0,0.0,0.0,3.64
TSLA,2024-12-18 00:00:00-05:00,466.5,488.5400085449219,427.010009765625,440.1300048828125,149340800.0,0.0,0.0,-8.28
TSLA,2024-12-19 00:00:00-05:00,451.8800048828125,456.3599853515625,420.0199890136719,436.1700134277344,118566100.0,0.0,0.0,-0.9
TSLA,2024-12-20 00:00:00-05:00,425.510009765625,447.0799865722656,417.6400146484375,421.05999755859375,132216200.0,0.0,0.0,-3.46
TSLA,2024-12-23 00:00:00-05:00,431.0,434.510009765625,415.4100036621094,430.6000061035156,72698100.0,0.0,0.0,2.27
TSLA,2024-12-24 00:00:00-05:00,435.8999938964844,462.7799987792969,435.1400146484375,462.2799987792969,59551800.0,0.0,0.0,7.36
TSLA,2024-12-26 00:00:00-05:00,465.1600036621094,465.3299865722656,451.0199890136719,454.1300048828125,76366400.0,0.0,0.0,-1.76
TSLA,2024-12-27 00:00:00-05:00,449.5199890136719,450.0,426.5,431.6600036621094,82666800.0,0.0,0.0,-4.95
TSLA,2024-12-30 00:00:00-05:00,419.3999938964844,427.0,415.75,417.4100036621094,64941000.0,0.0,0.0,-3.3
TSLA,2024-12-31 00:00:00-05:00,423.7900085449219,427.92999267578125,402.5400085449219,403.8399963378906,76825100.0,0.0,0.0,-3.25
TSLA,2025-01-02 00:00:00-05:00,390.1000061035156,392.7300109863281,373.0400085449219,379.2799987792969,109710700.0,0.0,0.0,-6.08
TSLA,2025-01-03 00:00:00-05:00,381.4800109863281,411.8800048828125,379.45001220703125,410.44000244140625,95423300.0,0.0,0.0,8.22
TSLA,2025-01-06 00:00:00-05:00,423.20001220703125,426.42999267578125,401.70001220703125,411.04998779296875,85516500.0,0.0,0.0,0.15
TSLA,2025-01-07 00:00:00-05:00,405.8299865722656,414.3299865722656,390.0,394.3599853515625,75699500.0,0.0,0.0,-4.06
TSLA,2025-01-08 00:00:00-05:00,392.95001220703125,402.5,387.3999938964844,394.94000244140625,73038800.0,0.0,0.0,0.15
TSLA,2025-01-10 00:00:00-05:00,391.3999938964844,399.2799987792969,377.2900085449219,394.739990234375,62287300.0,0.0,0.0,-0.05
TSLA,2025-01-13 00:00:00-05:00,383.2099914550781,403.7900085449219,380.07000732421875,403.30999755859375,67580500.0,0.0,0.0,2.17
TSLA,2025-01-14 00:00:00-05:00,414.3399963378906,422.6400146484375,394.5400085449219,396.3599853515625,84565000.0,0.0,0.0,-1.72
TSLA,2025-01-15 00:00:00-05:00,409.8999938964844,429.79998779296875,405.6600036621094,428.2200012207031,81375500.0,0.0,0.0,8.04
TSLA,2025-01-16 00:00:00-05:00,423.489990234375,424.0,409.1300048828125,413.82000732421875,68335200.0,0.0,0.0,-3.36
TSLA,2025-01-17 00:00:00-05:00,421.5,439.739990234375,419.75,426.5,94991400.0,0.0,0.0,3.06
TSLA,2025-01-21 00:00:00-05:00,432.6400146484375,433.20001220703125,406.30999755859375,424.07000732421875,87320900.0,0.0,0.0,-0.57
TSLA,2025-01-22 00:00:00-05:00,416.80999755859375,428.0,414.5899963378906,415.1099853515625,60963300.0,0.0,0.0,-2.11
TSLA,2025-01-23 00:00:00-05:00,416.05999755859375,420.7300109863281,408.95001220703125,412.3800048828125,50690600.0,0.0,0.0,-0.66
TSLA,2025-01-24 00:00:00-05:00,414.45001220703125,418.8800048828125,405.7799987792969,406.5799865722656,56427100.0,0.0,0.0,-1.41
TSLA,2025-01-27 00:00:00-05:00,394.79998779296875,406.69000244140625,389.0,397.1499938964844,58125500.0,0.0,0.0,-2.32
TSLA,2025-01-28 00:00:00-05:00,396.9100036621094,400.5899963378906,386.5,398.0899963378906,48910700.0,0.0,0.0,0.24
TSLA,2025-01-29 00:00:00-05:00,395.2099914550781,398.5899963378906,384.4800109863281,389.1000061035156,68033600.0,0.0,0.0,-2.26
TSLA,2025-01-30 00:00:00-05:00,410.7799987792969,412.5,384.4100036621094,400.2799987792969,98092900.0,0.0,0.0,2.87
TSLA,2025-01-31 00:00:00-05:00,401.5299987792969,419.989990234375,401.3399963378906,404.6000061035156,83283600.0,0.0,0.0,1.08
TSLA,2025-02-03 00:00:00-05:00,386.67999267578125,389.1700134277344,374.3599853515625,383.67999267578125,93732100.0,0.0,0.0,-5.17
TSLA,2025-02-04 00:00:00-05:00,382.6300048828125,394.0,381.3999938964844,392.2099914550781,57072200.0,0.0,0.0,2.22
TSLA,2025-02-05 00:00:00-05:00,387.510009765625,388.3900146484375,375.5299987792969,378.1700134277344,57223300.0,0.0,0.0,-3.58
TSLA,2025-02-06 00:00:00-05:00,373.0299987792969,375.3999938964844,363.17999267578125,374.32000732421875,77918200.0,0.0,0.0,-1.02
TSLA,2025-02-07 00:00:00-05:00,370.19000244140625,380.54998779296875,360.3399963378906,361.6199951171875,70298300.0,0.0,0.0,-3.39
TSLA,2025-02-10 00:00:00-05:00,356.2099914550781,362.70001220703125,350.510009765625,350.7300109863281,77514900.0,0.0,0.0,-3.01
TSLA,2025-02-11 00:00:00-05:00,345.79998779296875,349.3699951171875,325.1000061035156,328.5,118543400.0,0.0,0.0,-6.34
TSLA,2025-02-12 00:00:00-05:00,329.94000244140625,346.3999938964844,329.1199951171875,336.510009765625,105382700.0,0.0,0.0,2.44
TSLA,2025-02-13 00:00:00-05:00,345.0,358.69000244140625,342.8500061035156,355.94000244140625,89441500.0,0.0,0.0,5.77
TSLA,2025-02-14 00:00:00-05:00,360.6199951171875,362.0,347.5,355.8399963378906,68277300.0,0.0,0.0,-0.03
TSLA,2025-02-18 00:00:00-05:00,355.010009765625,359.1000061035156,350.0199890136719,354.1099853515625,51631700.0,0.0,0.0,-0.49
TSLA,2025-02-19 00:00:00-05:00,354.0,367.3399963378906,353.6700134277344,360.55999755859375,67094400.0,0.0,0.0,1.82
TSLA,2025-02-20 00:00:00-05:00,361.510009765625,362.29998779296875,348.0,354.3999938964844,45965400.0,0.0,0.0,-1.71
TSLA,2025-02-21 00:00:00-05:00,353.44000244140625,354.9800109863281,334.4200134277344,337.79998779296875,74058600.0,0.0,0.0,-4.68
TSLA,2025-02-24 00:00:00-05:00,338.1400146484375,342.3999938964844,324.70001220703125,330.5299987792969,76052300.0,0.0,0.0,-2.15
TSLA,2025-02-25 00:00:00-05:00,327.0199890136719,328.8900146484375,297.25,302.79998779296875,134228800.0,0.0,0.0,-8.39
TSLA,2025-02-26 00:00:00-05:00,303.7099914550781,309.0,288.0400085449219,290.79998779296875,100118300.0,0.0,0.0,-3.96
TSLA,2025-02-27 00:00:00-05:00,291.1600036621094,297.2300109863281,280.8800048828125,281.95001220703125,101748200.0,0.0,0.0,-3.04
TSLA,2025-02-28 00:00:00-05:00,279.5,293.8800048828125,273.6000061035156,292.9800109863281,115697000.0,0.0,0.0,3.91
TSLA,2025-03-03 00:00:00-05:00,300.3399963378906,303.94000244140625,277.29998779296875,284.6499938964844,115551400.0,0.0,0.0,-2.84
TSLA,2025-03-04 00:00:00-05:00,270.92999267578125,284.3500061035156,261.8399963378906,272.0400085449219,126706600.0,0.0,0.0,-4.43
TSLA,2025-03-05 00:00:00-05:00,272.9200134277344,279.54998779296875,267.7099914550781,279.1000061035156,94042900.0,0.0,0.0,2.6
TSLA,2025-03-06 00:00:00-05:00,272.05999755859375,272.6499938964844,260.0199890136719,263.45001220703125,98451600.0,0.0,0.0,-5.61
TSLA,2025-03-07 00:00:00-05:00,259.32000732421875,266.25,250.72999572753906,262.6700134277344,102369600.0,0.0,0.0,-0.3
TSLA,2025-03-10 00:00:00-04:00,252.5399932861328,253.3699951171875,220.0,222.14999389648438,189076900.0,0.0,0.0,-15.43
TSLA,2025-03-11 00:00:00-04:00,225.30999755859375,237.05999755859375,217.02000427246094,230.5800018310547,174896400.0,0.0,0.0,3.79
TSLA,2025-03-12 00:00:00-04:00,247.22000122070312,251.83999633789062,241.10000610351562,248.08999633789062,142215700.0,0.0,0.0,7.59
TSLA,2025-03-13 00:00:00-04:00,248.1300048828125,248.2899932861328,232.60000610351562,240.67999267578125,114813500.0,0.0,0.0,-2.99
TSLA,2025-03-14 00:00:00-04:00,247.30999755859375,251.5800018310547,240.72999572753906,249.97999572753906,100242300.0,0.0,0.0,3.86
TSLA,2025-03-17 00:00:00-04:00,245.05999755859375,245.39999389648438,232.8000030517578,238.00999450683594,111900600.0,0.0,0.0,-4.79
TSLA,2025-03-18 00:00:00-04:00,228.16000366210938,230.10000610351562,222.27999877929688,225.30999755859375,111477600.0,0.0,0.0,-5.34
TSLA,2025-03-19 00:00:00-04:00,231.61000061035156,241.41000366210938,229.1999969482422,235.86000061035156,111993800.0,0.0,0.0,4.68
TSLA,2025-03-20 00:00:00-04:00,233.35000610351562,238.0,230.0500030517578,236.25999450683594,99028300.0,0.0,0.0,0.17
TSLA,2025-03-21 00:00:00-04:00,234.99000549316406,249.52000427246094,234.5500030517578,248.7100067138672,132728700.0,0.0,0.0,5.27
TSLA,2025-03-24 00:00:00-04:00,258.0799865722656,278.6400146484375,256.3299865722656,278.3900146484375,169079900.0,0.0,0.0,11.93
TSLA,2025-03-25 00:00:00-04:00,283.6000061035156,288.20001220703125,271.2799987792969,288.1400146484375,150361500.0,0.0,0.0,3.5
TSLA,2025-03-26 00:00:00-04:00,282.6600036621094,284.8999938964844,266.510009765625,272.05999755859375,153629800.0,0.0,0.0,-5.58
TSLA,2025-03-27 00:00:00-04:00,272.4800109863281,291.8500061035156,271.82000732421875,273.1300048828125,162572100.0,0.0,0.0,0.39
TSLA,2025-03-28 00:00:00-04:00,275.5799865722656,276.1000061035156,260.57000732421875,263.54998779296875,123809400.0,0.0,0.0,-3.51
TSLA,2025-03-31 00:00:00-04:00,249.30999755859375,260.55999755859375,243.36000061035156,259.1600036621094,134008900.0,0.0,0.0,-1.67
TSLA,2025-04-01 00:00:00-04:00,263.79998779296875,277.45001220703125,259.25,268.4599914550781,146486900.0,0.0,0.0,3.59
TSLA,2025-04-02 00:00:00-04:00,254.60000610351562,284.989990234375,251.27000427246094,282.760009765625,212787800.0,0.0,0.0,5.33
TSLA,2025-04-03 00:00:00-04:00,265.2900085449219,276.29998779296875,261.510009765625,267.2799987792969,136174300.0,0.0,0.0,-5.47
TSLA,2025-04-04 00:00:00-04:00,255.3800048828125,261.0,236.0,239.42999267578125,181229400.0,0.0,0.0,-10.42
TSLA,2025-04-07 00:00:00-04:00,223.77999877929688,252.0,214.25,233.2899932861328,183453800.0,0.0,0.0,-2.56
TSLA,2025-04-08 00:00:00-04:00,245.0,250.44000244140625,217.8000030517578,221.86000061035156,171603500.0,0.0,0.0,-4.9
TSLA,2025-04-09 00:00:00-04:00,224.69000244140625,274.69000244140625,223.8800048828125,272.20001220703125,219433400.0,0.0,0.0,22.69
TSLA,2025-04-10 00:00:00-04:00,260.0,262.489990234375,239.3300018310547,252.39999389648438,181722600.0,0.0,0.0,-7.27
TSLA,2025-04-11 00:00:00-04:00,251.83999633789062,257.739990234375,241.36000061035156,252.30999755859375,128948100.0,0.0,0.0,-0.04
TSLA,2025-04-14 00:00:00-04:00,258.3599853515625,261.79998779296875,245.92999267578125,252.35000610351562,100135200.0,0.0,0.0,0.02
TSLA,2025-04-15 00:00:00-04:00,249.91000366210938,258.75,247.5399932861328,254.11000061035156,79594300.0,0.0,0.0,0.7
TSLA,2025-04-16 00:00:00-04:00,247.61000061035156,251.97000122070312,233.88999938964844,241.5500030517578,112378700.0,0.0,0.0,-4.94
TSLA,2025-04-17 00:00:00-04:00,243.47000122070312,244.33999633789062,237.67999267578125,241.3699951171875,83404800.0,0.0,0.0,-0.07
TSLA,2025-04-21 00:00:00-04:00,230.25999450683594,232.2100067138672,222.7899932861328,227.5,97768000.0,0.0,0.0,-5.75
TSLA,2025-04-22 00:00:00-04:00,230.9600067138672,242.7899932861328,229.85000610351562,237.97000122070312,120858500.0,0.0,0.0,4.6
TSLA,2025-04-23 00:00:00-04:00,254.86000061035156,259.45001220703125,244.42999267578125,250.74000549316406,150381900.0,0.0,0.0,5.37
TSLA,2025-04-24 00:00:00-04:00,250.5,259.5400085449219,249.1999969482422,259.510009765625,94464200.0,0.0,0.0,3.5
TSLA,2025-04-25 00:00:00-04:00,261.69000244140625,286.8500061035156,259.6300048828125,284.95001220703125,167560700.0,0.0,0.0,9.8
TSLA,2025-04-28 00:00:00-04:00,288.9800109863281,294.8599853515625,272.4200134277344,285.8800048828125,151731800.0,0.0,0.0,0.33
TSLA,2025-04-29 00:00:00-04:00,285.5,293.32000732421875,279.4700012207031,292.0299987792969,108906600.0,0.0,0.0,2.15
TSLA,2025-04-30 00:00:00-04:00,279.8999938964844,284.45001220703125,270.7799987792969,282.1600036621094,128961100.0,0.0,0.0,-3.38
TSLA,2025-05-01 00:00:00-04:00,280.010009765625,290.8699951171875,279.80999755859375,280.5199890136719,99659000.0,0.0,0.0,-0.58
TSLA,2025-05-02 00:00:00-04:00,284.8999938964844,294.7799987792969,279.80999755859375,287.2099914550781,114454700.0,0.0,0.0,2.38
TSLA,2025-05-05 00:00:00-04:00,284.57000732421875,284.8500061035156,274.3999938964844,280.260009765625,94618900.0,0.0,0.0,-2.42
TSLA,2025-05-06 00:00:00-04:00,273.1099853515625,277.7300109863281,271.3500061035156,275.3500061035156,76715800.0,0.0,0.0,-1.75
TSLA,2025-05-07 00:00:00-04:00,276.8800048828125,277.9200134277344,271.0,276.2200012207031,71592600.0,0.0,0.0,0.32
TSLA,2025-05-08 00:00:00-04:00,279.6300048828125,289.79998779296875,279.4100036621094,284.82000732421875,97539400.0,0.0,0.0,3.11
TSLA,2025-05-09 00:00:00-04:00,290.2099914550781,307.0400085449219,290.0,298.260009765625,132387800.0,0.0,0.0,4.72
TSLA,2025-05-12 00:00:00-04:00,321.989990234375,322.2099914550781,311.5,318.3800048828125,112826700.0,0.0,0.0,6.75
TSLA,2025-05-13 00:00:00-04:00,320.0,337.5899963378906,316.79998779296875,334.07000732421875,136992600.0,0.0,0.0,4.93
TSLA,2025-05-14 00:00:00-04:00,342.5,350.0,337.0,347.67999267578125,136997300.0,0.0,0.0,4.07
TSLA,2025-05-15 00:00:00-04:00,340.3399963378906,346.1400146484375,334.7200012207031,342.82000732421875,97882600.0,0.0,0.0,-1.4
TSLA,2025-05-16 00:00:00-04:00,346.239990234375,351.6199951171875,342.3299865722656,349.9800109863281,95895700.0,0.0,0.0,2.09
TSLA,2025-05-19 00:00:00-04:00,336.29998779296875,343.0,333.3699951171875,342.0899963378906,88869900.0,0.0,0.0,-2.25
TSLA,2025-05-20 00:00:00-04:00,347.8699951171875,354.989990234375,341.6300048828125,343.82000732421875,131715500.0,0.0,0.0,0.51
TSLA,2025-05-21 00:00:00-04:00,344.42999267578125,347.3500061035156,332.20001220703125,334.6199951171875,102354800.0,0.0,0.0,-2.68
TSLA,2025-05-22 00:00:00-04:00,331.8999938964844,347.2699890136719,331.3900146484375,341.0400085449219,97113400.0,0.0,0.0,1.92
TSLA,2025-05-23 00:00:00-04:00,337.9200134277344,343.17999267578125,333.2099914550781,339.3399963378906,84654800.0,0.0,0.0,-0.5
TSLA,2025-05-27 00:00:00-04:00,347.3500061035156,363.7900085449219,347.32000732421875,362.8900146484375,120146400.0,0.0,0.0,6.94
TSLA,2025-05-28 00:00:00-04:00,364.8399963378906,365.0,355.9100036621094,356.8999938964844,91404300.0,0.0,0.0,-1.65
TSLA,2025-05-29 00:00:00-04:00,365.2900085449219,367.7099914550781,356.0,358.42999267578125,88087800.0,0.0,0.0,0.43
TSLA,2025-05-30 00:00:00-04:00,355.5199890136719,363.67999267578125,345.2900085449219,346.4599914550781,123474900.0,0.0,0.0,-3.34
TSLA,2025-06-02 00:00:00-04:00,343.5,348.0199890136719,333.3299865722656,342.69000244140625,81873800.0,0.0,0.0,-1.09
TSLA,2025-06-03 00:00:00-04:00,346.6000061035156,355.3999938964844,343.0400085449219,344.2699890136719,99324500.0,0.0,0.0,0.46
TSLA,2025-06-04 00:00:00-04:00,345.1000061035156,345.6000061035156,327.3299865722656,332.04998779296875,98912100.0,0.0,0.0,-3.55
TSLA,2025-06-05 00:00:00-04:00,322.489990234375,324.54998779296875,273.2099914550781,284.70001220703125,287499800.0,0.0,0.0,-14.26
TSLA,2025-06-06 00:00:00-04:00,298.8299865722656,305.5,291.1400146484375,295.1400146484375,164747700.0,0.0,0.0,3.67
TSLA,2025-06-09 00:00:00-04:00,285.9599914550781,309.8299865722656,281.8500061035156,308.5799865722656,140908900.0,0.0,0.0,4.55
TSLA,2025-06-10 00:00:00-04:00,314.94000244140625,327.8299865722656,310.6700134277344,326.0899963378906,151256500.0,0.0,0.0,5.67
TSLA,2025-06-11 00:00:00-04:00,334.3999938964844,335.5,322.5,326.42999267578125,122611400.0,0.0,0.0,0.1
TSLA,2025-06-12 00:00:00-04:00,323.0799865722656,332.55999755859375,316.8599853515625,319.1099853515625,105127500.0,0.0,0.0,-2.24
TSLA,2025-06-13 00:00:00-04:00,313.9700012207031,332.989990234375,313.29998779296875,325.30999755859375,128964300.0,0.0,0.0,1.94
TSLA,2025-06-16 00:00:00-04:00,331.2900085449219,332.04998779296875,326.4100036621094,329.1300048828125,83925900.0,0.0,0.0,1.17
TSLA,2025-06-17 00:00:00-04:00,326.0899963378906,327.260009765625,314.739990234375,316.3500061035156,88282700.0,0.0,0.0,-3.88
TSLA,2025-06-18 00:00:00-04:00,317.30999755859375,329.32000732421875,315.45001220703125,322.04998779296875,95137700.0,0.0,0.0,1.8
TSLA,2025-06-20 00:00:00-04:00,327.95001220703125,332.3599853515625,317.7799987792969,322.1600036621094,108688000.0,0.0,0.0,0.03
TSLA,2025-06-23 00:00:00-04:00,327.5400085449219,357.5400085449219,327.4800109863281,348.67999267578125,190716800.0,0.0,0.0,8.23
TSLA,2025-06-24 00:00:00-04:00,356.1700134277344,356.260009765625,340.44000244140625,340.4700012207031,114736200.0,0.0,0.0,-2.35
TSLA,2025-06-25 00:00:00-04:00,342.70001220703125,343.0,320.3999938964844,327.54998779296875,119845100.0,0.0,0.0,-3.79
TSLA,2025-06-26 00:00:00-04:00,324.6099853515625,331.04998779296875,323.6099853515625,325.7799987792969,80440900.0,0.0,0.0,-0.54
TSLA,2025-06-27 00:00:00-04:00,324.510009765625,329.3399963378906,317.5,323.6300048828125,89067000.0,0.0,0.0,-0.66
TSLA,2025-06-30 00:00:00-04:00,319.8999938964844,325.5799865722656,316.6000061035156,317.6600036621094,76695100.0,0.0,0.0,-1.84
TSLA,2025-07-01 00:00:00-04:00,298.4599914550781,305.8900146484375,293.2099914550781,300.7099914550781,145085700.0,0.0,0.0,-5.34
TSLA,2025-07-02 00:00:00-04:00,312.6300048828125,316.8299865722656,303.82000732421875,315.6499938964844,119483700.0,0.0,0.0,4.97
TSLA,2025-07-03 00:00:00-04:00,317.989990234375,318.45001220703125,312.760009765625,315.3500061035156,58042300.0,0.0,0.0,-0.1
TSLA,2025-07-07 00:00:00-04:00,291.3699951171875,296.1499938964844,288.7699890136719,293.94000244140625,131177900.0,0.0,0.0,-6.79
TSLA,2025-07-08 00:00:00-04:00,297.0,304.04998779296875,294.3500061035156,297.80999755859375,103246700.0,0.0,0.0,1.32
TSLA,2025-07-09 00:00:00-04:00,297.54998779296875,300.1499938964844,293.54998779296875,295.8800048828125,75586800.0,0.0,0.0,-0.65
TSLA,2025-07-10 00:00:00-04:00,300.04998779296875,310.4800109863281,300.0,309.8699951171875,104365300.0,0.0,0.0,4.73
TSLA,2025-07-11 00:00:00-04:00,307.8900146484375,314.0899963378906,305.6499938964844,313.510009765625,79236400.0,0.0,0.0,1.17
TSLA,2025-07-14 00:00:00-04:00,317.7300109863281,322.6000061035156,312.6700134277344,316.8999938964844,78043400.0,0.0,0.0,1.08
TSLA,2025-07-15 00:00:00-04:00,319.67999267578125,321.20001220703125,310.5,310.7799987792969,77556300.0,0.0,0.0,-1.93
TSLA,2025-07-16 00:00:00-04:00,312.79998779296875,323.5,312.6199951171875,321.6700134277344,97284800.0,0.0,0.0,3.5
TSLA,2025-07-17 00:00:00-04:00,323.1499938964844,324.3399963378906,317.05999755859375,319.4100036621094,73922900.0,0.0,0.0,-0.7
TSLA,2025-07-18 00:00:00-04:00,321.6600036621094,330.8999938964844,321.4200134277344,329.6499938964844,94255000.0,0.0,0.0,3.21
TSLA,2025-07-21 00:00:00-04:00,334.3999938964844,338.0,326.8800048828125,328.489990234375,75768800.0,0.0,0.0,-0.35
TSLA,2025-07-22 00:00:00-04:00,329.739990234375,335.4100036621094,321.54998779296875,332.1099853515625,77370400.0,0.0,0.0,1.1
TSLA,2025-07-23 00:00:00-04:00,330.8999938964844,336.20001220703125,328.6700134277344,332.55999755859375,92553800.0,0.0,0.0,0.14
TSLA,2025-07-24 00:00:00-04:00,310.0,310.1499938964844,300.4100036621094,305.29998779296875,156966000.0,0.0,0.0,-8.2
TSLA,2025-07-25 00:00:00-04:00,308.739990234375,323.6300048828125,308.010009765625,316.05999755859375,148227000.0,0.0,0.0,3.52
TSLA,2025-07-28 00:00:00-04:00,318.45001220703125,330.489990234375,315.69000244140625,325.5899963378906,112673800.0,0.0,0.0,3.02
TSLA,2025-07-29 00:00:00-04:00,325.54998779296875,326.25,318.25,321.20001220703125,87358900.0,0.0,0.0,-1.35
TSLA,2025-07-30 00:00:00-04:00,322.17999267578125,324.45001220703125,311.6199951171875,319.0400085449219,83931900.0,0.0,0.0,-0.67
TSLA,2025-07-31 00:00:00-04:00,319.6099853515625,321.3699951171875,306.1000061035156,308.2699890136719,85270900.0,0.0,0.0,-3.38
TSLA,2025-08-01 00:00:00-04:00,306.2099914550781,309.30999755859375,297.82000732421875,302.6300048828125,89121400.0,0.0,0.0,-1.83
TSLA,2025-08-04 00:00:00-04:00,309.0799865722656,312.1199951171875,303.0,309.260009765625,78683900.0,0.0,0.0,2.19
TSLA,2025-08-05 00:00:00-04:00,308.95001220703125,312.45001220703125,305.5,308.7200012207031,57961300.0,0.0,0.0,-0.17
TSLA,2025-08-06 00:00:00-04:00,307.8900146484375,320.4700012207031,306.92999267578125,319.9100036621094,78523600.0,0.0,0.0,3.62
TSLA,2025-08-07 00:00:00-04:00,319.7900085449219,322.3999938964844,316.1600036621094,322.2699890136719,66658700.0,0.0,0.0,0.74
TSLA,2025-08-08 00:00:00-04:00,321.42999267578125,335.1499938964844,320.9800109863281,329.6499938964844,91200300.0,0.0,0.0,2.29
TSLA,2025-08-11 00:00:00-04:00,335.0,346.6400146484375,334.1499938964844,339.0299987792969,105320200.0,0.0,0.0,2.85
TSLA,2025-08-12 00:00:00-04:00,345.0,345.260009765625,332.94000244140625,340.8399963378906,80522100.0,0.0,0.0,0.53
TSLA,2025-08-13 00:00:00-04:00,341.5,348.9800109863281,338.20001220703125,339.3800048828125,67838900.0,0.0,0.0,-0.43
TSLA,2025-08-14 00:00:00-04:00,335.760009765625,340.4700012207031,330.3999938964844,335.5799865722656,75000700.0,0.0,0.0,-1.12
TSLA,2025-08-15 00:00:00-04:00,337.6600036621094,339.29998779296875,327.0199890136719,330.55999755859375,74319800.0,0.0,0.0,-1.5
TSLA,2025-08-18 00:00:00-04:00,329.6199951171875,336.2699890136719,329.5899963378906,335.1600036621094,56956600.0,0.0,0.0,1.39
TSLA,2025-08-19 00:00:00-04:00,335.7900085449219,340.54998779296875,327.8500061035156,329.30999755859375,75956000.0,0.0,0.0,-1.75
TSLA,2025-08-20 00:00:00-04:00,329.2200012207031,331.3699951171875,314.6000061035156,323.8999938964844,77481800.0,0.0,0.0,-1.64
TSLA,2025-08-21 00:00:00-04:00,322.0799865722656,324.8999938964844,318.67999267578125,320.1099853515625,55744400.0,0.0,0.0,-1.17
TSLA,2025-08-22 00:00:00-04:00,321.6600036621094,340.25,319.69000244140625,340.010009765625,94016300.0,0.0,0.0,6.22
TSLA,2025-08-25 00:00:00-04:00,338.8999938964844,349.5299987792969,335.0299987792969,346.6000061035156,86670000.0,0.0,0.0,1.94
TSLA,2025-08-26 00:00:00-04:00,344.92999267578125,351.8999938964844,343.7200012207031,351.6700134277344,76651600.0,0.0,0.0,1.46
TSLA,2025-08-27 00:00:00-04:00,351.94000244140625,355.3900146484375,349.1600036621094,349.6000061035156,65519000.0,0.0,0.0,-0.59
TSLA,2025-08-28 00:00:00-04:00,350.9100036621094,353.54998779296875,340.260009765625,345.9800109863281,67903200.0,0.0,0.0,-1.04
TSLA,2025-08-29 00:00:00-04:00,347.2300109863281,348.75,331.70001220703125,333.8699951171875,81145700.0,0.0,0.0,-3.5
TSLA,2025-09-02 00:00:00-04:00,328.2300109863281,333.3299865722656,325.6000061035156,329.3599853515625,58392000.0,0.0,0.0,-1.35
TSLA,2025-09-03 00:00:00-04:00,335.20001220703125,343.3299865722656,328.510009765625,334.0899963378906,88733300.0,0.0,0.0,1.44
TSLA,2025-09-04 00:00:00-04:00,336.1499938964844,338.8900146484375,331.4800109863281,338.5299987792969,60711000.0,0.0,0.0,1.33
TSLA,2025-09-05 00:00:00-04:00,348.0,355.8699951171875,344.67999267578125,350.8399963378906,108989800.0,0.0,0.0,3.64
TSLA,2025-09-08 00:00:00-04:00,354.6400146484375,358.44000244140625,344.8399963378906,346.3999938964844,75208300.0,0.0,0.0,-1.27
TSLA,2025-09-09 00:00:00-04:00,348.44000244140625,350.7699890136719,343.82000732421875,346.9700012207031,53816000.0,0.0,0.0,0.16
TSLA,2025-09-10 00:00:00-04:00,350.54998779296875,356.3299865722656,346.07000732421875,347.7900085449219,72121700.0,0.0,0.0,0.24
TSLA,2025-09-11 00:00:00-04:00,350.1700134277344,368.989990234375,347.6000061035156,368.80999755859375,103756000.0,0.0,0.0,6.04
TSLA,2025-09-12 00:00:00-04:00,370.94000244140625,396.69000244140625,370.239990234375,395.94000244140625,168156400.0,0.0,0.0,7.36
TSLA,2025-09-15 00:00:00-04:00,423.1300048828125,425.70001220703125,402.42999267578125,410.0400085449219,163823700.0,0.0,0.0,3.56
TSLA,2025-09-16 00:00:00-04:00,414.5,423.25,411.42999267578125,421.6199951171875,104285700.0,0.0,0.0,2.82
TSLA,2025-09-17 00:00:00-04:00,415.75,428.30999755859375,409.6700134277344,425.8599853515625,106133500.0,0.0,0.0,1.01
TSLA,2025-09-18 00:00:00-04:00,428.8699951171875,432.2200012207031,416.55999755859375,416.8500061035156,90454500.0,0.0,0.0,-2.12
TSLA,2025-09-19 00:00:00-04:00,421.82000732421875,429.4700012207031,421.7200012207031,426.07000732421875,93131000.0,0.0,0.0,2.21
TSLA,2025-09-22 00:00:00-04:00,431.1099853515625,444.9800109863281,429.1300048828125,434.2099914550781,97108800.0,0.0,0.0,1.91
TSLA,2025-09-23 00:00:00-04:00,439.8800048828125,440.9700012207031,423.7200012207031,425.8500061035156,83422700.0,0.0,0.0,-1.93
TSLA,2025-09-24 00:00:00-04:00,429.8299865722656,444.2099914550781,429.0299987792969,442.7900085449219,93133600.0,0.0,0.0,3.98
TSLA,2025-09-25 00:00:00-04:00,435.239990234375,435.3500061035156,419.0799865722656,423.3900146484375,96746400.0,0.0,0.0,-4.38
TSLA,2025-09-26 00:00:00-04:00,428.29998779296875,440.4700012207031,421.0199890136719,440.3999938964844,101628200.0,0.0,0.0,4.02
TSLA,2025-09-29 00:00:00-04:00,444.3500061035156,450.9800109863281,439.5,443.2099914550781,79491500.0,0.0,0.0,0.64
TSLA,2025-09-30 00:00:00-04:00,441.5199890136719,445.0,433.1199951171875,444.7200012207031,74358000.0,0.0,0.0,0.34
TSLA,2025-10-01 00:00:00-04:00,443.79998779296875,462.2900085449219,440.75,459.4599914550781,98122300.0,0.0,0.0,3.31
TSLA,2025-10-02 00:00:00-04:00,470.5400085449219,470.75,435.57000732421875,436.0,137009000.0,0.0,0.0,-5.11
TSLA,2025-10-03 00:00:00-04:00,443.2900085449219,446.7699890136719,416.5799865722656,429.8299865722656,133188200.0,0.0,0.0,-1.42
TSLA,2025-10-06 00:00:00-04:00,440.75,453.54998779296875,436.69000244140625,453.25,85324900.0,0.0,0.0,5.45
TSLA,2025-10-07 00:00:00-04:00,447.82000732421875,452.67999267578125,432.45001220703125,433.0899963378906,102296100.0,0.0,0.0,-4.45
TSLA,2025-10-08 00:00:00-04:00,437.57000732421875,441.3299865722656,425.2300109863281,438.69000244140625,71192100.0,0.0,0.0,1.29
TSLA,2025-10-09 00:00:00-04:00,431.80999755859375,436.3500061035156,426.17999267578125,435.5400085449219,69339900.0,0.0,0.0,-0.72
TSLA,2025-10-10 00:00:00-04:00,436.5400085449219,443.1300048828125,411.45001220703125,413.489990234375,112107900.0,0.0,0.0,-5.06
TSLA,2025-10-13 00:00:00-04:00,423.5299987792969,436.8900146484375,419.70001220703125,435.8999938964844,79552800.0,0.0,0.0,5.42
TSLA,2025-10-14 00:00:00-04:00,426.7900085449219,434.20001220703125,417.8599853515625,429.239990234375,72669400.0,0.0,0.0,-1.53
TSLA,2025-10-15 00:00:00-04:00,434.8999938964844,440.510009765625,426.3299865722656,435.1499938964844,71558200.0,0.0,0.0,1.38
TSLA,2025-10-16 00:00:00-04:00,434.7300109863281,439.3500061035156,421.30999755859375,428.75,77189900.0,0.0,0.0,-1.47
TSLA,2025-10-17 00:00:00-04:00,425.5,441.4599914550781,423.6000061035156,439.30999755859375,89331600.0,0.0,0.0,2.46
TSLA,2025-10-20 00:00:00-04:00,443.8699951171875,449.79998779296875,440.6099853515625,447.42999267578125,63719000.0,0.0,0.0,1.85
TSLA,2025-10-21 00:00:00-04:00,445.760009765625,449.29998779296875,442.04998779296875,442.6000061035156,54412200.0,0.0,0.0,-1.08
TSLA,2025-10-22 00:00:00-04:00,443.45001220703125,445.5400085449219,429.0,438.9700012207031,84023500.0,0.0,0.0,-0.82
TSLA,2025-10-23 00:00:00-04:00,420.0,449.3999938964844,413.8999938964844,448.9800109863281,126709800.0,0.0,0.0,2.28
TSLA,2025-10-24 00:00:00-04:00,446.8299865722656,451.67999267578125,430.1700134277344,433.7200012207031,94727800.0,0.0,0.0,-3.4
TSLA,2025-10-27 00:00:00-04:00,439.9800109863281,460.1600036621094,438.69000244140625,452.4200134277344,105867500.0,0.0,0.0,4.31
TSLA,2025-10-28 00:00:00-04:00,454.7799987792969,467.0,451.6000061035156,460.54998779296875,80185700.0,0.0,0.0,1.8
TSLA,2025-10-29 00:00:00-04:00,462.5,465.70001220703125,452.6499938964844,461.510009765625,67983500.0,0.0,0.0,0.21
TSLA,2025-10-30 00:00:00-04:00,451.04998779296875,455.05999755859375,439.6099853515625,440.1000061035156,72447900.0,0.0,0.0,-4.64
TSLA,2025-10-31 00:00:00-04:00,446.75,458.0,443.69000244140625,456.55999755859375,83135800.0,0.0,0.0,3.74
TSLA,2025-11-03 00:00:00-05:00,455.989990234375,474.07000732421875,453.79998779296875,468.3699951171875,84595200.0,0.0,0.0,2.59
TSLA,2025-11-04 00:00:00-05:00,454.4599914550781,460.2200012207031,443.6000061035156,444.260009765625,87756600.0,0.0,0.0,-5.15
TSLA,2025-11-05 00:00:00-05:00,452.04998779296875,466.3299865722656,440.7099914550781,462.07000732421875,85573000.0,0.0,0.0,4.01
TSLA,2025-11-06 00:00:00-05:00,461.9599914550781,467.45001220703125,435.0899963378906,445.9100036621094,109622900.0,0.0,0.0,-3.5
TSLA,2025-11-07 00:00:00-05:00,437.9200134277344,439.3599853515625,421.8800048828125,429.5199890136719,103471500.0,0.0,0.0,-3.68
TSLA,2025-11-10 00:00:00-05:00,439.6000061035156,449.6700134277344,433.3599853515625,445.2300109863281,76515900.0,0.0,0.0,3.66
TSLA,2025-11-11 00:00:00-05:00,439.3999938964844,442.489990234375,432.3599853515625,439.6199951171875,60533200.0,0.0,0.0,-1.26
TSLA,2025-11-12 00:00:00-05:00,442.1499938964844,442.3299865722656,426.55999755859375,430.6000061035156,58513500.0,0.0,0.0,-2.05
TSLA,2025-11-13 00:00:00-05:00,423.1300048828125,424.5,396.3399963378906,401.989990234375,118948000.0,0.0,0.0,-6.64
TSLA,2025-11-14 00:00:00-05:00,386.29998779296875,412.19000244140625,382.7799987792969,404.3500061035156,105506700.0,0.0,0.0,0.59
TSLA,2025-11-17 00:00:00-05:00,398.739990234375,423.9599914550781,398.739990234375,408.9200134277344,102214300.0,0.0,0.0,1.13
TSLA,2025-11-18 00:00:00-05:00,405.3800048828125,408.8999938964844,393.7099914550781,401.25,80688600.0,0.0,0.0,-1.88
TSLA,2025-11-19 00:00:00-05:00,406.17999267578125,411.7799987792969,398.5,403.989990234375,72047700.0,0.0,0.0,0.68
TSLA,2025-11-20 00:00:00-05:00,414.6300048828125,428.94000244140625,394.739990234375,395.2300109863281,113548800.0,0.0,0.0,-2.17
TSLA,2025-11-21 00:00:00-05:00,402.32000732421875,402.79998779296875,383.760009765625,391.0899963378906,100460600.0,0.0,0.0,-1.05
TSLA,2025-11-24 00:00:00-05:00,402.1700134277344,421.7200012207031,401.0899963378906,417.7799987792969,96806400.0,0.0,0.0,6.82
TSLA,2025-11-25 00:00:00-05:00,414.4200134277344,420.4800109863281,405.95001220703125,419.3999938964844,71915600.0,0.0,0.0,0.39
TSLA,2025-11-26 00:00:00-05:00,423.95001220703125,426.94000244140625,416.8900146484375,426.5799865722656,63463000.0,0.0,0.0,1.71
TSLA,2025-11-28 00:00:00-05:00,426.5899963378906,432.92999267578125,426.20001220703125,430.1700134277344,36252900.0,0.0,0.0,0.84
TSLA,2025-12-01 00:00:00-05:00,425.32000732421875,433.6600036621094,425.2900085449219,430.1400146484375,57463600.0,0.0,0.0,-0.01
TSLA,2025-12-02 00:00:00-05:00,430.80999755859375,436.79998779296875,422.1199951171875,429.239990234375,69336600.0,0.0,0.0,-0.21
TSLA,2025-12-03 00:00:00-05:00,432.1000061035156,447.9200134277344,431.1099853515625,446.739990234375,87483000.0,0.0,0.0,4.08
TSLA,2025-12-04 00:00:00-05:00,449.94000244140625,454.6300048828125,445.3900146484375,454.5299987792969,71906500.0,0.0,0.0,1.74
TSLA,2025-12-05 00:00:00-05:00,453.0299987792969,458.8699951171875,451.6600036621094,455.0,56427500.0,0.0,0.0,0.1
TSLA,2025-12-08 00:00:00-05:00,447.45001220703125,449.75,435.25,439.5799865722656,69165800.0,0.0,0.0,-3.39
TSLA,2025-12-09 00:00:00-05:00,437.5400085449219,452.3900146484375,435.70001220703125,445.1700134277344,62367400.0,0.0,0.0,1.27
TSLA,2025-12-10 00:00:00-05:00,446.07000732421875,456.8800048828125,443.6099853515625,451.45001220703125,63257500.0,0.0,0.0,1.41
TSLA,2025-12-11 00:00:00-05:00,448.95001220703125,449.2699890136719,440.3299865722656,446.8900146484375,55979500.0,0.0,0.0,-1.01
TSLA,2025-12-12 00:00:00-05:00,448.0899963378906,463.010009765625,441.6700134277344,458.9599914550781,95656700.0,0.0,0.0,2.7
TSLA,2025-12-15 00:00:00-05:00,469.44000244140625,481.7699890136719,467.6600036621094,475.30999755859375,114542200.0,0.0,0.0,3.56
TSLA,2025-12-16 00:00:00-05:00,472.2099914550781,491.5,465.8299865722656,489.8800048828125,107608100.0,0.0,0.0,3.07
TSLA,2025-12-17 00:00:00-05:00,488.2200012207031,495.2799987792969,466.20001220703125,467.260009765625,106490400.0,0.0,0.0,-4.62
TSLA,2025-12-18 00:00:00-05:00,478.1600036621094,490.8599853515625,473.1199951171875,483.3699951171875,95168400.0,0.0,0.0,3.45
TSLA,2025-12-19 00:00:00-05:00,488.1199951171875,490.489990234375,474.7200012207031,481.20001220703125,103305400.0,0.0,0.0,-0.45
TSLA,2025-12-22 00:00:00-05:00,489.8800048828125,498.8299865722656,485.3299865722656,488.7300109863281,86916100.0,0.0,0.0,1.56
TSLA,2025-12-23 00:00:00-05:00,489.3999938964844,491.9700012207031,482.8399963378906,485.55999755859375,58223600.0,0.0,0.0,-0.65
TSLA,2025-12-24 00:00:00-05:00,488.4800109863281,490.8999938964844,476.79998779296875,485.3999938964844,41285400.0,0.0,0.0,-0.03
TSLA,2025-12-26 00:00:00-05:00,485.2300109863281,489.0899963378906,473.82000732421875,475.19000244140625,58780700.0,0.0,0.0,-2.1
TSLA,2025-12-29 00:00:00-05:00,469.0,469.3999938964844,459.0,459.6400146484375,66263000.0,0.0,0.0,-3.27
TSLA,2025-12-30 00:00:00-05:00,461.0899963378906,463.1199951171875,453.8299865722656,454.42999267578125,59238500.0,0.0,0.0,-1.13
TSLA,2025-12-31 00:00:00-05:00,456.1000061035156,456.54998779296875,449.29998779296875,449.7200012207031,49078000.0,0.0,0.0,-1.04
TSLA,2026-01-02 00:00:00-05:00,457.79998779296875,458.3399963378906,435.29998779296875,438.07000732421875,85535400.0,0.0,0.0,-2.59
TSLA,2026-01-05 00:00:00-05:00,447.989990234375,457.54998779296875,444.57000732421875,451.6700134277344,67940800.0,0.0,0.0,3.1
TSLA,2026-01-06 00:00:00-05:00,446.3800048828125,448.25,428.7799987792969,432.9599914550781,89093800.0,0.0,0.0,-4.14
TSLA,2026-01-07 00:00:00-05:00,435.8999938964844,438.3699951171875,431.2900085449219,431.4100036621094,59828800.0,0.0,0.0,-0.36
TSLA,2026-01-08 00:00:00-05:00,427.8900146484375,436.8900146484375,424.3699951171875,435.79998779296875,57041100.0,0.0,0.0,1.02
TSLA,2026-01-09 00:00:00-05:00,435.95001220703125,449.04998779296875,430.3900146484375,445.010009765625,67331500.0,0.0,0.0,2.11
TSLA,2026-01-12 00:00:00-05:00,441.2300109863281,454.29998779296875,438.0,448.9599914550781,61649600.0,0.0,0.0,0.89
TSLA,2026-01-13 00:00:00-05:00,450.20001220703125,451.80999755859375,443.95001220703125,447.20001220703125,53719200.0,0.0,0.0,-0.39
TSLA,2026-01-14 00:00:00-05:00,442.80999755859375,443.9100036621094,434.2200012207031,439.20001220703125,57259500.0,0.0,0.0,-1.79
TSLA,2026-01-15 00:00:00-05:00,441.1300048828125,445.3599853515625,437.6499938964844,438.57000732421875,49465800.0,0.0,0.0,-0.14
TSLA,2026-01-16 00:00:00-05:00,439.5,447.25,435.260009765625,437.5,60220600.0,0.0,0.0,-0.24
TSLA,2026-01-20 00:00:00-05:00,429.3599853515625,430.7300109863281,417.44000244140625,419.25,63187300.0,0.0,0.0,-4.17
TSLA,2026-01-21 00:00:00-05:00,421.6600036621094,438.20001220703125,419.6199951171875,431.44000244140625,68124000.0,0.0,0.0,2.91
TSLA,2026-01-22 00:00:00-05:00,435.1600036621094,449.5,432.6300048828125,449.3599853515625,71546700.0,0.0,0.0,4.15
TSLA,2026-01-23 00:00:00-05:00,447.42999267578125,452.42999267578125,444.0400085449219,449.05999755859375,56771400.0,0.0,0.0,-0.07
TSLA,2026-01-26 00:00:00-05:00,445.0,445.0400085449219,434.2799987792969,435.20001220703125,49397400.0,0.0,0.0,-3.09
TSLA,2026-01-27 00:00:00-05:00,437.4100036621094,437.5199890136719,430.69000244140625,430.8999938964844,37733100.0,0.0,0.0,-0.99
TSLA,2026-01-28 00:00:00-05:00,431.9100036621094,438.260009765625,430.1000061035156,431.4599914550781,54857400.0,0.0,0.0,0.13
TSLA,2026-01-29 00:00:00-05:00,437.79998779296875,440.2300109863281,414.6199951171875,416.55999755859375,81686100.0,0.0,0.0,-3.45
TSLA,2026-01-30 00:00:00-05:00,425.3500061035156,439.8800048828125,422.70001220703125,430.4100036621094,82626100.0,0.0,0.0,3.32
TSLA,2026-02-02 00:00:00-05:00,421.2900085449219,427.1499938964844,414.5,421.80999755859375,58739500.0,0.0,0.0,-2.0
TSLA,2026-02-03 00:00:00-05:00,424.2699890136719,428.55999755859375,413.69000244140625,421.9599914550781,56886500.0,0.0,0.0,0.04
TSLA,2026-02-04 00:00:00-05:00,420.4599914550781,423.8999938964844,399.17999267578125,406.010009765625,74606900.0,0.0,0.0,-3.78
TSLA,2026-02-05 00:00:00-05:00,397.0199890136719,402.1000061035156,387.5299987792969,397.2099914550781,72819800.0,0.0,0.0,-2.17
TSLA,2026-02-06 00:00:00-05:00,400.8699951171875,414.54998779296875,397.75,411.1099853515625,62677100.0,0.0,0.0,3.5
TSLA,2026-02-09 00:00:00-05:00,409.9100036621094,421.25,407.2900085449219,417.32000732421875,54484300.0,0.0,0.0,1.51
TSLA,2026-02-10 00:00:00-05:00,418.0799865722656,427.25,417.0,425.2099914550781,64450200.0,0.0,0.0,1.89
TSLA,2026-02-11 00:00:00-05:00,427.9599914550781,436.3500061035156,420.0299987792969,428.2699890136719,57362000.0,0.0,0.0,0.72
TSLA,2026-02-12 00:00:00-05:00,430.29998779296875,436.2300109863281,414.0,417.07000732421875,61933400.0,0.0,0.0,-2.62
TSLA,2026-02-13 00:00:00-05:00,414.30999755859375,424.05999755859375,410.8800048828125,417.44000244140625,51434100.0,0.0,0.0,0.09
TSLA,2026-02-17 00:00:00-05:00,412.3599853515625,413.7200012207031,400.510009765625,410.6300048828125,59678800.0,0.0,0.0,-1.63
TSLA,2026-02-18 00:00:00-05:00,411.1099853515625,416.8999938964844,409.5799865722656,411.32000732421875,45921400.0,0.0,0.0,0.17
TSLA,2026-02-19 00:00:00-05:00,407.25,415.25,404.1099853515625,411.7099914550781,51019600.0,0.0,0.0,0.09
TSLA,2026-02-20 00:00:00-05:00,408.29998779296875,414.70001220703125,405.5,411.82000732421875,57912200.0,0.0,0.0,0.03
TSLA,2026-02-23 00:00:00-05:00,407.2900085449219,407.70001220703125,394.0400085449219,399.8299865722656,69680000.0,0.0,0.0,-2.91
TSLA,2026-02-24 00:00:00-05:00,399.5,410.82000732421875,397.6400146484375,409.3800048828125,58579500.0,0.0,0.0,2.39
TSLA,2026-02-25 00:00:00-05:00,412.1499938964844,420.3399963378906,412.1499938964844,417.3999938964844,54809700.0,0.0,0.0,1.96
TSLA,2026-02-26 00:00:00-05:00,414.4200134277344,416.80999755859375,403.6600036621094,408.5799865722656,53602500.0,0.0,0.0,-2.11
TSLA,2026-02-27 00:00:00-05:00,402.94000244140625,407.1199951171875,398.1099853515625,402.510009765625,56890100.0,0.0,0.0,-1.49
TSLA,2026-03-02 00:00:00-05:00,390.6000061035156,404.5400085449219,388.25,403.32000732421875,55088300.0,0.0,0.0,0.2
TSLA,2026-03-03 00:00:00-05:00,395.0899963378906,396.3399963378906,385.3900146484375,392.42999267578125,62617300.0,0.0,0.0,-2.7
TSLA,2026-03-04 00:00:00-05:00,397.8500061035156,408.3299865722656,394.5799865722656,405.94000244140625,68305500.0,0.0,0.0,3.44
TSLA,2026-03-05 00:00:00-05:00,401.57000732421875,408.6199951171875,399.4200134277344,405.54998779296875,51925900.0,0.0,0.0,-0.1
TSLA,2026-03-06 00:00:00-05:00,398.0899963378906,402.3500061035156,394.2099914550781,396.7300109863281,64054600.0,0.0,0.0,-2.17
TSLA,2026-03-09 00:00:00-04:00,390.04998779296875,401.5899963378906,381.3999938964844,398.67999267578125,67018900.0,0.0,0.0,0.49
TSLA,2026-03-10 00:00:00-04:00,402.2200012207031,406.5899963378906,398.19000244140625,399.239990234375,59258700.0,0.0,0.0,0.14
TSLA,2026-03-11 00:00:00-04:00,402.2799987792969,416.3800048828125,402.1499938964844,407.82000732421875,62559900.0,0.0,0.0,2.15
TSLA,2026-03-12 00:00:00-04:00,405.17999267578125,406.5,394.6499938964844,395.010009765625,60973800.0,0.0,0.0,-3.14
TSLA,2026-03-13 00:00:00-04:00,399.1700134277344,400.20001220703125,389.95001220703125,391.20001220703125,58504100.0,0.0,0.0,-0.96
TSLA,2026-03-16 00:00:00-04:00,396.2200012207031,403.7300109863281,394.4200134277344,395.55999755859375,58068300.0,0.0,0.0,1.11
TSLA,2026-03-17 00:00:00-04:00,395.69000244140625,400.1199951171875,393.0,399.2699890136719,46890500.0,0.0,0.0,0.94
TSLA,2026-03-18 00:00:00-04:00,399.0,403.07000732421875,392.30999755859375,392.7799987792969,50853100.0,0.0,0.0,-1.63
TSLA,2026-03-19 00:00:00-04:00,387.2699890136719,387.2699890136719,378.7300109863281,380.29998779296875,67078300.0,0.0,0.0,-3.18
TSLA,2026-03-20 00:00:00-04:00,379.8500061035156,379.8900146484375,364.4599914550781,367.9599914550781,78628600.0,0.0,0.0,-3.24
TSLA,2026-03-23 00:00:00-04:00,373.0899963378906,385.3299865722656,372.7300109863281,380.8500061035156,74606000.0,0.0,0.0,3.5
TSLA,2026-03-24 00:00:00-04:00,376.55999755859375,387.4800109863281,376.30999755859375,383.0299987792969,60004900.0,0.0,0.0,0.57
TSLA,2026-03-25 00:00:00-04:00,389.989990234375,396.2300109863281,385.010009765625,385.95001220703125,55157300.0,0.0,0.0,0.76
TSLA,2026-03-26 00:00:00-04:00,381.6000061035156,384.44000244140625,371.8699951171875,372.1099853515625,55522900.0,0.0,0.0,-3.59
TSLA,2026-03-27 00:00:00-04:00,369.69000244140625,369.8599853515625,359.4700012207031,361.8299865722656,62065700.0,0.0,0.0,-2.76
TSLA,2026-03-30 00:00:00-04:00,365.8599853515625,367.2900085449219,352.1400146484375,355.2799987792969,67954400.0,0.0,0.0,-1.81
TSLA,2026-03-31 00:00:00-04:00,361.510009765625,373.3299865722656,361.0,371.75,75534900.0,0.0,0.0,4.64
TSLA,2026-04-01 00:00:00-04:00,378.6300048828125,383.1400146484375,374.0799865722656,381.260009765625,58683800.0,0.0,0.0,2.56
TSLA,2026-04-02 00:00:00-04:00,364.20001220703125,370.2799987792969,359.0299987792969,360.5899963378906,83031200.0,0.0,0.0,-5.42
TSLA,2026-04-06 00:00:00-04:00,362.5899963378906,367.7200012207031,346.6400146484375,352.82000732421875,77697600.0,0.0,0.0,-2.15
TSLA,2026-04-07 00:00:00-04:00,346.44000244140625,348.0199890136719,337.239990234375,346.6499938964844,74515400.0,0.0,0.0,-1.75
TSLA,2026-04-08 00:00:00-04:00,363.7900085449219,364.5,339.6700134277344,343.25,78838600.0,0.0,0.0,-0.98
TSLA,2026-04-09 00:00:00-04:00,343.1499938964844,348.8800048828125,337.25,345.6199951171875,62164000.0,0.0,0.0,0.69
TSLA,2026-04-10 00:00:00-04:00,346.2900085449219,350.3599853515625,342.739990234375,348.95001220703125,51336000.0,0.0,0.0,0.96
TSLA,2026-04-13 00:00:00-04:00,350.07000732421875,356.3500061035156,348.57000732421875,352.4200134277344,53617500.0,0.0,0.0,0.99
TSLA,2026-04-14 00:00:00-04:00,357.6700134277344,367.6300048828125,354.7699890136719,364.20001220703125,59979600.0,0.0,0.0,3.34
TSLA,2026-04-15 00:00:00-04:00,366.8299865722656,394.6499938964844,362.5,391.95001220703125,113810400.0,0.0,0.0,7.62
TSLA,2026-04-16 00:00:00-04:00,393.80999755859375,394.05999755859375,381.79998779296875,388.8999938964844,63515100.0,0.0,0.0,-0.78
TSLA,2026-04-17 00:00:00-04:00,395.9200134277344,409.2799987792969,391.6499938964844,400.6199951171875,90640000.0,0.0,0.0,3.01
TSLA,2026-04-20 00:00:00-04:00,402.5799865722656,406.79998779296875,388.3299865722656,392.5,64603900.0,0.0,0.0,-2.03
TSLA,2026-04-21 00:00:00-04:00,393.0,393.95001220703125,385.2200012207031,386.4200134277344,50530600.0,0.0,0.0,-1.55
TSLA,2026-04-22 00:00:00-04:00,387.57000732421875,393.010009765625,385.29998779296875,387.510009765625,62362800.0,0.0,0.0,0.28
TSLA,2026-04-23 00:00:00-04:00,375.2799987792969,386.0,368.3900146484375,373.7200012207031,93969500.0,0.0,0.0,-3.56
TSLA,2026-04-24 00:00:00-04:00,373.5,382.760009765625,370.7300109863281,376.29998779296875,62893300.0,0.0,0.0,0.69
TSLA,2026-04-27 00:00:00-04:00,372.0899963378906,380.7799987792969,364.0199890136719,378.6700134277344,66735800.0,0.0,0.0,0.63
TSLA,2026-04-28 00:00:00-04:00,374.67999267578125,382.2900085449219,372.5400085449219,376.0199890136719,50864400.0,0.0,0.0,-0.7
TSLA,2026-04-29 00:00:00-04:00,375.3999938964844,376.3999938964844,370.0400085449219,372.79998779296875,45384800.0,0.0,0.0,-0.86
TSLA,2026-04-30 00:00:00-04:00,372.75,384.75,368.1700134277344,381.6300048828125,51076000.0,0.0,0.0,2.37
TSLA,2026-05-01 00:00:00-04:00,382.489990234375,397.82000732421875,378.79998779296875,390.82000732421875,65338300.0,0.0,0.0,2.41
TSLA,2026-05-04 00:00:00-04:00,390.2300109863281,394.6400146484375,384.79998779296875,392.510009765625,48765100.0,0.0,0.0,0.43
TSLA,2026-05-05 00:00:00-04:00,395.19000244140625,402.1199951171875,389.0,389.3699951171875,47780600.0,0.0,0.0,-0.8
TSLA,2026-05-06 00:00:00-04:00,386.25,401.67999267578125,384.0199890136719,398.7300109863281,53465400.0,0.0,0.0,2.4
TSLA,2026-05-07 00:00:00-04:00,407.4800109863281,415.8299865722656,402.1199951171875,411.7900085449219,64294200.0,0.0,0.0,3.28
TSLA,2026-05-08 00:00:00-04:00,416.4800109863281,431.20001220703125,416.3900146484375,428.3500061035156,65050000.0,0.0,0.0,4.02
TSLA,2026-05-11 00:00:00-04:00,422.1600036621094,449.1600036621094,416.79998779296875,445.0,78376100.0,0.0,0.0,3.89
TSLA,2026-05-12 00:00:00-04:00,441.4100036621094,447.79998779296875,422.260009765625,433.45001220703125,60569300.0,0.0,0.0,-2.6
TSLA,2026-05-13 00:00:00-04:00,436.6700134277344,453.3999938964844,430.2099914550781,445.2699890136719,68283200.0,0.0,0.0,2.73
TSLA,2026-05-14 00:00:00-04:00,446.489990234375,451.9800109863281,441.1600036621094,443.29998779296875,46070400.0,0.0,0.0,-0.44
TSLA,2026-05-15 00:00:00-04:00,433.9800109863281,434.6600036621094,422.0,422.239990234375,52688700.0,0.0,0.0,-4.75
TSLA,2026-05-18 00:00:00-04:00,419.2699890136719,421.1300048828125,405.3299865722656,409.989990234375,52474200.0,0.0,0.0,-2.9
TSLA,2026-05-19 00:00:00-04:00,403.1600036621094,405.6300048828125,393.6300048828125,404.1099853515625,46500600.0,0.0,0.0,-1.43
TSLA,2026-05-20 00:00:00-04:00,407.6000061035156,417.4599914550781,406.3900146484375,417.260009765625,45294700.0,0.0,0.0,3.25
TSLA,2026-05-21 00:00:00-04:00,422.17999267578125,426.95001220703125,412.8999938964844,417.8500061035156,42636900.0,0.0,0.0,0.14
TSLA,2026-05-22 00:00:00-04:00,422.6700134277344,431.510009765625,420.510009765625,426.010009765625,46104700.0,0.0,0.0,1.95
TSLA,2026-05-26 00:00:00-04:00,430.260009765625,435.20001220703125,426.1199951171875,433.5899963378906,45658900.0,0.0,0.0,1.78
TSLA,2026-05-27 00:00:00-04:00,442.8900146484375,445.6000061035156,435.5199890136719,440.3599853515625,44656500.0,0.0,0.0,1.56
TSLA,2026-05-28 00:00:00-04:00,437.6199951171875,443.9599914550781,436.29998779296875,442.1000061035156,32435000.0,0.0,0.0,0.4
TSLA,2026-05-29 00:00:00-04:00,439.8500061035156,441.07000732421875,428.1400146484375,435.7900085449219,45176800.0,0.0,0.0,-1.43
TSLA,2026-06-01 00:00:00-04:00,427.489990234375,429.6000061035156,415.42999267578125,415.8800048828125,44937900.0,0.0,0.0,-4.57
TSLA,2026-06-02 00:00:00-04:00,418.2200012207031,424.4200134277344,413.6499938964844,423.739990234375,37596000.0,0.0,0.0,1.89
TSLA,2026-06-03 00:00:00-04:00,418.70001220703125,433.6000061035156,416.0,423.70001220703125,44500700.0,0.0,0.0,-0.01
TSLA,2026-06-04 00:00:00-04:00,419.8399963378906,426.3500061035156,417.1600036621094,418.45001220703125,35323300.0,0.0,0.0,-1.24
TSLA,2026-06-05 00:00:00-04:00,420.5,424.67999267578125,388.5899963378906,391.0,63420200.0,0.0,0.0,-6.56
TSLA,2026-06-08 00:00:00-04:00,396.3299865722656,412.94000244140625,394.7200012207031,408.95001220703125,50328800.0,0.0,0.0,4.59
TSLA,2026-06-09 00:00:00-04:00,411.0299987792969,418.5,384.239990234375,396.67999267578125,59940200.0,0.0,0.0,-3.0
TSLA,2026-06-10 00:00:00-04:00,391.5400085449219,397.0899963378906,380.1499938964844,381.5899963378906,49695600.0,0.0,0.0,-3.8
TSLA,2026-06-11 00:00:00-04:00,388.2799987792969,399.5400085449219,380.6600036621094,399.1499938964844,45324300.0,0.0,0.0,4.6
TSLA,2026-06-12 00:00:00-04:00,399.489990234375,406.67999267578125,386.760009765625,406.42999267578125,63514500.0,0.0,0.0,1.82
TSLA,2026-06-15 00:00:00-04:00,412.3699951171875,416.0,407.1000061035156,411.1499938964844,45620500.0,0.0,0.0,1.16
TSLA,2026-06-16 00:00:00-04:00,404.1099853515625,412.4200134277344,400.5400085449219,404.6600036621094,40255500.0,0.0,0.0,-1.58
TSLA,2026-06-17 00:00:00-04:00,401.5299987792969,405.94000244140625,393.760009765625,396.3800048828125,43534300.0,0.0,0.0,-2.05
TSLA,2026-06-18 00:00:00-04:00,398.1000061035156,402.5199890136719,384.70001220703125,400.489990234375,58384700.0,0.0,0.0,1.04
TSLA,2026-06-22 00:00:00-04:00,394.8500061035156,414.75,394.3999938964844,405.04998779296875,47819500.0,0.0,0.0,1.14
TSLA,2026-06-23 00:00:00-04:00,392.6099853515625,392.8699951171875,379.05999755859375,381.6099853515625,50420200.0,0.0,0.0,-5.79
TSLA,2026-06-24 00:00:00-04:00,380.0799865722656,384.5799865722656,373.04998779296875,375.5299987792969,37081400.0,0.0,0.0,-1.59
TSLA,2026-06-25 00:00:00-04:00,375.2699890136719,379.1199951171875,371.2200012207031,375.1199951171875,30138800.0,0.0,0.0,-0.11
TSLA,2026-06-26 00:00:00-04:00,370.1499938964844,387.79998779296875,368.6000061035156,379.7099914550781,53434100.0,0.0,0.0,1.22
TSLA,2026-06-29 00:00:00-04:00,381.7900085449219,413.2699890136719,379.29998779296875,411.8399963378906,57645800.0,0.0,0.0,8.46
TSLA,2026-06-30 00:00:00-04:00,406.0,424.5400085449219,406.0,420.6000061035156,43385600.0,0.0,0.0,2.13
TSLA,2026-07-01 00:00:00-04:00,421.4599914550781,432.8599853515625,418.0899963378906,425.29998779296875,40127900.0,0.0,0.0,1.12
TSLA,2026-07-02 00:00:00-04:00,428.010009765625,432.3500061035156,389.29998779296875,393.45001220703125,73717700.0,0.0,0.0,-7.49
TSLA,2026-07-06 00:00:00-04:00,397.5,420.0,390.5,419.7699890136719,54727900.0,0.0,0.0,6.69
TSLA,2026-07-07 00:00:00-04:00,416.9599914550781,419.55999755859375,401.8800048828125,402.8999938964844,38149900.0,0.0,0.0,-4.02
TSLA,2026-07-08 00:00:00-04:00,399.3800048828125,399.6300048828125,390.510009765625,394.05999755859375,33844900.0,0.0,0.0,-2.19
TSLA,2026-07-09 00:00:00-04:00,393.989990234375,407.8599853515625,390.8599853515625,406.54998779296875,37835000.0,0.0,0.0,3.17
TSLA,2026-07-10 00:00:00-04:00,410.489990234375,413.1600036621094,402.80999755859375,407.760009765625,33410000.0,0.0,0.0,0.3
TSLA,2026-07-13 00:00:00-04:00,404.6099853515625,405.57000732421875,391.3699951171875,394.760009765625,32809200.0,0.0,0.0,-3.19
TSLA,2026-07-14 00:00:00-04:00,399.04998779296875,402.2200012207031,394.760009765625,396.17999267578125,23385000.0,0.0,0.0,0.36
TSLA,2026-07-15 00:00:00-04:00,399.3999938964844,406.5899963378906,390.6600036621094,394.4599914550781,31549800.0,0.0,0.0,-0.43
TSLA,2026-07-16 00:00:00-04:00,392.3500061035156,395.30999755859375,385.32000732421875,391.05999755859375,29269100.0,0.0,0.0,-0.86
TSLA,2026-07-17 00:00:00-04:00,381.7799987792969,385.69000244140625,377.2200012207031,380.8399963378906,31394600.0,0.0,0.0,-2.61
TSLA,2026-07-20 00:00:00-04:00,386.04998779296875,386.6099853515625,369.42999267578125,369.57000732421875,33901500.0,0.0,0.0,-2.96
TSLA,2026-07-21 00:00:00-04:00,371.1700134277344,384.07000732421875,369.9800109863281,378.92999267578125,32735300.0,0.0,0.0,2.53
TSLA,2026-07-22 00:00:00-04:00,375.5299987792969,380.1700134277344,372.8999938964844,374.010009765625,30646100.0,0.0,0.0,-1.3
TSLA,2026-07-23 00:00:00-04:00,341.0,342.1099853515625,315.739990234375,319.69000244140625,115606400.0,0.0,0.0,-14.52
TSLA,2026-07-24 00:00:00-04:00,320.7200012207031,322.9599914550781,306.510009765625,313.0299987792969,62760000.0,0.0,0.0,-2.08
TSLA,2026-07-27 00:00:00-04:00,313.239990234375,317.0,304.2799987792969,309.2200012207031,44919400.0,0.0,0.0,-1.22
TSLA,2026-07-28 00:00:00-04:00,305.92999267578125,311.1600036621094,300.69000244140625,307.44000244140625,39802400.0,0.0,0.0,-0.58
TSLA,2026-07-29 00:00:00-04:00,307.1400146484375,309.05999755859375,297.3800048828125,298.32000732421875,39478000.0,0.0,0.0,-2.97
TSLA,2026-07-30 00:00:00-04:00,302.70001220703125,310.8699951171875,301.3299865722656,308.8500061035156,38005400.0,0.0,0.0,3.53
TSLA,2026-07-31 00:00:00-04:00,309.69000244140625,315.5,301.9700012207031,311.2099914550781,36630600.0,0.0,0.0,0.76
TSLA,2026-08-03 00:00:00-04:00,310.9599914550781,324.6499938964844,310.42999267578125,322.0799865722656,38281400.0,0.0,0.0,3.49
TSLA,2026-08-04 00:00:00-04:00,324.0,329.57000732421875,320.7900085449219,327.3500061035156,33318300.0,0.0,0.0,1.64
TSLA,2026-08-05 00:00:00-04:00,323.4200134277344,327.1400146484375,320.2799987792969,321.54998779296875,27820800.0,0.0,0.0,-1.77
TSLA,2026-08-06 00:00:00-04:00,317.04998779296875,323.0,315.5199890136719,319.5299987792969,26033800.0,0.0,0.0,-0.63
TSLA,2026-08-07 00:00:00-04:00,322.3399963378906,333.7300109863281,321.25,328.5799865722656,39492300.0,0.0,0.0,2.83
TSLA,2026-08-10 00:00:00-04:00,326.6000061035156,332.04998779296875,326.1499938964844,330.8800048828125,25003800.0,0.0,0.0,0.7
TSLA,2026-08-11 00:00:00-04:00,332.79998779296875,336.20001220703125,329.5299987792969,332.80999755859375,23345200.0,0.0,0.0,0.58
TSLA,2026-08-12 00:00:00-04:00,335.0,335.5,323.6400146484375,327.510009765625,28698900.0,0.0,0.0,-1.59
TSLA,2026-08-13 00:00:00-04:00,327.20001220703125,341.6400146484375,325.239990234375,339.9599914550781,34708300.0,0.0,0.0,3.8
TSLA,2026-08-14 00:00:00-04:00,342.3299865722656,351.260009765625,335.3299865722656,342.2699890136719,45437100.0,0.0,0.0,0.68
TSLA,2026-08-17 00:00:00-04:00,340.69000244140625,345.45001220703125,337.4800109863281,339.29998779296875,26037100.0,0.0,0.0,-0.87
TSLA,2026-08-18 00:00:00-04:00,333.2200012207031,340.5299987792969,331.1199951171875,336.8699951171875,27994500.0,0.0,0.0,-0.72
TSLA,2026-08-19 00:00:00-04:00,338.8900146484375,351.6199951171875,335.70001220703125,351.1199951171875,36735400.0,0.0,0.0,4.23
TSLA,2026-08-20 00:00:00-04:00,346.20001220703125,347.5,338.9599914550781,345.1300048828125,30766400.0,0.0,0.0,-1.71
TSLA,2026-08-21 00:00:00-04:00,349.8800048828125,366.5,346.8999938964844,362.8599853515625,59224000.0,0.0,0.0,5.14
TSLA,2026-08-24 00:00:00-04:00,361.4100036621094,363.239990234375,348.260009765625,348.95001220703125,39190500.0,0.0,0.0,-3.83
TSLA,2026-08-25 00:00:00-04:00,349.5799865722656,357.0,349.20001220703125,350.25,29816700.0,0.0,0.0,0.37
TSLA,2026-08-26 00:00:00-04:00,345.2699890136719,351.92999267578125,342.5299987792969,345.82000732421875,28573000.0,0.0,0.0,-1.26
TSLA,2026-08-27 00:00:00-04:00,346.1600036621094,355.739990234375,345.45001220703125,354.80999755859375,30136200.0,0.0,0.0,2.6
TSLA,2026-08-28 00:00:00-04:00,357.1000061035156,358.79998779296875,345.20001220703125,348.75,32972200.0,0.0,0.0,-1.71
TSLA,2026-08-31 00:00:00-04:00,347.2099914550781,368.9200134277344,347.1499938964844,367.95001220703125,61732300.0,0.0,0.0,5.51
TSLA,2026-09-01 00:00:00-04:00,360.8999938964844,362.70001220703125,352.9599914550781,356.0899963378906,36193900.0,0.0,0.0,-3.22
TSLA,2026-09-02 00:00:00-04:00,360.4100036621094,360.6199951171875,349.9200134277344,357.010009765625,33951900.0,0.0,0.0,0.26
TSLA,2026-09-03 00:00:00-04:00,365.82000732421875,384.0400085449219,365.82000732421875,376.3699951171875,63601000.0,0.0,0.0,5.42
TSLA,2026-09-04 00:00:00-04:00,362.07000732421875,364.69000244140625,351.32000732421875,354.0799865722656,64829000.0,0.0,0.0,-5.92
